datetime,PVPC,Compensation
2025-01-01 00:00:00,0.2411,0.1409
2025-01-01 01:00:00,0.2938,0.1399
2025-01-01 02:00:00,0.3038,0.1479
2025-01-01 03:00:00,0.2895,0.1164
2025-01-01 04:00:00,0.3039,0.1207
2025-01-01 05:00:00,0.3155,0.1144
2025-01-01 06:00:00,0.2579,0.0949
2025-01-01 07:00:00,0.2513,0.0785
2025-01-01 08:00:00,0.2085,0.0917
2025-01-01 09:00:00,0.2436,0.0875
2025-01-01 10:00:00,0.2099,0.107
2025-01-01 11:00:00,0.193,0.1004
2025-01-01 12:00:00,0.1526,0.1202
2025-01-01 13:00:00,0.1945,0.1269
2025-01-01 14:00:00,0.1947,0.1167
2025-01-01 15:00:00,0.1857,0.1325
2025-01-01 16:00:00,0.2015,0.1418
2025-01-01 17:00:00,0.2321,0.1641
2025-01-01 18:00:00,0.2306,0.1499
2025-01-01 19:00:00,0.2049,0.1729
2025-01-01 20:00:00,0.2554,0.1634
2025-01-01 21:00:00,0.2483,0.1699
2025-01-01 22:00:00,0.2329,0.1554
2025-01-01 23:00:00,0.2904,0.158
2025-01-02 00:00:00,0.2551,0.1487
2025-01-02 01:00:00,0.2754,0.1208
2025-01-02 02:00:00,0.3309,0.1182
2025-01-02 03:00:00,0.2642,0.144
2025-01-02 04:00:00,0.2759,0.1067
2025-01-02 05:00:00,0.2792,0.1099
2025-01-02 06:00:00,0.2614,0.1004
2025-01-02 07:00:00,0.2127,0.1052
2025-01-02 08:00:00,0.214,0.1023
2025-01-02 09:00:00,0.2184,0.0927
2025-01-02 10:00:00,0.1956,0.1045
2025-01-02 11:00:00,0.2122,0.122
2025-01-02 12:00:00,0.1686,0.1167
2025-01-02 13:00:00,0.1914,0.1205
2025-01-02 14:00:00,0.1989,0.1305
2025-01-02 15:00:00,0.1804,0.1355
2025-01-02 16:00:00,0.1861,0.146
2025-01-02 17:00:00,0.2022,0.1538
2025-01-02 18:00:00,0.1728,0.1575
2025-01-02 19:00:00,0.2404,0.1635
2025-01-02 20:00:00,0.2699,0.1545
2025-01-02 21:00:00,0.2701,0.1576
2025-01-02 22:00:00,0.3043,0.1749
2025-01-02 23:00:00,0.2312,0.1551
2025-01-03 00:00:00,0.2968,0.154
2025-01-03 01:00:00,0.302,0.1352
2025-01-03 02:00:00,0.3138,0.1172
2025-01-03 03:00:00,0.2872,0.1309
2025-01-03 04:00:00,0.3262,0.123
2025-01-03 05:00:00,0.2863,0.1138
2025-01-03 06:00:00,0.264,0.1032
2025-01-03 07:00:00,0.2141,0.0946
2025-01-03 08:00:00,0.2416,0.0771
2025-01-03 09:00:00,0.2453,0.115
2025-01-03 10:00:00,0.2118,0.0831
2025-01-03 11:00:00,0.253,0.1224
2025-01-03 12:00:00,0.1771,0.1191
2025-01-03 13:00:00,0.1794,0.1231
2025-01-03 14:00:00,0.2256,0.1266
2025-01-03 15:00:00,0.1978,0.1363
2025-01-03 16:00:00,0.1755,0.1401
2025-01-03 17:00:00,0.1842,0.1355
2025-01-03 18:00:00,0.2046,0.1418
2025-01-03 19:00:00,0.2076,0.1512
2025-01-03 20:00:00,0.2091,0.1648
2025-01-03 21:00:00,0.2291,0.1721
2025-01-03 22:00:00,0.2537,0.142
2025-01-03 23:00:00,0.2751,0.1609
2025-01-04 00:00:00,0.2977,0.1492
2025-01-04 01:00:00,0.3181,0.1427
2025-01-04 02:00:00,0.2782,0.1317
2025-01-04 03:00:00,0.3272,0.122
2025-01-04 04:00:00,0.2554,0.1025
2025-01-04 05:00:00,0.2389,0.1127
2025-01-04 06:00:00,0.2702,0.1028
2025-01-04 07:00:00,0.2728,0.0951
2025-01-04 08:00:00,0.2549,0.0825
2025-01-04 09:00:00,0.2077,0.101
2025-01-04 10:00:00,0.2133,0.1168
2025-01-04 11:00:00,0.2211,0.1085
2025-01-04 12:00:00,0.1805,0.1252
2025-01-04 13:00:00,0.2024,0.1302
2025-01-04 14:00:00,0.1899,0.1236
2025-01-04 15:00:00,0.1868,0.1454
2025-01-04 16:00:00,0.2144,0.1497
2025-01-04 17:00:00,0.2107,0.1572
2025-01-04 18:00:00,0.2209,0.1726
2025-01-04 19:00:00,0.212,0.1526
2025-01-04 20:00:00,0.2415,0.1716
2025-01-04 21:00:00,0.2952,0.1448
2025-01-04 22:00:00,0.2508,0.1456
2025-01-04 23:00:00,0.2813,0.167
2025-01-05 00:00:00,0.2989,0.1327
2025-01-05 01:00:00,0.2884,0.144
2025-01-05 02:00:00,0.2776,0.1181
2025-01-05 03:00:00,0.3072,0.1303
2025-01-05 04:00:00,0.2698,0.122
2025-01-05 05:00:00,0.2798,0.1067
2025-01-05 06:00:00,0.2529,0.0869
2025-01-05 07:00:00,0.2488,0.1133
2025-01-05 08:00:00,0.2165,0.0976
2025-01-05 09:00:00,0.2539,0.1209
2025-01-05 10:00:00,0.1957,0.094
2025-01-05 11:00:00,0.1846,0.1127
2025-01-05 12:00:00,0.1953,0.107
2025-01-05 13:00:00,0.2082,0.1424
2025-01-05 14:00:00,0.1571,0.1255
2025-01-05 15:00:00,0.1826,0.1409
2025-01-05 16:00:00,0.196,0.1536
2025-01-05 17:00:00,0.1856,0.1583
2025-01-05 18:00:00,0.2305,0.1677
2025-01-05 19:00:00,0.2634,0.1518
2025-01-05 20:00:00,0.249,0.1831
2025-01-05 21:00:00,0.2421,0.1626
2025-01-05 22:00:00,0.2771,0.1537
2025-01-05 23:00:00,0.2821,0.1403
2025-01-06 00:00:00,0.3042,0.1459
2025-01-06 01:00:00,0.2695,0.1432
2025-01-06 02:00:00,0.2903,0.1299
2025-01-06 03:00:00,0.2725,0.1196
2025-01-06 04:00:00,0.2893,0.126
2025-01-06 05:00:00,0.2709,0.1117
2025-01-06 06:00:00,0.266,0.0824
2025-01-06 07:00:00,0.2745,0.0967
2025-01-06 08:00:00,0.2658,0.0952
2025-01-06 09:00:00,0.2326,0.0873
2025-01-06 10:00:00,0.2545,0.1127
2025-01-06 11:00:00,0.1738,0.1001
2025-01-06 12:00:00,0.1658,0.1295
2025-01-06 13:00:00,0.1907,0.1299
2025-01-06 14:00:00,0.1785,0.14
2025-01-06 15:00:00,0.2059,0.1305
2025-01-06 16:00:00,0.1797,0.1393
2025-01-06 17:00:00,0.1736,0.1622
2025-01-06 18:00:00,0.2234,0.1578
2025-01-06 19:00:00,0.2413,0.1527
2025-01-06 20:00:00,0.1919,0.1655
2025-01-06 21:00:00,0.2898,0.1694
2025-01-06 22:00:00,0.2816,0.1563
2025-01-06 23:00:00,0.2851,0.1604
2025-01-07 00:00:00,0.2907,0.1687
2025-01-07 01:00:00,0.3026,0.1445
2025-01-07 02:00:00,0.3052,0.1482
2025-01-07 03:00:00,0.278,0.1354
2025-01-07 04:00:00,0.2951,0.0904
2025-01-07 05:00:00,0.2965,0.0957
2025-01-07 06:00:00,0.2696,0.1044
2025-01-07 07:00:00,0.227,0.0932
2025-01-07 08:00:00,0.2169,0.1051
2025-01-07 09:00:00,0.2432,0.1018
2025-01-07 10:00:00,0.1992,0.0975
2025-01-07 11:00:00,0.2071,0.1045
2025-01-07 12:00:00,0.1798,0.1188
2025-01-07 13:00:00,0.1875,0.1064
2025-01-07 14:00:00,0.1791,0.1306
2025-01-07 15:00:00,0.1837,0.1294
2025-01-07 16:00:00,0.1832,0.126
2025-01-07 17:00:00,0.1774,0.1595
2025-01-07 18:00:00,0.1627,0.1408
2025-01-07 19:00:00,0.2015,0.1432
2025-01-07 20:00:00,0.2647,0.1484
2025-01-07 21:00:00,0.2531,0.1699
2025-01-07 22:00:00,0.2478,0.1492
2025-01-07 23:00:00,0.3176,0.157
2025-01-08 00:00:00,0.295,0.1408
2025-01-08 01:00:00,0.3042,0.1582
2025-01-08 02:00:00,0.2981,0.1266
2025-01-08 03:00:00,0.2894,0.1263
2025-01-08 04:00:00,0.2714,0.1202
2025-01-08 05:00:00,0.3175,0.103
2025-01-08 06:00:00,0.2906,0.0793
2025-01-08 07:00:00,0.264,0.101
2025-01-08 08:00:00,0.2079,0.1109
2025-01-08 09:00:00,0.2163,0.0949
2025-01-08 10:00:00,0.2172,0.0851
2025-01-08 11:00:00,0.1747,0.1002
2025-01-08 12:00:00,0.2129,0.1169
2025-01-08 13:00:00,0.186,0.12
2025-01-08 14:00:00,0.1683,0.1363
2025-01-08 15:00:00,0.1804,0.134
2025-01-08 16:00:00,0.1995,0.1512
2025-01-08 17:00:00,0.2304,0.1402
2025-01-08 18:00:00,0.1955,0.152
2025-01-08 19:00:00,0.2157,0.1607
2025-01-08 20:00:00,0.2301,0.1567
2025-01-08 21:00:00,0.2694,0.1651
2025-01-08 22:00:00,0.2386,0.1554
2025-01-08 23:00:00,0.2837,0.1602
2025-01-09 00:00:00,0.2492,0.1467
2025-01-09 01:00:00,0.2709,0.1421
2025-01-09 02:00:00,0.2915,0.1304
2025-01-09 03:00:00,0.314,0.1156
2025-01-09 04:00:00,0.2796,0.1155
2025-01-09 05:00:00,0.2754,0.0885
2025-01-09 06:00:00,0.2845,0.0983
2025-01-09 07:00:00,0.2484,0.0966
2025-01-09 08:00:00,0.208,0.1019
2025-01-09 09:00:00,0.2543,0.0977
2025-01-09 10:00:00,0.201,0.1079
2025-01-09 11:00:00,0.1937,0.1216
2025-01-09 12:00:00,0.1812,0.1156
2025-01-09 13:00:00,0.1671,0.1201
2025-01-09 14:00:00,0.1916,0.1166
2025-01-09 15:00:00,0.1586,0.1324
2025-01-09 16:00:00,0.2157,0.1551
2025-01-09 17:00:00,0.1873,0.1445
2025-01-09 18:00:00,0.2328,0.1539
2025-01-09 19:00:00,0.1774,0.1753
2025-01-09 20:00:00,0.2258,0.1601
2025-01-09 21:00:00,0.2498,0.1712
2025-01-09 22:00:00,0.2483,0.1626
2025-01-09 23:00:00,0.2633,0.1522
2025-01-10 00:00:00,0.2977,0.1246
2025-01-10 01:00:00,0.2968,0.149
2025-01-10 02:00:00,0.3098,0.1328
2025-01-10 03:00:00,0.3243,0.1048
2025-01-10 04:00:00,0.3261,0.1038
2025-01-10 05:00:00,0.2955,0.0928
2025-01-10 06:00:00,0.2744,0.0949
2025-01-10 07:00:00,0.2531,0.0858
2025-01-10 08:00:00,0.2535,0.1084
2025-01-10 09:00:00,0.2127,0.0993
2025-01-10 10:00:00,0.207,0.1033
2025-01-10 11:00:00,0.2098,0.1169
2025-01-10 12:00:00,0.2074,0.1103
2025-01-10 13:00:00,0.1573,0.128
2025-01-10 14:00:00,0.1776,0.1322
2025-01-10 15:00:00,0.1781,0.1502
2025-01-10 16:00:00,0.1799,0.1466
2025-01-10 17:00:00,0.1998,0.1486
2025-01-10 18:00:00,0.2342,0.1668
2025-01-10 19:00:00,0.2051,0.1548
2025-01-10 20:00:00,0.2431,0.1457
2025-01-10 21:00:00,0.2632,0.1567
2025-01-10 22:00:00,0.3089,0.147
2025-01-10 23:00:00,0.2692,0.1628
2025-01-11 00:00:00,0.3119,0.1395
2025-01-11 01:00:00,0.2971,0.1418
2025-01-11 02:00:00,0.3145,0.1435
2025-01-11 03:00:00,0.3082,0.1272
2025-01-11 04:00:00,0.3144,0.1217
2025-01-11 05:00:00,0.3464,0.1082
2025-01-11 06:00:00,0.2978,0.0801
2025-01-11 07:00:00,0.2673,0.0779
2025-01-11 08:00:00,0.2424,0.0924
2025-01-11 09:00:00,0.226,0.0836
2025-01-11 10:00:00,0.207,0.1068
2025-01-11 11:00:00,0.226,0.1209
2025-01-11 12:00:00,0.2171,0.1249
2025-01-11 13:00:00,0.2047,0.1252
2025-01-11 14:00:00,0.1946,0.1083
2025-01-11 15:00:00,0.1751,0.1432
2025-01-11 16:00:00,0.197,0.1412
2025-01-11 17:00:00,0.1412,0.1566
2025-01-11 18:00:00,0.2217,0.1624
2025-01-11 19:00:00,0.2135,0.1585
2025-01-11 20:00:00,0.2648,0.1717
2025-01-11 21:00:00,0.2802,0.1824
2025-01-11 22:00:00,0.287,0.1607
2025-01-11 23:00:00,0.3041,0.1514
2025-01-12 00:00:00,0.2515,0.1521
2025-01-12 01:00:00,0.3025,0.1335
2025-01-12 02:00:00,0.3136,0.1101
2025-01-12 03:00:00,0.3256,0.1101
2025-01-12 04:00:00,0.2891,0.1034
2025-01-12 05:00:00,0.2828,0.1019
2025-01-12 06:00:00,0.3066,0.1016
2025-01-12 07:00:00,0.2324,0.0986
2025-01-12 08:00:00,0.247,0.0848
2025-01-12 09:00:00,0.2499,0.0814
2025-01-12 10:00:00,0.2282,0.1094
2025-01-12 11:00:00,0.1764,0.1044
2025-01-12 12:00:00,0.2124,0.1117
2025-01-12 13:00:00,0.1871,0.1317
2025-01-12 14:00:00,0.1692,0.1348
2025-01-12 15:00:00,0.1889,0.1235
2025-01-12 16:00:00,0.1842,0.1506
2025-01-12 17:00:00,0.1727,0.1675
2025-01-12 18:00:00,0.2144,0.1541
2025-01-12 19:00:00,0.1933,0.1376
2025-01-12 20:00:00,0.2487,0.1625
2025-01-12 21:00:00,0.2207,0.1439
2025-01-12 22:00:00,0.2629,0.1603
2025-01-12 23:00:00,0.2424,0.1412
2025-01-13 00:00:00,0.2995,0.1483
2025-01-13 01:00:00,0.3205,0.1408
2025-01-13 02:00:00,0.3062,0.1138
2025-01-13 03:00:00,0.3079,0.1136
2025-01-13 04:00:00,0.285,0.1137
2025-01-13 05:00:00,0.2687,0.1168
2025-01-13 06:00:00,0.2624,0.1066
2025-01-13 07:00:00,0.2167,0.0865
2025-01-13 08:00:00,0.2144,0.1077
2025-01-13 09:00:00,0.2079,0.0871
2025-01-13 10:00:00,0.1969,0.0979
2025-01-13 11:00:00,0.1766,0.1106
2025-01-13 12:00:00,0.1762,0.123
2025-01-13 13:00:00,0.1684,0.1139
2025-01-13 14:00:00,0.1679,0.1416
2025-01-13 15:00:00,0.1838,0.1513
2025-01-13 16:00:00,0.191,0.1289
2025-01-13 17:00:00,0.1666,0.1447
2025-01-13 18:00:00,0.2199,0.1548
2025-01-13 19:00:00,0.2327,0.1477
2025-01-13 20:00:00,0.2212,0.1671
2025-01-13 21:00:00,0.2642,0.1475
2025-01-13 22:00:00,0.2866,0.1494
2025-01-13 23:00:00,0.2729,0.1451
2025-01-14 00:00:00,0.2538,0.1382
2025-01-14 01:00:00,0.2833,0.135
2025-01-14 02:00:00,0.2817,0.1241
2025-01-14 03:00:00,0.2919,0.1116
2025-01-14 04:00:00,0.2644,0.1199
2025-01-14 05:00:00,0.2688,0.1157
2025-01-14 06:00:00,0.2678,0.1032
2025-01-14 07:00:00,0.2708,0.0935
2025-01-14 08:00:00,0.2268,0.0825
2025-01-14 09:00:00,0.2329,0.0925
2025-01-14 10:00:00,0.1931,0.1054
2025-01-14 11:00:00,0.1759,0.1081
2025-01-14 12:00:00,0.2219,0.1201
2025-01-14 13:00:00,0.1509,0.1384
2025-01-14 14:00:00,0.1965,0.1187
2025-01-14 15:00:00,0.2022,0.1442
2025-01-14 16:00:00,0.1934,0.1354
2025-01-14 17:00:00,0.1638,0.159
2025-01-14 18:00:00,0.2037,0.157
2025-01-14 19:00:00,0.211,0.1728
2025-01-14 20:00:00,0.2284,0.1729
2025-01-14 21:00:00,0.2392,0.1828
2025-01-14 22:00:00,0.2962,0.1561
2025-01-14 23:00:00,0.2876,0.1582
2025-01-15 00:00:00,0.3009,0.1559
2025-01-15 01:00:00,0.3271,0.1339
2025-01-15 02:00:00,0.3046,0.1295
2025-01-15 03:00:00,0.2935,0.1333
2025-01-15 04:00:00,0.2699,0.1225
2025-01-15 05:00:00,0.3284,0.1051
2025-01-15 06:00:00,0.2337,0.1077
2025-01-15 07:00:00,0.272,0.1168
2025-01-15 08:00:00,0.252,0.1056
2025-01-15 09:00:00,0.2351,0.1184
2025-01-15 10:00:00,0.1869,0.1001
2025-01-15 11:00:00,0.2011,0.1211
2025-01-15 12:00:00,0.1775,0.1082
2025-01-15 13:00:00,0.188,0.1191
2025-01-15 14:00:00,0.1836,0.1345
2025-01-15 15:00:00,0.1926,0.152
2025-01-15 16:00:00,0.179,0.1418
2025-01-15 17:00:00,0.2099,0.1513
2025-01-15 18:00:00,0.2077,0.1389
2025-01-15 19:00:00,0.2081,0.1668
2025-01-15 20:00:00,0.2258,0.1391
2025-01-15 21:00:00,0.2453,0.1737
2025-01-15 22:00:00,0.2645,0.1564
2025-01-15 23:00:00,0.2993,0.1496
2025-01-16 00:00:00,0.2525,0.1412
2025-01-16 01:00:00,0.2907,0.1168
2025-01-16 02:00:00,0.2991,0.1299
2025-01-16 03:00:00,0.3544,0.1202
2025-01-16 04:00:00,0.3016,0.1146
2025-01-16 05:00:00,0.3211,0.1123
2025-01-16 06:00:00,0.2597,0.1073
2025-01-16 07:00:00,0.2498,0.1001
2025-01-16 08:00:00,0.212,0.0901
2025-01-16 09:00:00,0.2273,0.1192
2025-01-16 10:00:00,0.1976,0.1044
2025-01-16 11:00:00,0.1975,0.0936
2025-01-16 12:00:00,0.2095,0.1268
2025-01-16 13:00:00,0.1762,0.1154
2025-01-16 14:00:00,0.239,0.1172
2025-01-16 15:00:00,0.1626,0.1406
2025-01-16 16:00:00,0.167,0.1407
2025-01-16 17:00:00,0.2015,0.1593
2025-01-16 18:00:00,0.2043,0.1474
2025-01-16 19:00:00,0.2193,0.1537
2025-01-16 20:00:00,0.2399,0.1515
2025-01-16 21:00:00,0.2413,0.1578
2025-01-16 22:00:00,0.2769,0.1607
2025-01-16 23:00:00,0.2872,0.1286
2025-01-17 00:00:00,0.3332,0.1441
2025-01-17 01:00:00,0.3176,0.1325
2025-01-17 02:00:00,0.2928,0.1172
2025-01-17 03:00:00,0.3259,0.1319
2025-01-17 04:00:00,0.3089,0.1129
2025-01-17 05:00:00,0.2725,0.1152
2025-01-17 06:00:00,0.2879,0.1198
2025-01-17 07:00:00,0.2575,0.1153
2025-01-17 08:00:00,0.2643,0.0946
2025-01-17 09:00:00,0.2277,0.1158
2025-01-17 10:00:00,0.1538,0.0961
2025-01-17 11:00:00,0.1793,0.1029
2025-01-17 12:00:00,0.2004,0.1187
2025-01-17 13:00:00,0.1487,0.1021
2025-01-17 14:00:00,0.1539,0.1545
2025-01-17 15:00:00,0.1339,0.1338
2025-01-17 16:00:00,0.1889,0.1603
2025-01-17 17:00:00,0.1834,0.1476
2025-01-17 18:00:00,0.1872,0.1573
2025-01-17 19:00:00,0.2103,0.1689
2025-01-17 20:00:00,0.2407,0.1594
2025-01-17 21:00:00,0.2381,0.1663
2025-01-17 22:00:00,0.2637,0.1544
2025-01-17 23:00:00,0.2838,0.143
2025-01-18 00:00:00,0.2725,0.1489
2025-01-18 01:00:00,0.3063,0.1251
2025-01-18 02:00:00,0.3405,0.1031
2025-01-18 03:00:00,0.3083,0.1284
2025-01-18 04:00:00,0.3179,0.1313
2025-01-18 05:00:00,0.2537,0.1119
2025-01-18 06:00:00,0.32,0.1015
2025-01-18 07:00:00,0.2461,0.131
2025-01-18 08:00:00,0.2099,0.0929
2025-01-18 09:00:00,0.2181,0.0902
2025-01-18 10:00:00,0.2324,0.0976
2025-01-18 11:00:00,0.1794,0.113
2025-01-18 12:00:00,0.1869,0.1259
2025-01-18 13:00:00,0.2067,0.1208
2025-01-18 14:00:00,0.1562,0.1228
2025-01-18 15:00:00,0.238,0.1603
2025-01-18 16:00:00,0.2104,0.1353
2025-01-18 17:00:00,0.2185,0.1493
2025-01-18 18:00:00,0.2197,0.1635
2025-01-18 19:00:00,0.2416,0.1563
2025-01-18 20:00:00,0.2139,0.1869
2025-01-18 21:00:00,0.2544,0.1544
2025-01-18 22:00:00,0.2828,0.1573
2025-01-18 23:00:00,0.2778,0.148
2025-01-19 00:00:00,0.3096,0.1416
2025-01-19 01:00:00,0.2868,0.1308
2025-01-19 02:00:00,0.292,0.1342
2025-01-19 03:00:00,0.2807,0.1384
2025-01-19 04:00:00,0.2683,0.1183
2025-01-19 05:00:00,0.2565,0.1022
2025-01-19 06:00:00,0.25,0.1
2025-01-19 07:00:00,0.2686,0.0961
2025-01-19 08:00:00,0.2805,0.0803
2025-01-19 09:00:00,0.2229,0.0982
2025-01-19 10:00:00,0.228,0.1126
2025-01-19 11:00:00,0.1831,0.1101
2025-01-19 12:00:00,0.1902,0.1144
2025-01-19 13:00:00,0.1979,0.1127
2025-01-19 14:00:00,0.188,0.1397
2025-01-19 15:00:00,0.1665,0.1374
2025-01-19 16:00:00,0.1881,0.1404
2025-01-19 17:00:00,0.205,0.1483
2025-01-19 18:00:00,0.2063,0.1671
2025-01-19 19:00:00,0.2202,0.1597
2025-01-19 20:00:00,0.2114,0.1618
2025-01-19 21:00:00,0.2536,0.1597
2025-01-19 22:00:00,0.2759,0.1359
2025-01-19 23:00:00,0.294,0.1565
2025-01-20 00:00:00,0.2453,0.1412
2025-01-20 01:00:00,0.2538,0.1404
2025-01-20 02:00:00,0.3306,0.1376
2025-01-20 03:00:00,0.2814,0.1276
2025-01-20 04:00:00,0.2868,0.11
2025-01-20 05:00:00,0.2938,0.1014
2025-01-20 06:00:00,0.2905,0.1066
2025-01-20 07:00:00,0.2688,0.0947
2025-01-20 08:00:00,0.2438,0.0989
2025-01-20 09:00:00,0.2234,0.0865
2025-01-20 10:00:00,0.2061,0.112
2025-01-20 11:00:00,0.201,0.1165
2025-01-20 12:00:00,0.2111,0.1227
2025-01-20 13:00:00,0.1889,0.1099
2025-01-20 14:00:00,0.1757,0.1346
2025-01-20 15:00:00,0.1625,0.1348
2025-01-20 16:00:00,0.1427,0.1323
2025-01-20 17:00:00,0.1697,0.1415
2025-01-20 18:00:00,0.2028,0.1545
2025-01-20 19:00:00,0.2488,0.169
2025-01-20 20:00:00,0.2714,0.1682
2025-01-20 21:00:00,0.2781,0.1649
2025-01-20 22:00:00,0.2594,0.164
2025-01-20 23:00:00,0.2874,0.1539
2025-01-21 00:00:00,0.2843,0.1424
2025-01-21 01:00:00,0.2434,0.1546
2025-01-21 02:00:00,0.3078,0.1406
2025-01-21 03:00:00,0.2982,0.1076
2025-01-21 04:00:00,0.2338,0.1309
2025-01-21 05:00:00,0.2764,0.1097
2025-01-21 06:00:00,0.2766,0.0964
2025-01-21 07:00:00,0.2681,0.0989
2025-01-21 08:00:00,0.2431,0.1107
2025-01-21 09:00:00,0.2059,0.1063
2025-01-21 10:00:00,0.2128,0.0903
2025-01-21 11:00:00,0.1872,0.0964
2025-01-21 12:00:00,0.1793,0.1177
2025-01-21 13:00:00,0.1615,0.1375
2025-01-21 14:00:00,0.1829,0.1505
2025-01-21 15:00:00,0.1768,0.132
2025-01-21 16:00:00,0.2132,0.149
2025-01-21 17:00:00,0.2262,0.1574
2025-01-21 18:00:00,0.2333,0.1356
2025-01-21 19:00:00,0.2262,0.1668
2025-01-21 20:00:00,0.2074,0.1488
2025-01-21 21:00:00,0.2513,0.1703
2025-01-21 22:00:00,0.274,0.1601
2025-01-21 23:00:00,0.2592,0.1432
2025-01-22 00:00:00,0.286,0.1347
2025-01-22 01:00:00,0.2718,0.1487
2025-01-22 02:00:00,0.3169,0.1378
2025-01-22 03:00:00,0.2809,0.1353
2025-01-22 04:00:00,0.2853,0.1185
2025-01-22 05:00:00,0.3074,0.1159
2025-01-22 06:00:00,0.2623,0.0915
2025-01-22 07:00:00,0.2371,0.1002
2025-01-22 08:00:00,0.2437,0.1011
2025-01-22 09:00:00,0.2004,0.1021
2025-01-22 10:00:00,0.1983,0.1003
2025-01-22 11:00:00,0.2147,0.1148
2025-01-22 12:00:00,0.1876,0.1089
2025-01-22 13:00:00,0.1895,0.1138
2025-01-22 14:00:00,0.1812,0.1297
2025-01-22 15:00:00,0.1553,0.1499
2025-01-22 16:00:00,0.2234,0.158
2025-01-22 17:00:00,0.1526,0.1396
2025-01-22 18:00:00,0.1654,0.1551
2025-01-22 19:00:00,0.228,0.1662
2025-01-22 20:00:00,0.2531,0.1578
2025-01-22 21:00:00,0.2564,0.1536
2025-01-22 22:00:00,0.2826,0.1413
2025-01-22 23:00:00,0.3081,0.1592
2025-01-23 00:00:00,0.2999,0.1495
2025-01-23 01:00:00,0.3326,0.1176
2025-01-23 02:00:00,0.3274,0.0995
2025-01-23 03:00:00,0.305,0.127
2025-01-23 04:00:00,0.3187,0.1181
2025-01-23 05:00:00,0.2643,0.0891
2025-01-23 06:00:00,0.2561,0.1228
2025-01-23 07:00:00,0.2482,0.118
2025-01-23 08:00:00,0.2579,0.0901
2025-01-23 09:00:00,0.2144,0.1126
2025-01-23 10:00:00,0.2278,0.1044
2025-01-23 11:00:00,0.1934,0.1095
2025-01-23 12:00:00,0.2377,0.1122
2025-01-23 13:00:00,0.1947,0.1449
2025-01-23 14:00:00,0.1774,0.1262
2025-01-23 15:00:00,0.1989,0.1446
2025-01-23 16:00:00,0.2256,0.1537
2025-01-23 17:00:00,0.2107,0.1441
2025-01-23 18:00:00,0.2289,0.1491
2025-01-23 19:00:00,0.2253,0.1557
2025-01-23 20:00:00,0.2027,0.163
2025-01-23 21:00:00,0.2494,0.1584
2025-01-23 22:00:00,0.2743,0.1681
2025-01-23 23:00:00,0.2966,0.1336
2025-01-24 00:00:00,0.2795,0.1494
2025-01-24 01:00:00,0.3092,0.1468
2025-01-24 02:00:00,0.3274,0.1464
2025-01-24 03:00:00,0.2869,0.1275
2025-01-24 04:00:00,0.2774,0.1144
2025-01-24 05:00:00,0.2811,0.1334
2025-01-24 06:00:00,0.279,0.1068
2025-01-24 07:00:00,0.2667,0.1073
2025-01-24 08:00:00,0.2124,0.0952
2025-01-24 09:00:00,0.2265,0.1025
2025-01-24 10:00:00,0.2276,0.1076
2025-01-24 11:00:00,0.1835,0.1228
2025-01-24 12:00:00,0.1439,0.095
2025-01-24 13:00:00,0.1617,0.112
2025-01-24 14:00:00,0.2086,0.1401
2025-01-24 15:00:00,0.1769,0.1415
2025-01-24 16:00:00,0.2134,0.1502
2025-01-24 17:00:00,0.1803,0.1506
2025-01-24 18:00:00,0.2053,0.1718
2025-01-24 19:00:00,0.2121,0.1578
2025-01-24 20:00:00,0.2359,0.1568
2025-01-24 21:00:00,0.2767,0.1553
2025-01-24 22:00:00,0.2545,0.1403
2025-01-24 23:00:00,0.2756,0.1437
2025-01-25 00:00:00,0.336,0.1398
2025-01-25 01:00:00,0.3096,0.1444
2025-01-25 02:00:00,0.2952,0.11
2025-01-25 03:00:00,0.2878,0.1373
2025-01-25 04:00:00,0.2874,0.1056
2025-01-25 05:00:00,0.2459,0.1236
2025-01-25 06:00:00,0.2693,0.1074
2025-01-25 07:00:00,0.2463,0.0914
2025-01-25 08:00:00,0.2391,0.0982
2025-01-25 09:00:00,0.2092,0.1162
2025-01-25 10:00:00,0.2125,0.0824
2025-01-25 11:00:00,0.2264,0.1096
2025-01-25 12:00:00,0.1764,0.1019
2025-01-25 13:00:00,0.1487,0.1102
2025-01-25 14:00:00,0.2298,0.103
2025-01-25 15:00:00,0.1415,0.132
2025-01-25 16:00:00,0.1746,0.1597
2025-01-25 17:00:00,0.1703,0.1555
2025-01-25 18:00:00,0.2124,0.1593
2025-01-25 19:00:00,0.2257,0.1721
2025-01-25 20:00:00,0.2337,0.1498
2025-01-25 21:00:00,0.2391,0.1533
2025-01-25 22:00:00,0.2259,0.1547
2025-01-25 23:00:00,0.2875,0.1537
2025-01-26 00:00:00,0.3091,0.1382
2025-01-26 01:00:00,0.2871,0.1411
2025-01-26 02:00:00,0.2808,0.121
2025-01-26 03:00:00,0.329,0.1136
2025-01-26 04:00:00,0.2891,0.1243
2025-01-26 05:00:00,0.2393,0.1284
2025-01-26 06:00:00,0.2872,0.101
2025-01-26 07:00:00,0.2672,0.1059
2025-01-26 08:00:00,0.2572,0.076
2025-01-26 09:00:00,0.2485,0.1145
2025-01-26 10:00:00,0.2423,0.1118
2025-01-26 11:00:00,0.2273,0.094
2025-01-26 12:00:00,0.2039,0.0987
2025-01-26 13:00:00,0.1747,0.1288
2025-01-26 14:00:00,0.155,0.1501
2025-01-26 15:00:00,0.1858,0.1356
2025-01-26 16:00:00,0.2136,0.1486
2025-01-26 17:00:00,0.2279,0.1536
2025-01-26 18:00:00,0.2084,0.1506
2025-01-26 19:00:00,0.2092,0.1524
2025-01-26 20:00:00,0.255,0.1492
2025-01-26 21:00:00,0.2593,0.1586
2025-01-26 22:00:00,0.272,0.1537
2025-01-26 23:00:00,0.2781,0.1219
2025-01-27 00:00:00,0.2695,0.1378
2025-01-27 01:00:00,0.272,0.1505
2025-01-27 02:00:00,0.3288,0.1218
2025-01-27 03:00:00,0.2997,0.1242
2025-01-27 04:00:00,0.2919,0.1255
2025-01-27 05:00:00,0.2978,0.1037
2025-01-27 06:00:00,0.2738,0.1006
2025-01-27 07:00:00,0.2386,0.0997
2025-01-27 08:00:00,0.2213,0.101
2025-01-27 09:00:00,0.188,0.1069
2025-01-27 10:00:00,0.1994,0.0971
2025-01-27 11:00:00,0.2182,0.1054
2025-01-27 12:00:00,0.1853,0.124
2025-01-27 13:00:00,0.1628,0.1274
2025-01-27 14:00:00,0.1819,0.1332
2025-01-27 15:00:00,0.1793,0.1402
2025-01-27 16:00:00,0.144,0.1363
2025-01-27 17:00:00,0.2275,0.1402
2025-01-27 18:00:00,0.2156,0.1736
2025-01-27 19:00:00,0.2149,0.1528
2025-01-27 20:00:00,0.2266,0.166
2025-01-27 21:00:00,0.2425,0.1799
2025-01-27 22:00:00,0.2691,0.1593
2025-01-27 23:00:00,0.2929,0.1591
2025-01-28 00:00:00,0.2997,0.1393
2025-01-28 01:00:00,0.2634,0.1295
2025-01-28 02:00:00,0.3067,0.1391
2025-01-28 03:00:00,0.272,0.1198
2025-01-28 04:00:00,0.2995,0.1099
2025-01-28 05:00:00,0.2862,0.1081
2025-01-28 06:00:00,0.2504,0.1041
2025-01-28 07:00:00,0.2584,0.0959
2025-01-28 08:00:00,0.2028,0.1004
2025-01-28 09:00:00,0.2219,0.0899
2025-01-28 10:00:00,0.2275,0.1078
2025-01-28 11:00:00,0.1953,0.1168
2025-01-28 12:00:00,0.2032,0.1071
2025-01-28 13:00:00,0.1378,0.121
2025-01-28 14:00:00,0.2334,0.1246
2025-01-28 15:00:00,0.1982,0.1504
2025-01-28 16:00:00,0.2181,0.1458
2025-01-28 17:00:00,0.2249,0.1526
2025-01-28 18:00:00,0.1846,0.1652
2025-01-28 19:00:00,0.1917,0.1431
2025-01-28 20:00:00,0.2383,0.167
2025-01-28 21:00:00,0.2677,0.1626
2025-01-28 22:00:00,0.2496,0.1452
2025-01-28 23:00:00,0.27,0.1561
2025-01-29 00:00:00,0.2783,0.1338
2025-01-29 01:00:00,0.3254,0.1435
2025-01-29 02:00:00,0.3288,0.1409
2025-01-29 03:00:00,0.2699,0.1049
2025-01-29 04:00:00,0.2961,0.1299
2025-01-29 05:00:00,0.2972,0.1013
2025-01-29 06:00:00,0.2664,0.1067
2025-01-29 07:00:00,0.2632,0.1053
2025-01-29 08:00:00,0.2538,0.107
2025-01-29 09:00:00,0.212,0.1155
2025-01-29 10:00:00,0.2012,0.0987
2025-01-29 11:00:00,0.1757,0.1086
2025-01-29 12:00:00,0.1755,0.093
2025-01-29 13:00:00,0.1897,0.1266
2025-01-29 14:00:00,0.1868,0.1453
2025-01-29 15:00:00,0.1722,0.1336
2025-01-29 16:00:00,0.1715,0.1481
2025-01-29 17:00:00,0.2182,0.1457
2025-01-29 18:00:00,0.2186,0.1548
2025-01-29 19:00:00,0.194,0.1652
2025-01-29 20:00:00,0.2568,0.138
2025-01-29 21:00:00,0.2548,0.1639
2025-01-29 22:00:00,0.2744,0.1664
2025-01-29 23:00:00,0.2951,0.1479
2025-01-30 00:00:00,0.3001,0.1469
2025-01-30 01:00:00,0.2822,0.145
2025-01-30 02:00:00,0.2818,0.1336
2025-01-30 03:00:00,0.2909,0.1201
2025-01-30 04:00:00,0.2958,0.1185
2025-01-30 05:00:00,0.3119,0.1053
2025-01-30 06:00:00,0.2935,0.1081
2025-01-30 07:00:00,0.2656,0.1095
2025-01-30 08:00:00,0.2147,0.1203
2025-01-30 09:00:00,0.2029,0.1006
2025-01-30 10:00:00,0.1971,0.0946
2025-01-30 11:00:00,0.2035,0.0993
2025-01-30 12:00:00,0.189,0.1231
2025-01-30 13:00:00,0.1921,0.113
2025-01-30 14:00:00,0.1778,0.1257
2025-01-30 15:00:00,0.1905,0.156
2025-01-30 16:00:00,0.1819,0.1278
2025-01-30 17:00:00,0.1845,0.1586
2025-01-30 18:00:00,0.2481,0.157
2025-01-30 19:00:00,0.2251,0.1562
2025-01-30 20:00:00,0.2244,0.1706
2025-01-30 21:00:00,0.2893,0.1426
2025-01-30 22:00:00,0.2462,0.1535
2025-01-30 23:00:00,0.2738,0.1415
2025-01-31 00:00:00,0.2751,0.1565
2025-01-31 01:00:00,0.3048,0.1389
2025-01-31 02:00:00,0.3079,0.1482
2025-01-31 03:00:00,0.2996,0.1273
2025-01-31 04:00:00,0.2946,0.1132
2025-01-31 05:00:00,0.2827,0.1205
2025-01-31 06:00:00,0.2601,0.1131
2025-01-31 07:00:00,0.2809,0.1159
2025-01-31 08:00:00,0.2115,0.0967
2025-01-31 09:00:00,0.2536,0.0908
2025-01-31 10:00:00,0.1601,0.1054
2025-01-31 11:00:00,0.2009,0.1049
2025-01-31 12:00:00,0.1735,0.1191
2025-01-31 13:00:00,0.1594,0.1209
2025-01-31 14:00:00,0.1806,0.1283
2025-01-31 15:00:00,0.1962,0.124
2025-01-31 16:00:00,0.1769,0.1463
2025-01-31 17:00:00,0.1765,0.1601
2025-01-31 18:00:00,0.2285,0.1644
2025-01-31 19:00:00,0.2029,0.1789
2025-01-31 20:00:00,0.2131,0.1529
2025-01-31 21:00:00,0.2759,0.154
2025-01-31 22:00:00,0.2777,0.1588
2025-01-31 23:00:00,0.2859,0.1515
2025-02-01 00:00:00,0.2776,0.1509
2025-02-01 01:00:00,0.3131,0.1443
2025-02-01 02:00:00,0.2874,0.116
2025-02-01 03:00:00,0.2666,0.1145
2025-02-01 04:00:00,0.2889,0.1168
2025-02-01 05:00:00,0.2914,0.1145
2025-02-01 06:00:00,0.2609,0.1044
2025-02-01 07:00:00,0.2575,0.1047
2025-02-01 08:00:00,0.2411,0.0999
2025-02-01 09:00:00,0.2408,0.1061
2025-02-01 10:00:00,0.2013,0.123
2025-02-01 11:00:00,0.1837,0.1093
2025-02-01 12:00:00,0.1764,0.1312
2025-02-01 13:00:00,0.1802,0.1057
2025-02-01 14:00:00,0.1636,0.1436
2025-02-01 15:00:00,0.1811,0.139
2025-02-01 16:00:00,0.16,0.1433
2025-02-01 17:00:00,0.2302,0.1507
2025-02-01 18:00:00,0.2343,0.1583
2025-02-01 19:00:00,0.2499,0.175
2025-02-01 20:00:00,0.2396,0.1569
2025-02-01 21:00:00,0.2588,0.1651
2025-02-01 22:00:00,0.2925,0.1579
2025-02-01 23:00:00,0.2588,0.1597
2025-02-02 00:00:00,0.3168,0.1462
2025-02-02 01:00:00,0.2774,0.1413
2025-02-02 02:00:00,0.321,0.1129
2025-02-02 03:00:00,0.2932,0.1213
2025-02-02 04:00:00,0.298,0.1144
2025-02-02 05:00:00,0.2751,0.096
2025-02-02 06:00:00,0.2995,0.1081
2025-02-02 07:00:00,0.2525,0.1114
2025-02-02 08:00:00,0.2425,0.1183
2025-02-02 09:00:00,0.2301,0.0948
2025-02-02 10:00:00,0.2051,0.1026
2025-02-02 11:00:00,0.2265,0.11
2025-02-02 12:00:00,0.1762,0.0977
2025-02-02 13:00:00,0.1703,0.1271
2025-02-02 14:00:00,0.1791,0.1274
2025-02-02 15:00:00,0.2526,0.1213
2025-02-02 16:00:00,0.1837,0.1583
2025-02-02 17:00:00,0.2048,0.1515
2025-02-02 18:00:00,0.1986,0.1437
2025-02-02 19:00:00,0.2083,0.1656
2025-02-02 20:00:00,0.2421,0.1495
2025-02-02 21:00:00,0.2238,0.1571
2025-02-02 22:00:00,0.2601,0.1381
2025-02-02 23:00:00,0.3,0.1684
2025-02-03 00:00:00,0.3139,0.1352
2025-02-03 01:00:00,0.3275,0.1439
2025-02-03 02:00:00,0.2957,0.1282
2025-02-03 03:00:00,0.2845,0.1089
2025-02-03 04:00:00,0.2894,0.1059
2025-02-03 05:00:00,0.2696,0.1064
2025-02-03 06:00:00,0.2648,0.1151
2025-02-03 07:00:00,0.2559,0.0961
2025-02-03 08:00:00,0.2189,0.1177
2025-02-03 09:00:00,0.2384,0.1078
2025-02-03 10:00:00,0.2271,0.1036
2025-02-03 11:00:00,0.1802,0.1164
2025-02-03 12:00:00,0.2212,0.1233
2025-02-03 13:00:00,0.1988,0.1221
2025-02-03 14:00:00,0.1412,0.1192
2025-02-03 15:00:00,0.1988,0.1432
2025-02-03 16:00:00,0.1805,0.1313
2025-02-03 17:00:00,0.2019,0.1429
2025-02-03 18:00:00,0.2253,0.157
2025-02-03 19:00:00,0.1924,0.1407
2025-02-03 20:00:00,0.2366,0.1486
2025-02-03 21:00:00,0.2712,0.1539
2025-02-03 22:00:00,0.3039,0.1634
2025-02-03 23:00:00,0.2597,0.1607
2025-02-04 00:00:00,0.2904,0.1439
2025-02-04 01:00:00,0.327,0.1351
2025-02-04 02:00:00,0.311,0.1224
2025-02-04 03:00:00,0.3063,0.125
2025-02-04 04:00:00,0.2898,0.1174
2025-02-04 05:00:00,0.2581,0.1149
2025-02-04 06:00:00,0.2751,0.1021
2025-02-04 07:00:00,0.2292,0.1137
2025-02-04 08:00:00,0.2194,0.109
2025-02-04 09:00:00,0.2386,0.1028
2025-02-04 10:00:00,0.2164,0.1197
2025-02-04 11:00:00,0.2205,0.1208
2025-02-04 12:00:00,0.1708,0.1233
2025-02-04 13:00:00,0.2281,0.1175
2025-02-04 14:00:00,0.159,0.1405
2025-02-04 15:00:00,0.2089,0.1367
2025-02-04 16:00:00,0.1528,0.1545
2025-02-04 17:00:00,0.1897,0.1615
2025-02-04 18:00:00,0.187,0.168
2025-02-04 19:00:00,0.1982,0.1687
2025-02-04 20:00:00,0.2586,0.1696
2025-02-04 21:00:00,0.2335,0.1629
2025-02-04 22:00:00,0.3163,0.1665
2025-02-04 23:00:00,0.2931,0.1486
2025-02-05 00:00:00,0.3147,0.1706
2025-02-05 01:00:00,0.2583,0.1315
2025-02-05 02:00:00,0.2903,0.1384
2025-02-05 03:00:00,0.2793,0.1201
2025-02-05 04:00:00,0.2983,0.1115
2025-02-05 05:00:00,0.2601,0.1036
2025-02-05 06:00:00,0.2904,0.1172
2025-02-05 07:00:00,0.2505,0.114
2025-02-05 08:00:00,0.2347,0.0868
2025-02-05 09:00:00,0.249,0.0985
2025-02-05 10:00:00,0.2248,0.123
2025-02-05 11:00:00,0.2084,0.1026
2025-02-05 12:00:00,0.2143,0.1187
2025-02-05 13:00:00,0.2167,0.1324
2025-02-05 14:00:00,0.137,0.1379
2025-02-05 15:00:00,0.2202,0.1486
2025-02-05 16:00:00,0.1802,0.1422
2025-02-05 17:00:00,0.196,0.1685
2025-02-05 18:00:00,0.1928,0.155
2025-02-05 19:00:00,0.188,0.1508
2025-02-05 20:00:00,0.2413,0.1591
2025-02-05 21:00:00,0.2583,0.157
2025-02-05 22:00:00,0.2421,0.1636
2025-02-05 23:00:00,0.29,0.1843
2025-02-06 00:00:00,0.2571,0.1557
2025-02-06 01:00:00,0.3109,0.1357
2025-02-06 02:00:00,0.2751,0.13
2025-02-06 03:00:00,0.2781,0.1103
2025-02-06 04:00:00,0.2863,0.1118
2025-02-06 05:00:00,0.2835,0.1086
2025-02-06 06:00:00,0.2949,0.1003
2025-02-06 07:00:00,0.2615,0.098
2025-02-06 08:00:00,0.2527,0.1022
2025-02-06 09:00:00,0.252,0.0938
2025-02-06 10:00:00,0.213,0.1132
2025-02-06 11:00:00,0.1987,0.1066
2025-02-06 12:00:00,0.1716,0.1086
2025-02-06 13:00:00,0.1865,0.139
2025-02-06 14:00:00,0.1568,0.1213
2025-02-06 15:00:00,0.1634,0.1238
2025-02-06 16:00:00,0.2151,0.1395
2025-02-06 17:00:00,0.2021,0.1408
2025-02-06 18:00:00,0.1885,0.1736
2025-02-06 19:00:00,0.2177,0.137
2025-02-06 20:00:00,0.2191,0.1507
2025-02-06 21:00:00,0.2672,0.1657
2025-02-06 22:00:00,0.288,0.1877
2025-02-06 23:00:00,0.261,0.1504
2025-02-07 00:00:00,0.3077,0.1503
2025-02-07 01:00:00,0.293,0.1428
2025-02-07 02:00:00,0.3046,0.1332
2025-02-07 03:00:00,0.2651,0.1275
2025-02-07 04:00:00,0.2918,0.1139
2025-02-07 05:00:00,0.2887,0.0975
2025-02-07 06:00:00,0.2667,0.0898
2025-02-07 07:00:00,0.2848,0.1048
2025-02-07 08:00:00,0.2585,0.0918
2025-02-07 09:00:00,0.2136,0.1147
2025-02-07 10:00:00,0.2342,0.0947
2025-02-07 11:00:00,0.2118,0.1083
2025-02-07 12:00:00,0.1655,0.0981
2025-02-07 13:00:00,0.1847,0.1193
2025-02-07 14:00:00,0.1977,0.1237
2025-02-07 15:00:00,0.2226,0.1399
2025-02-07 16:00:00,0.2197,0.1497
2025-02-07 17:00:00,0.2128,0.1486
2025-02-07 18:00:00,0.2199,0.1389
2025-02-07 19:00:00,0.2057,0.1691
2025-02-07 20:00:00,0.2395,0.152
2025-02-07 21:00:00,0.2542,0.1612
2025-02-07 22:00:00,0.2699,0.155
2025-02-07 23:00:00,0.2807,0.1468
2025-02-08 00:00:00,0.2936,0.1531
2025-02-08 01:00:00,0.3162,0.1466
2025-02-08 02:00:00,0.3065,0.1261
2025-02-08 03:00:00,0.2876,0.1135
2025-02-08 04:00:00,0.2929,0.1221
2025-02-08 05:00:00,0.2747,0.1027
2025-02-08 06:00:00,0.2929,0.096
2025-02-08 07:00:00,0.2787,0.0751
2025-02-08 08:00:00,0.2395,0.1043
2025-02-08 09:00:00,0.2096,0.0927
2025-02-08 10:00:00,0.1841,0.0877
2025-02-08 11:00:00,0.1562,0.0957
2025-02-08 12:00:00,0.1832,0.1301
2025-02-08 13:00:00,0.1916,0.1279
2025-02-08 14:00:00,0.1645,0.1174
2025-02-08 15:00:00,0.2099,0.1176
2025-02-08 16:00:00,0.2142,0.1433
2025-02-08 17:00:00,0.1946,0.1625
2025-02-08 18:00:00,0.2167,0.163
2025-02-08 19:00:00,0.2122,0.1409
2025-02-08 20:00:00,0.2459,0.1415
2025-02-08 21:00:00,0.2721,0.1572
2025-02-08 22:00:00,0.291,0.1336
2025-02-08 23:00:00,0.286,0.155
2025-02-09 00:00:00,0.3054,0.1448
2025-02-09 01:00:00,0.3113,0.1254
2025-02-09 02:00:00,0.3062,0.1509
2025-02-09 03:00:00,0.3044,0.1174
2025-02-09 04:00:00,0.3201,0.1059
2025-02-09 05:00:00,0.2471,0.1016
2025-02-09 06:00:00,0.2843,0.0997
2025-02-09 07:00:00,0.2564,0.1131
2025-02-09 08:00:00,0.2177,0.1079
2025-02-09 09:00:00,0.1986,0.0781
2025-02-09 10:00:00,0.2167,0.1042
2025-02-09 11:00:00,0.2222,0.1054
2025-02-09 12:00:00,0.1969,0.1257
2025-02-09 13:00:00,0.1766,0.1048
2025-02-09 14:00:00,0.1705,0.1286
2025-02-09 15:00:00,0.1775,0.1282
2025-02-09 16:00:00,0.1985,0.145
2025-02-09 17:00:00,0.176,0.1535
2025-02-09 18:00:00,0.2051,0.1635
2025-02-09 19:00:00,0.2007,0.1604
2025-02-09 20:00:00,0.2337,0.1628
2025-02-09 21:00:00,0.2976,0.1492
2025-02-09 22:00:00,0.2684,0.1707
2025-02-09 23:00:00,0.2574,0.1451
2025-02-10 00:00:00,0.2885,0.1579
2025-02-10 01:00:00,0.3337,0.1312
2025-02-10 02:00:00,0.2964,0.1216
2025-02-10 03:00:00,0.3218,0.1298
2025-02-10 04:00:00,0.2653,0.113
2025-02-10 05:00:00,0.245,0.123
2025-02-10 06:00:00,0.2656,0.1078
2025-02-10 07:00:00,0.2396,0.1027
2025-02-10 08:00:00,0.2581,0.077
2025-02-10 09:00:00,0.238,0.1128
2025-02-10 10:00:00,0.221,0.1038
2025-02-10 11:00:00,0.2269,0.082
2025-02-10 12:00:00,0.1598,0.1439
2025-02-10 13:00:00,0.1871,0.0969
2025-02-10 14:00:00,0.1765,0.1429
2025-02-10 15:00:00,0.162,0.1363
2025-02-10 16:00:00,0.2021,0.1452
2025-02-10 17:00:00,0.201,0.1268
2025-02-10 18:00:00,0.2055,0.1627
2025-02-10 19:00:00,0.2529,0.1556
2025-02-10 20:00:00,0.2387,0.1581
2025-02-10 21:00:00,0.2654,0.1528
2025-02-10 22:00:00,0.2744,0.1697
2025-02-10 23:00:00,0.2752,0.1526
2025-02-11 00:00:00,0.2683,0.1351
2025-02-11 01:00:00,0.2962,0.1335
2025-02-11 02:00:00,0.2789,0.1214
2025-02-11 03:00:00,0.3109,0.1269
2025-02-11 04:00:00,0.3,0.1119
2025-02-11 05:00:00,0.2709,0.1068
2025-02-11 06:00:00,0.2844,0.0898
2025-02-11 07:00:00,0.2744,0.107
2025-02-11 08:00:00,0.2057,0.0884
2025-02-11 09:00:00,0.1993,0.0951
2025-02-11 10:00:00,0.1764,0.1042
2025-02-11 11:00:00,0.2267,0.1089
2025-02-11 12:00:00,0.1895,0.1212
2025-02-11 13:00:00,0.2246,0.1226
2025-02-11 14:00:00,0.1714,0.1236
2025-02-11 15:00:00,0.1551,0.1203
2025-02-11 16:00:00,0.1932,0.149
2025-02-11 17:00:00,0.1725,0.1485
2025-02-11 18:00:00,0.1793,0.1823
2025-02-11 19:00:00,0.2329,0.1692
2025-02-11 20:00:00,0.2722,0.1671
2025-02-11 21:00:00,0.2692,0.1678
2025-02-11 22:00:00,0.2361,0.1548
2025-02-11 23:00:00,0.2817,0.151
2025-02-12 00:00:00,0.2544,0.1386
2025-02-12 01:00:00,0.3087,0.1436
2025-02-12 02:00:00,0.3093,0.1255
2025-02-12 03:00:00,0.2451,0.1236
2025-02-12 04:00:00,0.2794,0.0906
2025-02-12 05:00:00,0.3137,0.1046
2025-02-12 06:00:00,0.2981,0.1081
2025-02-12 07:00:00,0.2427,0.1183
2025-02-12 08:00:00,0.2321,0.1027
2025-02-12 09:00:00,0.2224,0.11
2025-02-12 10:00:00,0.1755,0.1019
2025-02-12 11:00:00,0.1847,0.1006
2025-02-12 12:00:00,0.1837,0.1135
2025-02-12 13:00:00,0.1702,0.1331
2025-02-12 14:00:00,0.2117,0.1309
2025-02-12 15:00:00,0.1758,0.1488
2025-02-12 16:00:00,0.1772,0.1343
2025-02-12 17:00:00,0.1961,0.1461
2025-02-12 18:00:00,0.2337,0.1493
2025-02-12 19:00:00,0.2316,0.1622
2025-02-12 20:00:00,0.2293,0.1529
2025-02-12 21:00:00,0.2782,0.166
2025-02-12 22:00:00,0.2537,0.1588
2025-02-12 23:00:00,0.291,0.1425
2025-02-13 00:00:00,0.2856,0.1483
2025-02-13 01:00:00,0.2807,0.1479
2025-02-13 02:00:00,0.2682,0.1369
2025-02-13 03:00:00,0.3179,0.1102
2025-02-13 04:00:00,0.3014,0.0991
2025-02-13 05:00:00,0.2531,0.1216
2025-02-13 06:00:00,0.2853,0.1151
2025-02-13 07:00:00,0.2678,0.0967
2025-02-13 08:00:00,0.2258,0.0936
2025-02-13 09:00:00,0.2104,0.1076
2025-02-13 10:00:00,0.2089,0.1102
2025-02-13 11:00:00,0.1954,0.1091
2025-02-13 12:00:00,0.1868,0.108
2025-02-13 13:00:00,0.1684,0.1037
2025-02-13 14:00:00,0.1591,0.1119
2025-02-13 15:00:00,0.1588,0.1396
2025-02-13 16:00:00,0.1877,0.1413
2025-02-13 17:00:00,0.1694,0.1317
2025-02-13 18:00:00,0.2508,0.1528
2025-02-13 19:00:00,0.2374,0.1533
2025-02-13 20:00:00,0.2648,0.1646
2025-02-13 21:00:00,0.2379,0.1561
2025-02-13 22:00:00,0.2842,0.1483
2025-02-13 23:00:00,0.2422,0.1452
2025-02-14 00:00:00,0.3177,0.1507
2025-02-14 01:00:00,0.3279,0.1325
2025-02-14 02:00:00,0.3144,0.1233
2025-02-14 03:00:00,0.2741,0.1168
2025-02-14 04:00:00,0.3017,0.1246
2025-02-14 05:00:00,0.2729,0.1265
2025-02-14 06:00:00,0.2775,0.115
2025-02-14 07:00:00,0.2666,0.1124
2025-02-14 08:00:00,0.2555,0.0984
2025-02-14 09:00:00,0.2299,0.0943
2025-02-14 10:00:00,0.23,0.094
2025-02-14 11:00:00,0.2312,0.0963
2025-02-14 12:00:00,0.1819,0.1133
2025-02-14 13:00:00,0.1986,0.1225
2025-02-14 14:00:00,0.1985,0.1173
2025-02-14 15:00:00,0.2099,0.1299
2025-02-14 16:00:00,0.173,0.1477
2025-02-14 17:00:00,0.1878,0.1458
2025-02-14 18:00:00,0.215,0.1733
2025-02-14 19:00:00,0.2452,0.16
2025-02-14 20:00:00,0.2391,0.1618
2025-02-14 21:00:00,0.2496,0.1685
2025-02-14 22:00:00,0.3164,0.1617
2025-02-14 23:00:00,0.2546,0.1534
2025-02-15 00:00:00,0.2842,0.1333
2025-02-15 01:00:00,0.2764,0.1358
2025-02-15 02:00:00,0.3118,0.1245
2025-02-15 03:00:00,0.333,0.1387
2025-02-15 04:00:00,0.2887,0.1175
2025-02-15 05:00:00,0.2478,0.116
2025-02-15 06:00:00,0.286,0.0995
2025-02-15 07:00:00,0.2619,0.0958
2025-02-15 08:00:00,0.2613,0.1082
2025-02-15 09:00:00,0.2035,0.1021
2025-02-15 10:00:00,0.1731,0.1091
2025-02-15 11:00:00,0.1956,0.1065
2025-02-15 12:00:00,0.1939,0.1117
2025-02-15 13:00:00,0.1938,0.1219
2025-02-15 14:00:00,0.1619,0.1194
2025-02-15 15:00:00,0.1716,0.1553
2025-02-15 16:00:00,0.1926,0.1393
2025-02-15 17:00:00,0.1835,0.1598
2025-02-15 18:00:00,0.206,0.1609
2025-02-15 19:00:00,0.2248,0.1652
2025-02-15 20:00:00,0.2389,0.1743
2025-02-15 21:00:00,0.2357,0.1602
2025-02-15 22:00:00,0.2856,0.1768
2025-02-15 23:00:00,0.2815,0.1449
2025-02-16 00:00:00,0.2935,0.1611
2025-02-16 01:00:00,0.3129,0.134
2025-02-16 02:00:00,0.2846,0.1281
2025-02-16 03:00:00,0.3126,0.1126
2025-02-16 04:00:00,0.3157,0.1042
2025-02-16 05:00:00,0.2969,0.0921
2025-02-16 06:00:00,0.2745,0.1101
2025-02-16 07:00:00,0.2567,0.1076
2025-02-16 08:00:00,0.2297,0.1205
2025-02-16 09:00:00,0.2575,0.0953
2025-02-16 10:00:00,0.2193,0.0998
2025-02-16 11:00:00,0.2227,0.1142
2025-02-16 12:00:00,0.2332,0.1052
2025-02-16 13:00:00,0.1687,0.1253
2025-02-16 14:00:00,0.2021,0.101
2025-02-16 15:00:00,0.2156,0.1474
2025-02-16 16:00:00,0.1635,0.1591
2025-02-16 17:00:00,0.184,0.1493
2025-02-16 18:00:00,0.1846,0.1509
2025-02-16 19:00:00,0.2273,0.1476
2025-02-16 20:00:00,0.2462,0.165
2025-02-16 21:00:00,0.257,0.1548
2025-02-16 22:00:00,0.2528,0.1691
2025-02-16 23:00:00,0.2399,0.1448
2025-02-17 00:00:00,0.3312,0.1378
2025-02-17 01:00:00,0.3173,0.1236
2025-02-17 02:00:00,0.3222,0.1337
2025-02-17 03:00:00,0.3119,0.1223
2025-02-17 04:00:00,0.2777,0.1029
2025-02-17 05:00:00,0.2495,0.1175
2025-02-17 06:00:00,0.2595,0.1007
2025-02-17 07:00:00,0.2737,0.1179
2025-02-17 08:00:00,0.2244,0.1069
2025-02-17 09:00:00,0.2102,0.1082
2025-02-17 10:00:00,0.2241,0.1112
2025-02-17 11:00:00,0.1889,0.1143
2025-02-17 12:00:00,0.1928,0.127
2025-02-17 13:00:00,0.1663,0.1327
2025-02-17 14:00:00,0.2069,0.1475
2025-02-17 15:00:00,0.1632,0.1467
2025-02-17 16:00:00,0.1837,0.1335
2025-02-17 17:00:00,0.1844,0.1426
2025-02-17 18:00:00,0.2629,0.161
2025-02-17 19:00:00,0.2012,0.1585
2025-02-17 20:00:00,0.2654,0.1413
2025-02-17 21:00:00,0.2777,0.1783
2025-02-17 22:00:00,0.2577,0.1589
2025-02-17 23:00:00,0.2828,0.1472
2025-02-18 00:00:00,0.307,0.1543
2025-02-18 01:00:00,0.2672,0.1305
2025-02-18 02:00:00,0.2691,0.1373
2025-02-18 03:00:00,0.3051,0.1278
2025-02-18 04:00:00,0.3196,0.1209
2025-02-18 05:00:00,0.2795,0.1131
2025-02-18 06:00:00,0.3086,0.1092
2025-02-18 07:00:00,0.2965,0.1225
2025-02-18 08:00:00,0.2154,0.1059
2025-02-18 09:00:00,0.223,0.1087
2025-02-18 10:00:00,0.2213,0.1019
2025-02-18 11:00:00,0.2008,0.0984
2025-02-18 12:00:00,0.1715,0.1175
2025-02-18 13:00:00,0.1867,0.1376
2025-02-18 14:00:00,0.2024,0.1214
2025-02-18 15:00:00,0.2395,0.1406
2025-02-18 16:00:00,0.1573,0.1289
2025-02-18 17:00:00,0.1525,0.1576
2025-02-18 18:00:00,0.2215,0.1461
2025-02-18 19:00:00,0.2254,0.1557
2025-02-18 20:00:00,0.2792,0.1491
2025-02-18 21:00:00,0.3008,0.1613
2025-02-18 22:00:00,0.2727,0.1501
2025-02-18 23:00:00,0.3205,0.1531
2025-02-19 00:00:00,0.3048,0.1417
2025-02-19 01:00:00,0.2834,0.151
2025-02-19 02:00:00,0.2997,0.1328
2025-02-19 03:00:00,0.3181,0.1184
2025-02-19 04:00:00,0.2857,0.1145
2025-02-19 05:00:00,0.272,0.1104
2025-02-19 06:00:00,0.2567,0.0872
2025-02-19 07:00:00,0.2439,0.0919
2025-02-19 08:00:00,0.2487,0.0888
2025-02-19 09:00:00,0.1925,0.0895
2025-02-19 10:00:00,0.2239,0.1166
2025-02-19 11:00:00,0.2133,0.1068
2025-02-19 12:00:00,0.2142,0.1201
2025-02-19 13:00:00,0.1916,0.1332
2025-02-19 14:00:00,0.1891,0.1275
2025-02-19 15:00:00,0.1901,0.1172
2025-02-19 16:00:00,0.1947,0.1399
2025-02-19 17:00:00,0.2267,0.1386
2025-02-19 18:00:00,0.1936,0.1541
2025-02-19 19:00:00,0.2412,0.1714
2025-02-19 20:00:00,0.269,0.1525
2025-02-19 21:00:00,0.2456,0.1651
2025-02-19 22:00:00,0.311,0.1562
2025-02-19 23:00:00,0.2992,0.1594
2025-02-20 00:00:00,0.2655,0.1582
2025-02-20 01:00:00,0.3107,0.1328
2025-02-20 02:00:00,0.3067,0.1166
2025-02-20 03:00:00,0.3119,0.1242
2025-02-20 04:00:00,0.2968,0.0908
2025-02-20 05:00:00,0.2621,0.0963
2025-02-20 06:00:00,0.2508,0.0939
2025-02-20 07:00:00,0.256,0.0998
2025-02-20 08:00:00,0.2267,0.1045
2025-02-20 09:00:00,0.2233,0.0938
2025-02-20 10:00:00,0.1767,0.1235
2025-02-20 11:00:00,0.1811,0.0945
2025-02-20 12:00:00,0.1816,0.1198
2025-02-20 13:00:00,0.172,0.1277
2025-02-20 14:00:00,0.1615,0.1323
2025-02-20 15:00:00,0.1885,0.1462
2025-02-20 16:00:00,0.1791,0.1594
2025-02-20 17:00:00,0.1868,0.1618
2025-02-20 18:00:00,0.1818,0.1701
2025-02-20 19:00:00,0.2457,0.1736
2025-02-20 20:00:00,0.2533,0.1593
2025-02-20 21:00:00,0.2492,0.1571
2025-02-20 22:00:00,0.2693,0.1544
2025-02-20 23:00:00,0.2714,0.1466
2025-02-21 00:00:00,0.2966,0.1403
2025-02-21 01:00:00,0.2835,0.1473
2025-02-21 02:00:00,0.2664,0.1273
2025-02-21 03:00:00,0.3109,0.117
2025-02-21 04:00:00,0.2986,0.125
2025-02-21 05:00:00,0.2748,0.1052
2025-02-21 06:00:00,0.2589,0.1077
2025-02-21 07:00:00,0.2646,0.1047
2025-02-21 08:00:00,0.1967,0.098
2025-02-21 09:00:00,0.2122,0.1011
2025-02-21 10:00:00,0.1974,0.1134
2025-02-21 11:00:00,0.1987,0.1163
2025-02-21 12:00:00,0.2084,0.1208
2025-02-21 13:00:00,0.1905,0.1094
2025-02-21 14:00:00,0.1591,0.1407
2025-02-21 15:00:00,0.2191,0.1398
2025-02-21 16:00:00,0.1786,0.1595
2025-02-21 17:00:00,0.1921,0.1518
2025-02-21 18:00:00,0.1911,0.1489
2025-02-21 19:00:00,0.2383,0.1723
2025-02-21 20:00:00,0.2125,0.1613
2025-02-21 21:00:00,0.2583,0.1512
2025-02-21 22:00:00,0.2612,0.1319
2025-02-21 23:00:00,0.2665,0.1466
2025-02-22 00:00:00,0.3043,0.1535
2025-02-22 01:00:00,0.3068,0.1345
2025-02-22 02:00:00,0.251,0.1279
2025-02-22 03:00:00,0.3034,0.1361
2025-02-22 04:00:00,0.2814,0.1217
2025-02-22 05:00:00,0.277,0.1049
2025-02-22 06:00:00,0.2872,0.0932
2025-02-22 07:00:00,0.2541,0.1145
2025-02-22 08:00:00,0.2216,0.0979
2025-02-22 09:00:00,0.1822,0.1089
2025-02-22 10:00:00,0.2036,0.0893
2025-02-22 11:00:00,0.1671,0.1114
2025-02-22 12:00:00,0.1891,0.1128
2025-02-22 13:00:00,0.1726,0.1391
2025-02-22 14:00:00,0.1917,0.1327
2025-02-22 15:00:00,0.204,0.1513
2025-02-22 16:00:00,0.207,0.1407
2025-02-22 17:00:00,0.1815,0.1315
2025-02-22 18:00:00,0.2125,0.1608
2025-02-22 19:00:00,0.2238,0.1691
2025-02-22 20:00:00,0.2294,0.1946
2025-02-22 21:00:00,0.2438,0.1561
2025-02-22 22:00:00,0.2729,0.1504
2025-02-22 23:00:00,0.2593,0.157
2025-02-23 00:00:00,0.3179,0.1514
2025-02-23 01:00:00,0.2925,0.1212
2025-02-23 02:00:00,0.292,0.141
2025-02-23 03:00:00,0.3275,0.1185
2025-02-23 04:00:00,0.3299,0.1159
2025-02-23 05:00:00,0.2865,0.1116
2025-02-23 06:00:00,0.2655,0.0979
2025-02-23 07:00:00,0.2639,0.1038
2025-02-23 08:00:00,0.2669,0.1087
2025-02-23 09:00:00,0.2107,0.1042
2025-02-23 10:00:00,0.2335,0.1047
2025-02-23 11:00:00,0.1724,0.1009
2025-02-23 12:00:00,0.2059,0.1071
2025-02-23 13:00:00,0.1843,0.1221
2025-02-23 14:00:00,0.1903,0.1352
2025-02-23 15:00:00,0.1538,0.1325
2025-02-23 16:00:00,0.2121,0.1275
2025-02-23 17:00:00,0.2055,0.1398
2025-02-23 18:00:00,0.2004,0.1562
2025-02-23 19:00:00,0.2283,0.1711
2025-02-23 20:00:00,0.2496,0.1523
2025-02-23 21:00:00,0.2538,0.153
2025-02-23 22:00:00,0.2747,0.1568
2025-02-23 23:00:00,0.304,0.1448
2025-02-24 00:00:00,0.2689,0.1327
2025-02-24 01:00:00,0.3114,0.1413
2025-02-24 02:00:00,0.3029,0.1322
2025-02-24 03:00:00,0.316,0.1249
2025-02-24 04:00:00,0.2719,0.1197
2025-02-24 05:00:00,0.2833,0.1188
2025-02-24 06:00:00,0.2648,0.1174
2025-02-24 07:00:00,0.2424,0.1027
2025-02-24 08:00:00,0.2266,0.1022
2025-02-24 09:00:00,0.1972,0.0996
2025-02-24 10:00:00,0.2533,0.1097
2025-02-24 11:00:00,0.1975,0.1268
2025-02-24 12:00:00,0.1698,0.1196
2025-02-24 13:00:00,0.164,0.1165
2025-02-24 14:00:00,0.1805,0.1303
2025-02-24 15:00:00,0.1603,0.1514
2025-02-24 16:00:00,0.1406,0.1383
2025-02-24 17:00:00,0.2133,0.1345
2025-02-24 18:00:00,0.186,0.1471
2025-02-24 19:00:00,0.2337,0.1629
2025-02-24 20:00:00,0.2683,0.1406
2025-02-24 21:00:00,0.2597,0.1692
2025-02-24 22:00:00,0.2878,0.1452
2025-02-24 23:00:00,0.3186,0.1641
2025-02-25 00:00:00,0.2921,0.1431
2025-02-25 01:00:00,0.282,0.1608
2025-02-25 02:00:00,0.2703,0.1263
2025-02-25 03:00:00,0.2907,0.132
2025-02-25 04:00:00,0.2775,0.1046
2025-02-25 05:00:00,0.3086,0.1022
2025-02-25 06:00:00,0.275,0.1026
2025-02-25 07:00:00,0.2388,0.1029
2025-02-25 08:00:00,0.2727,0.1009
2025-02-25 09:00:00,0.2477,0.0931
2025-02-25 10:00:00,0.2201,0.1053
2025-02-25 11:00:00,0.2103,0.1175
2025-02-25 12:00:00,0.2127,0.1127
2025-02-25 13:00:00,0.1924,0.1234
2025-02-25 14:00:00,0.1704,0.1442
2025-02-25 15:00:00,0.2232,0.1396
2025-02-25 16:00:00,0.1932,0.1525
2025-02-25 17:00:00,0.1904,0.1491
2025-02-25 18:00:00,0.1808,0.1395
2025-02-25 19:00:00,0.1932,0.1783
2025-02-25 20:00:00,0.2438,0.1696
2025-02-25 21:00:00,0.2558,0.1589
2025-02-25 22:00:00,0.316,0.144
2025-02-25 23:00:00,0.2777,0.1419
2025-02-26 00:00:00,0.2978,0.1422
2025-02-26 01:00:00,0.3014,0.1442
2025-02-26 02:00:00,0.3242,0.1384
2025-02-26 03:00:00,0.295,0.1267
2025-02-26 04:00:00,0.2995,0.1115
2025-02-26 05:00:00,0.3139,0.1054
2025-02-26 06:00:00,0.2366,0.0931
2025-02-26 07:00:00,0.2559,0.0987
2025-02-26 08:00:00,0.2176,0.1122
2025-02-26 09:00:00,0.2093,0.0902
2025-02-26 10:00:00,0.2252,0.0884
2025-02-26 11:00:00,0.1738,0.1079
2025-02-26 12:00:00,0.1938,0.1198
2025-02-26 13:00:00,0.1621,0.1248
2025-02-26 14:00:00,0.1922,0.1305
2025-02-26 15:00:00,0.187,0.1444
2025-02-26 16:00:00,0.1805,0.1523
2025-02-26 17:00:00,0.2095,0.156
2025-02-26 18:00:00,0.2216,0.1578
2025-02-26 19:00:00,0.2185,0.1343
2025-02-26 20:00:00,0.2383,0.1634
2025-02-26 21:00:00,0.2711,0.1802
2025-02-26 22:00:00,0.2997,0.1502
2025-02-26 23:00:00,0.3076,0.1603
2025-02-27 00:00:00,0.297,0.1401
2025-02-27 01:00:00,0.3266,0.1256
2025-02-27 02:00:00,0.3168,0.1519
2025-02-27 03:00:00,0.3166,0.104
2025-02-27 04:00:00,0.2618,0.118
2025-02-27 05:00:00,0.2817,0.1135
2025-02-27 06:00:00,0.2893,0.1076
2025-02-27 07:00:00,0.2372,0.0893
2025-02-27 08:00:00,0.2671,0.1138
2025-02-27 09:00:00,0.2176,0.1226
2025-02-27 10:00:00,0.1878,0.09
2025-02-27 11:00:00,0.197,0.096
2025-02-27 12:00:00,0.1833,0.1047
2025-02-27 13:00:00,0.1871,0.1145
2025-02-27 14:00:00,0.1857,0.1218
2025-02-27 15:00:00,0.1581,0.1243
2025-02-27 16:00:00,0.2191,0.1474
2025-02-27 17:00:00,0.1771,0.1552
2025-02-27 18:00:00,0.2015,0.1447
2025-02-27 19:00:00,0.2105,0.1643
2025-02-27 20:00:00,0.2013,0.1521
2025-02-27 21:00:00,0.2322,0.1648
2025-02-27 22:00:00,0.2657,0.1655
2025-02-27 23:00:00,0.2445,0.131
2025-02-28 00:00:00,0.3104,0.1391
2025-02-28 01:00:00,0.3219,0.143
2025-02-28 02:00:00,0.3368,0.1273
2025-02-28 03:00:00,0.3034,0.1146
2025-02-28 04:00:00,0.2984,0.1114
2025-02-28 05:00:00,0.2592,0.1323
2025-02-28 06:00:00,0.266,0.097
2025-02-28 07:00:00,0.2543,0.1161
2025-02-28 08:00:00,0.2507,0.1024
2025-02-28 09:00:00,0.2107,0.1001
2025-02-28 10:00:00,0.2128,0.1249
2025-02-28 11:00:00,0.1988,0.126
2025-02-28 12:00:00,0.184,0.1144
2025-02-28 13:00:00,0.1772,0.122
2025-02-28 14:00:00,0.198,0.1419
2025-02-28 15:00:00,0.184,0.1407
2025-02-28 16:00:00,0.1926,0.1344
2025-02-28 17:00:00,0.2119,0.1327
2025-02-28 18:00:00,0.2177,0.1384
2025-02-28 19:00:00,0.2254,0.14
2025-02-28 20:00:00,0.2479,0.1603
2025-02-28 21:00:00,0.2678,0.1487
2025-02-28 22:00:00,0.2899,0.177
2025-02-28 23:00:00,0.2728,0.1568
2025-03-01 00:00:00,0.2805,0.1501
2025-03-01 01:00:00,0.2726,0.1362
2025-03-01 02:00:00,0.2997,0.1482
2025-03-01 03:00:00,0.309,0.1229
2025-03-01 04:00:00,0.3355,0.1353
2025-03-01 05:00:00,0.2591,0.1222
2025-03-01 06:00:00,0.2584,0.1192
2025-03-01 07:00:00,0.2688,0.0913
2025-03-01 08:00:00,0.254,0.0883
2025-03-01 09:00:00,0.1984,0.1087
2025-03-01 10:00:00,0.1932,0.1093
2025-03-01 11:00:00,0.1919,0.1131
2025-03-01 12:00:00,0.161,0.1114
2025-03-01 13:00:00,0.179,0.1201
2025-03-01 14:00:00,0.1976,0.1131
2025-03-01 15:00:00,0.1798,0.1451
2025-03-01 16:00:00,0.1533,0.1493
2025-03-01 17:00:00,0.2056,0.1492
2025-03-01 18:00:00,0.1789,0.1554
2025-03-01 19:00:00,0.2336,0.1639
2025-03-01 20:00:00,0.2427,0.1667
2025-03-01 21:00:00,0.2265,0.1425
2025-03-01 22:00:00,0.2781,0.1669
2025-03-01 23:00:00,0.3362,0.1508
2025-03-02 00:00:00,0.2628,0.1432
2025-03-02 01:00:00,0.2969,0.1319
2025-03-02 02:00:00,0.2938,0.1194
2025-03-02 03:00:00,0.2726,0.1149
2025-03-02 04:00:00,0.3121,0.1108
2025-03-02 05:00:00,0.2677,0.0896
2025-03-02 06:00:00,0.2427,0.1111
2025-03-02 07:00:00,0.2715,0.1116
2025-03-02 08:00:00,0.2556,0.1018
2025-03-02 09:00:00,0.2355,0.0947
2025-03-02 10:00:00,0.2258,0.1139
2025-03-02 11:00:00,0.22,0.106
2025-03-02 12:00:00,0.1704,0.1031
2025-03-02 13:00:00,0.1956,0.1262
2025-03-02 14:00:00,0.1746,0.133
2025-03-02 15:00:00,0.2052,0.1109
2025-03-02 16:00:00,0.2,0.1471
2025-03-02 17:00:00,0.2093,0.1503
2025-03-02 18:00:00,0.225,0.156
2025-03-02 19:00:00,0.244,0.1409
2025-03-02 20:00:00,0.2722,0.1677
2025-03-02 21:00:00,0.253,0.154
2025-03-02 22:00:00,0.2389,0.1815
2025-03-02 23:00:00,0.3325,0.1458
2025-03-03 00:00:00,0.277,0.1382
2025-03-03 01:00:00,0.2912,0.1553
2025-03-03 02:00:00,0.2595,0.1385
2025-03-03 03:00:00,0.2878,0.1222
2025-03-03 04:00:00,0.3134,0.1219
2025-03-03 05:00:00,0.263,0.1133
2025-03-03 06:00:00,0.2662,0.1032
2025-03-03 07:00:00,0.2618,0.0963
2025-03-03 08:00:00,0.205,0.1029
2025-03-03 09:00:00,0.201,0.1001
2025-03-03 10:00:00,0.188,0.0982
2025-03-03 11:00:00,0.1918,0.1223
2025-03-03 12:00:00,0.2213,0.1183
2025-03-03 13:00:00,0.2017,0.1191
2025-03-03 14:00:00,0.1915,0.1346
2025-03-03 15:00:00,0.189,0.1227
2025-03-03 16:00:00,0.1925,0.137
2025-03-03 17:00:00,0.2276,0.1545
2025-03-03 18:00:00,0.2642,0.1468
2025-03-03 19:00:00,0.2198,0.1646
2025-03-03 20:00:00,0.2606,0.1574
2025-03-03 21:00:00,0.2666,0.1487
2025-03-03 22:00:00,0.2375,0.1473
2025-03-03 23:00:00,0.2788,0.1559
2025-03-04 00:00:00,0.3162,0.1436
2025-03-04 01:00:00,0.3072,0.1404
2025-03-04 02:00:00,0.2791,0.1204
2025-03-04 03:00:00,0.2829,0.1281
2025-03-04 04:00:00,0.2884,0.1161
2025-03-04 05:00:00,0.2558,0.0983
2025-03-04 06:00:00,0.2765,0.1069
2025-03-04 07:00:00,0.2553,0.1017
2025-03-04 08:00:00,0.2229,0.1149
2025-03-04 09:00:00,0.2042,0.1095
2025-03-04 10:00:00,0.2207,0.1159
2025-03-04 11:00:00,0.2024,0.1014
2025-03-04 12:00:00,0.1875,0.1077
2025-03-04 13:00:00,0.1913,0.117
2025-03-04 14:00:00,0.2181,0.1316
2025-03-04 15:00:00,0.1805,0.1186
2025-03-04 16:00:00,0.2379,0.135
2025-03-04 17:00:00,0.202,0.1377
2025-03-04 18:00:00,0.2146,0.1651
2025-03-04 19:00:00,0.2103,0.1661
2025-03-04 20:00:00,0.2406,0.1466
2025-03-04 21:00:00,0.2261,0.1612
2025-03-04 22:00:00,0.245,0.148
2025-03-04 23:00:00,0.2593,0.1577
2025-03-05 00:00:00,0.2673,0.1453
2025-03-05 01:00:00,0.3172,0.1656
2025-03-05 02:00:00,0.3117,0.1252
2025-03-05 03:00:00,0.247,0.1378
2025-03-05 04:00:00,0.269,0.126
2025-03-05 05:00:00,0.2973,0.0944
2025-03-05 06:00:00,0.2563,0.1173
2025-03-05 07:00:00,0.2409,0.1079
2025-03-05 08:00:00,0.2514,0.1123
2025-03-05 09:00:00,0.2392,0.0943
2025-03-05 10:00:00,0.1842,0.1163
2025-03-05 11:00:00,0.2141,0.0949
2025-03-05 12:00:00,0.1987,0.1103
2025-03-05 13:00:00,0.1575,0.1144
2025-03-05 14:00:00,0.2161,0.1305
2025-03-05 15:00:00,0.2109,0.1511
2025-03-05 16:00:00,0.1982,0.163
2025-03-05 17:00:00,0.1928,0.1578
2025-03-05 18:00:00,0.2031,0.168
2025-03-05 19:00:00,0.2623,0.157
2025-03-05 20:00:00,0.2565,0.1523
2025-03-05 21:00:00,0.2792,0.1615
2025-03-05 22:00:00,0.2867,0.1741
2025-03-05 23:00:00,0.235,0.1276
2025-03-06 00:00:00,0.2932,0.1503
2025-03-06 01:00:00,0.3067,0.1416
2025-03-06 02:00:00,0.2864,0.1145
2025-03-06 03:00:00,0.2938,0.1281
2025-03-06 04:00:00,0.2595,0.1171
2025-03-06 05:00:00,0.3164,0.1077
2025-03-06 06:00:00,0.2801,0.1088
2025-03-06 07:00:00,0.2411,0.0922
2025-03-06 08:00:00,0.2556,0.0871
2025-03-06 09:00:00,0.223,0.1007
2025-03-06 10:00:00,0.2248,0.1077
2025-03-06 11:00:00,0.1875,0.1367
2025-03-06 12:00:00,0.1995,0.1311
2025-03-06 13:00:00,0.2028,0.1204
2025-03-06 14:00:00,0.1749,0.1116
2025-03-06 15:00:00,0.2078,0.1335
2025-03-06 16:00:00,0.2021,0.1521
2025-03-06 17:00:00,0.1999,0.1703
2025-03-06 18:00:00,0.216,0.1639
2025-03-06 19:00:00,0.1967,0.1551
2025-03-06 20:00:00,0.2197,0.1758
2025-03-06 21:00:00,0.2599,0.164
2025-03-06 22:00:00,0.2653,0.1478
2025-03-06 23:00:00,0.2732,0.1642
2025-03-07 00:00:00,0.2912,0.1355
2025-03-07 01:00:00,0.3137,0.134
2025-03-07 02:00:00,0.3133,0.1319
2025-03-07 03:00:00,0.3029,0.1358
2025-03-07 04:00:00,0.2689,0.1177
2025-03-07 05:00:00,0.2463,0.1088
2025-03-07 06:00:00,0.2861,0.0986
2025-03-07 07:00:00,0.2633,0.0991
2025-03-07 08:00:00,0.239,0.0978
2025-03-07 09:00:00,0.2339,0.1018
2025-03-07 10:00:00,0.2274,0.1099
2025-03-07 11:00:00,0.1909,0.1169
2025-03-07 12:00:00,0.2035,0.1301
2025-03-07 13:00:00,0.1932,0.1134
2025-03-07 14:00:00,0.1842,0.1205
2025-03-07 15:00:00,0.1738,0.1306
2025-03-07 16:00:00,0.173,0.1519
2025-03-07 17:00:00,0.1767,0.1497
2025-03-07 18:00:00,0.189,0.1538
2025-03-07 19:00:00,0.2126,0.1663
2025-03-07 20:00:00,0.2259,0.1676
2025-03-07 21:00:00,0.2604,0.1497
2025-03-07 22:00:00,0.2963,0.1676
2025-03-07 23:00:00,0.2759,0.1415
2025-03-08 00:00:00,0.2691,0.1542
2025-03-08 01:00:00,0.3305,0.1387
2025-03-08 02:00:00,0.3147,0.156
2025-03-08 03:00:00,0.2507,0.115
2025-03-08 04:00:00,0.3174,0.1212
2025-03-08 05:00:00,0.2445,0.1173
2025-03-08 06:00:00,0.3014,0.0892
2025-03-08 07:00:00,0.2088,0.1084
2025-03-08 08:00:00,0.1874,0.1103
2025-03-08 09:00:00,0.2158,0.0984
2025-03-08 10:00:00,0.193,0.0959
2025-03-08 11:00:00,0.2216,0.1053
2025-03-08 12:00:00,0.2177,0.1227
2025-03-08 13:00:00,0.1638,0.1389
2025-03-08 14:00:00,0.2096,0.1363
2025-03-08 15:00:00,0.1999,0.1109
2025-03-08 16:00:00,0.1979,0.1481
2025-03-08 17:00:00,0.1996,0.1458
2025-03-08 18:00:00,0.2199,0.1458
2025-03-08 19:00:00,0.2245,0.1628
2025-03-08 20:00:00,0.2203,0.1587
2025-03-08 21:00:00,0.2689,0.1561
2025-03-08 22:00:00,0.2625,0.1658
2025-03-08 23:00:00,0.3015,0.1345
2025-03-09 00:00:00,0.2765,0.1457
2025-03-09 01:00:00,0.2904,0.1433
2025-03-09 02:00:00,0.2868,0.1326
2025-03-09 03:00:00,0.3032,0.1446
2025-03-09 04:00:00,0.276,0.1091
2025-03-09 05:00:00,0.262,0.1338
2025-03-09 06:00:00,0.3098,0.1053
2025-03-09 07:00:00,0.2653,0.1059
2025-03-09 08:00:00,0.2205,0.0876
2025-03-09 09:00:00,0.2016,0.1181
2025-03-09 10:00:00,0.2408,0.109
2025-03-09 11:00:00,0.2053,0.0959
2025-03-09 12:00:00,0.2023,0.1183
2025-03-09 13:00:00,0.1727,0.1272
2025-03-09 14:00:00,0.1851,0.1357
2025-03-09 15:00:00,0.1671,0.1302
2025-03-09 16:00:00,0.2321,0.1426
2025-03-09 17:00:00,0.2068,0.158
2025-03-09 18:00:00,0.1971,0.148
2025-03-09 19:00:00,0.1992,0.158
2025-03-09 20:00:00,0.2251,0.1621
2025-03-09 21:00:00,0.2712,0.1683
2025-03-09 22:00:00,0.271,0.1398
2025-03-09 23:00:00,0.2915,0.1589
2025-03-10 00:00:00,0.3144,0.1406
2025-03-10 01:00:00,0.3162,0.1201
2025-03-10 02:00:00,0.284,0.1421
2025-03-10 03:00:00,0.298,0.1248
2025-03-10 04:00:00,0.2972,0.114
2025-03-10 05:00:00,0.2425,0.1087
2025-03-10 06:00:00,0.2679,0.0933
2025-03-10 07:00:00,0.2829,0.101
2025-03-10 08:00:00,0.238,0.1027
2025-03-10 09:00:00,0.2262,0.117
2025-03-10 10:00:00,0.2108,0.1037
2025-03-10 11:00:00,0.1828,0.1033
2025-03-10 12:00:00,0.1811,0.1246
2025-03-10 13:00:00,0.1831,0.1176
2025-03-10 14:00:00,0.1797,0.1247
2025-03-10 15:00:00,0.1764,0.1302
2025-03-10 16:00:00,0.1785,0.1624
2025-03-10 17:00:00,0.1917,0.1338
2025-03-10 18:00:00,0.2138,0.1687
2025-03-10 19:00:00,0.2152,0.1539
2025-03-10 20:00:00,0.2551,0.165
2025-03-10 21:00:00,0.242,0.1708
2025-03-10 22:00:00,0.2442,0.1613
2025-03-10 23:00:00,0.2742,0.1448
2025-03-11 00:00:00,0.3154,0.1397
2025-03-11 01:00:00,0.3011,0.1479
2025-03-11 02:00:00,0.2692,0.1323
2025-03-11 03:00:00,0.2944,0.1104
2025-03-11 04:00:00,0.2892,0.1092
2025-03-11 05:00:00,0.2862,0.1075
2025-03-11 06:00:00,0.2654,0.1006
2025-03-11 07:00:00,0.2428,0.1065
2025-03-11 08:00:00,0.2255,0.1149
2025-03-11 09:00:00,0.249,0.0743
2025-03-11 10:00:00,0.1893,0.1048
2025-03-11 11:00:00,0.1926,0.1115
2025-03-11 12:00:00,0.2204,0.1017
2025-03-11 13:00:00,0.1776,0.1251
2025-03-11 14:00:00,0.1779,0.1273
2025-03-11 15:00:00,0.1663,0.146
2025-03-11 16:00:00,0.1615,0.1376
2025-03-11 17:00:00,0.1899,0.1612
2025-03-11 18:00:00,0.2201,0.1344
2025-03-11 19:00:00,0.1911,0.1536
2025-03-11 20:00:00,0.2408,0.1549
2025-03-11 21:00:00,0.283,0.1497
2025-03-11 22:00:00,0.2555,0.141
2025-03-11 23:00:00,0.3064,0.1512
2025-03-12 00:00:00,0.3005,0.1485
2025-03-12 01:00:00,0.2461,0.1494
2025-03-12 02:00:00,0.3129,0.1287
2025-03-12 03:00:00,0.2933,0.1285
2025-03-12 04:00:00,0.2996,0.1109
2025-03-12 05:00:00,0.2964,0.1081
2025-03-12 06:00:00,0.2558,0.1042
2025-03-12 07:00:00,0.2898,0.1171
2025-03-12 08:00:00,0.2138,0.0963
2025-03-12 09:00:00,0.2091,0.1204
2025-03-12 10:00:00,0.1936,0.099
2025-03-12 11:00:00,0.1771,0.1008
2025-03-12 12:00:00,0.1935,0.1133
2025-03-12 13:00:00,0.1997,0.1213
2025-03-12 14:00:00,0.1752,0.1213
2025-03-12 15:00:00,0.1833,0.1479
2025-03-12 16:00:00,0.1889,0.1384
2025-03-12 17:00:00,0.2042,0.1465
2025-03-12 18:00:00,0.2188,0.1589
2025-03-12 19:00:00,0.248,0.1627
2025-03-12 20:00:00,0.2265,0.1443
2025-03-12 21:00:00,0.242,0.1683
2025-03-12 22:00:00,0.2587,0.1528
2025-03-12 23:00:00,0.2955,0.166
2025-03-13 00:00:00,0.3158,0.1432
2025-03-13 01:00:00,0.3148,0.1215
2025-03-13 02:00:00,0.3387,0.1227
2025-03-13 03:00:00,0.2687,0.12
2025-03-13 04:00:00,0.2678,0.1147
2025-03-13 05:00:00,0.2772,0.1033
2025-03-13 06:00:00,0.2768,0.0987
2025-03-13 07:00:00,0.2898,0.1065
2025-03-13 08:00:00,0.2393,0.1116
2025-03-13 09:00:00,0.2313,0.0967
2025-03-13 10:00:00,0.2458,0.1132
2025-03-13 11:00:00,0.2408,0.1301
2025-03-13 12:00:00,0.1615,0.1012
2025-03-13 13:00:00,0.1566,0.12
2025-03-13 14:00:00,0.1711,0.131
2025-03-13 15:00:00,0.1841,0.1314
2025-03-13 16:00:00,0.1889,0.1446
2025-03-13 17:00:00,0.2069,0.1798
2025-03-13 18:00:00,0.2358,0.156
2025-03-13 19:00:00,0.2293,0.1556
2025-03-13 20:00:00,0.228,0.1624
2025-03-13 21:00:00,0.269,0.1607
2025-03-13 22:00:00,0.265,0.1552
2025-03-13 23:00:00,0.2813,0.1495
2025-03-14 00:00:00,0.2953,0.1437
2025-03-14 01:00:00,0.2742,0.1562
2025-03-14 02:00:00,0.3149,0.1195
2025-03-14 03:00:00,0.3237,0.1251
2025-03-14 04:00:00,0.2869,0.1092
2025-03-14 05:00:00,0.2791,0.1026
2025-03-14 06:00:00,0.2603,0.1067
2025-03-14 07:00:00,0.2531,0.1052
2025-03-14 08:00:00,0.2851,0.1107
2025-03-14 09:00:00,0.2094,0.0984
2025-03-14 10:00:00,0.2105,0.1094
2025-03-14 11:00:00,0.2313,0.1084
2025-03-14 12:00:00,0.1759,0.1042
2025-03-14 13:00:00,0.1705,0.1243
2025-03-14 14:00:00,0.1889,0.1394
2025-03-14 15:00:00,0.1692,0.1361
2025-03-14 16:00:00,0.192,0.1475
2025-03-14 17:00:00,0.1655,0.1598
2025-03-14 18:00:00,0.2223,0.1565
2025-03-14 19:00:00,0.2184,0.1629
2025-03-14 20:00:00,0.2109,0.164
2025-03-14 21:00:00,0.2578,0.1719
2025-03-14 22:00:00,0.2798,0.1678
2025-03-14 23:00:00,0.3094,0.1366
2025-03-15 00:00:00,0.3087,0.1506
2025-03-15 01:00:00,0.2927,0.1427
2025-03-15 02:00:00,0.3038,0.1383
2025-03-15 03:00:00,0.3007,0.1091
2025-03-15 04:00:00,0.2975,0.1153
2025-03-15 05:00:00,0.3082,0.105
2025-03-15 06:00:00,0.2485,0.1258
2025-03-15 07:00:00,0.2794,0.1041
2025-03-15 08:00:00,0.2739,0.0823
2025-03-15 09:00:00,0.2279,0.1081
2025-03-15 10:00:00,0.225,0.1167
2025-03-15 11:00:00,0.194,0.1156
2025-03-15 12:00:00,0.2031,0.12
2025-03-15 13:00:00,0.2022,0.1264
2025-03-15 14:00:00,0.1866,0.1341
2025-03-15 15:00:00,0.1555,0.1315
2025-03-15 16:00:00,0.1667,0.149
2025-03-15 17:00:00,0.2048,0.1542
2025-03-15 18:00:00,0.1793,0.1459
2025-03-15 19:00:00,0.2361,0.1528
2025-03-15 20:00:00,0.2293,0.1809
2025-03-15 21:00:00,0.2795,0.1587
2025-03-15 22:00:00,0.2663,0.1519
2025-03-15 23:00:00,0.2655,0.1405
2025-03-16 00:00:00,0.2961,0.149
2025-03-16 01:00:00,0.2821,0.1423
2025-03-16 02:00:00,0.2759,0.1389
2025-03-16 03:00:00,0.2623,0.1264
2025-03-16 04:00:00,0.2771,0.1272
2025-03-16 05:00:00,0.2627,0.1039
2025-03-16 06:00:00,0.2791,0.1072
2025-03-16 07:00:00,0.2407,0.0973
2025-03-16 08:00:00,0.2365,0.1178
2025-03-16 09:00:00,0.2167,0.1168
2025-03-16 10:00:00,0.1937,0.1175
2025-03-16 11:00:00,0.2101,0.1076
2025-03-16 12:00:00,0.1974,0.1092
2025-03-16 13:00:00,0.1903,0.1258
2025-03-16 14:00:00,0.1908,0.1301
2025-03-16 15:00:00,0.1678,0.1087
2025-03-16 16:00:00,0.214,0.1407
2025-03-16 17:00:00,0.23,0.1457
2025-03-16 18:00:00,0.2083,0.1587
2025-03-16 19:00:00,0.1861,0.1662
2025-03-16 20:00:00,0.2369,0.1728
2025-03-16 21:00:00,0.2245,0.1315
2025-03-16 22:00:00,0.3108,0.1548
2025-03-16 23:00:00,0.2879,0.1615
2025-03-17 00:00:00,0.3023,0.1527
2025-03-17 01:00:00,0.2905,0.1431
2025-03-17 02:00:00,0.2909,0.1239
2025-03-17 03:00:00,0.3209,0.1183
2025-03-17 04:00:00,0.2926,0.0986
2025-03-17 05:00:00,0.2838,0.1124
2025-03-17 06:00:00,0.2549,0.093
2025-03-17 07:00:00,0.2584,0.0862
2025-03-17 08:00:00,0.2457,0.1027
2025-03-17 09:00:00,0.2215,0.1176
2025-03-17 10:00:00,0.2465,0.1143
2025-03-17 11:00:00,0.1773,0.1061
2025-03-17 12:00:00,0.2426,0.109
2025-03-17 13:00:00,0.1902,0.138
2025-03-17 14:00:00,0.2022,0.1363
2025-03-17 15:00:00,0.1903,0.1333
2025-03-17 16:00:00,0.1785,0.148
2025-03-17 17:00:00,0.2045,0.1462
2025-03-17 18:00:00,0.2468,0.1553
2025-03-17 19:00:00,0.2293,0.1544
2025-03-17 20:00:00,0.246,0.1613
2025-03-17 21:00:00,0.2444,0.1691
2025-03-17 22:00:00,0.2843,0.1642
2025-03-17 23:00:00,0.27,0.158
2025-03-18 00:00:00,0.2847,0.1437
2025-03-18 01:00:00,0.3029,0.1563
2025-03-18 02:00:00,0.2926,0.113
2025-03-18 03:00:00,0.309,0.1234
2025-03-18 04:00:00,0.2747,0.1089
2025-03-18 05:00:00,0.2883,0.094
2025-03-18 06:00:00,0.2923,0.1053
2025-03-18 07:00:00,0.2627,0.0917
2025-03-18 08:00:00,0.2437,0.0946
2025-03-18 09:00:00,0.2215,0.1057
2025-03-18 10:00:00,0.1976,0.1166
2025-03-18 11:00:00,0.1988,0.1176
2025-03-18 12:00:00,0.1779,0.1154
2025-03-18 13:00:00,0.1719,0.1108
2025-03-18 14:00:00,0.1846,0.1249
2025-03-18 15:00:00,0.144,0.1249
2025-03-18 16:00:00,0.1852,0.1421
2025-03-18 17:00:00,0.1848,0.1663
2025-03-18 18:00:00,0.2388,0.1544
2025-03-18 19:00:00,0.2184,0.1572
2025-03-18 20:00:00,0.2376,0.1589
2025-03-18 21:00:00,0.2824,0.165
2025-03-18 22:00:00,0.2561,0.1523
2025-03-18 23:00:00,0.2777,0.1623
2025-03-19 00:00:00,0.2854,0.1465
2025-03-19 01:00:00,0.309,0.1454
2025-03-19 02:00:00,0.3237,0.143
2025-03-19 03:00:00,0.2902,0.1142
2025-03-19 04:00:00,0.2667,0.1057
2025-03-19 05:00:00,0.295,0.1166
2025-03-19 06:00:00,0.2974,0.1096
2025-03-19 07:00:00,0.2493,0.0807
2025-03-19 08:00:00,0.246,0.0877
2025-03-19 09:00:00,0.2396,0.1088
2025-03-19 10:00:00,0.2287,0.103
2025-03-19 11:00:00,0.1868,0.1113
2025-03-19 12:00:00,0.1966,0.1111
2025-03-19 13:00:00,0.1533,0.1112
2025-03-19 14:00:00,0.1704,0.1398
2025-03-19 15:00:00,0.2055,0.131
2025-03-19 16:00:00,0.1662,0.1363
2025-03-19 17:00:00,0.1914,0.1479
2025-03-19 18:00:00,0.2128,0.155
2025-03-19 19:00:00,0.2568,0.143
2025-03-19 20:00:00,0.2159,0.1675
2025-03-19 21:00:00,0.2366,0.158
2025-03-19 22:00:00,0.2889,0.1463
2025-03-19 23:00:00,0.3064,0.1479
2025-03-20 00:00:00,0.2866,0.1517
2025-03-20 01:00:00,0.342,0.1202
2025-03-20 02:00:00,0.3214,0.1373
2025-03-20 03:00:00,0.309,0.1234
2025-03-20 04:00:00,0.3044,0.1063
2025-03-20 05:00:00,0.3025,0.1208
2025-03-20 06:00:00,0.272,0.1203
2025-03-20 07:00:00,0.254,0.0953
2025-03-20 08:00:00,0.2484,0.0881
2025-03-20 09:00:00,0.2433,0.0929
2025-03-20 10:00:00,0.222,0.1188
2025-03-20 11:00:00,0.2182,0.1202
2025-03-20 12:00:00,0.2047,0.1218
2025-03-20 13:00:00,0.1826,0.1193
2025-03-20 14:00:00,0.1778,0.1243
2025-03-20 15:00:00,0.2002,0.1506
2025-03-20 16:00:00,0.2015,0.147
2025-03-20 17:00:00,0.208,0.1731
2025-03-20 18:00:00,0.2328,0.1532
2025-03-20 19:00:00,0.2113,0.1776
2025-03-20 20:00:00,0.2592,0.15
2025-03-20 21:00:00,0.2329,0.1474
2025-03-20 22:00:00,0.2704,0.1701
2025-03-20 23:00:00,0.3073,0.1565
2025-03-21 00:00:00,0.311,0.1614
2025-03-21 01:00:00,0.3179,0.1494
2025-03-21 02:00:00,0.3011,0.1289
2025-03-21 03:00:00,0.3089,0.1249
2025-03-21 04:00:00,0.3128,0.1075
2025-03-21 05:00:00,0.2587,0.0924
2025-03-21 06:00:00,0.2878,0.1072
2025-03-21 07:00:00,0.2546,0.1045
2025-03-21 08:00:00,0.2511,0.0765
2025-03-21 09:00:00,0.208,0.1123
2025-03-21 10:00:00,0.222,0.1095
2025-03-21 11:00:00,0.218,0.1048
2025-03-21 12:00:00,0.206,0.1037
2025-03-21 13:00:00,0.2031,0.1253
2025-03-21 14:00:00,0.1563,0.124
2025-03-21 15:00:00,0.123,0.1445
2025-03-21 16:00:00,0.2027,0.1262
2025-03-21 17:00:00,0.202,0.1533
2025-03-21 18:00:00,0.2172,0.1539
2025-03-21 19:00:00,0.2692,0.1508
2025-03-21 20:00:00,0.2364,0.1752
2025-03-21 21:00:00,0.2647,0.1516
2025-03-21 22:00:00,0.2579,0.1518
2025-03-21 23:00:00,0.2388,0.1547
2025-03-22 00:00:00,0.3236,0.1704
2025-03-22 01:00:00,0.276,0.1353
2025-03-22 02:00:00,0.3297,0.1364
2025-03-22 03:00:00,0.2896,0.1306
2025-03-22 04:00:00,0.2794,0.1084
2025-03-22 05:00:00,0.3171,0.1093
2025-03-22 06:00:00,0.2628,0.1277
2025-03-22 07:00:00,0.2701,0.1162
2025-03-22 08:00:00,0.2387,0.0924
2025-03-22 09:00:00,0.217,0.1005
2025-03-22 10:00:00,0.2009,0.0915
2025-03-22 11:00:00,0.1687,0.117
2025-03-22 12:00:00,0.2012,0.124
2025-03-22 13:00:00,0.223,0.1116
2025-03-22 14:00:00,0.1811,0.1348
2025-03-22 15:00:00,0.2142,0.1203
2025-03-22 16:00:00,0.1957,0.153
2025-03-22 17:00:00,0.2404,0.1345
2025-03-22 18:00:00,0.2029,0.1572
2025-03-22 19:00:00,0.2413,0.1509
2025-03-22 20:00:00,0.2472,0.174
2025-03-22 21:00:00,0.2299,0.1638
2025-03-22 22:00:00,0.2265,0.1398
2025-03-22 23:00:00,0.2766,0.157
2025-03-23 00:00:00,0.2954,0.1476
2025-03-23 01:00:00,0.2883,0.1255
2025-03-23 02:00:00,0.2448,0.1177
2025-03-23 03:00:00,0.3207,0.1163
2025-03-23 04:00:00,0.3351,0.0912
2025-03-23 05:00:00,0.3184,0.1065
2025-03-23 06:00:00,0.2381,0.1082
2025-03-23 07:00:00,0.2551,0.1083
2025-03-23 08:00:00,0.2853,0.0952
2025-03-23 09:00:00,0.2404,0.0974
2025-03-23 10:00:00,0.1924,0.1117
2025-03-23 11:00:00,0.1718,0.1118
2025-03-23 12:00:00,0.2073,0.1127
2025-03-23 13:00:00,0.2186,0.1136
2025-03-23 14:00:00,0.1929,0.1349
2025-03-23 15:00:00,0.1822,0.1382
2025-03-23 16:00:00,0.1492,0.1444
2025-03-23 17:00:00,0.2247,0.1518
2025-03-23 18:00:00,0.1848,0.1454
2025-03-23 19:00:00,0.1877,0.1492
2025-03-23 20:00:00,0.2344,0.15
2025-03-23 21:00:00,0.2662,0.1451
2025-03-23 22:00:00,0.2981,0.1449
2025-03-23 23:00:00,0.328,0.1515
2025-03-24 00:00:00,0.3114,0.1497
2025-03-24 01:00:00,0.2636,0.1341
2025-03-24 02:00:00,0.2788,0.141
2025-03-24 03:00:00,0.3189,0.1357
2025-03-24 04:00:00,0.2963,0.0954
2025-03-24 05:00:00,0.2942,0.1125
2025-03-24 06:00:00,0.2341,0.1068
2025-03-24 07:00:00,0.2543,0.0881
2025-03-24 08:00:00,0.2499,0.1011
2025-03-24 09:00:00,0.2077,0.0975
2025-03-24 10:00:00,0.1945,0.102
2025-03-24 11:00:00,0.1773,0.1235
2025-03-24 12:00:00,0.1888,0.1132
2025-03-24 13:00:00,0.1507,0.1132
2025-03-24 14:00:00,0.1792,0.1356
2025-03-24 15:00:00,0.1593,0.1339
2025-03-24 16:00:00,0.21,0.1553
2025-03-24 17:00:00,0.1968,0.1469
2025-03-24 18:00:00,0.1922,0.1683
2025-03-24 19:00:00,0.2433,0.1628
2025-03-24 20:00:00,0.2551,0.1549
2025-03-24 21:00:00,0.2455,0.1547
2025-03-24 22:00:00,0.2996,0.1595
2025-03-24 23:00:00,0.2802,0.1387
2025-03-25 00:00:00,0.2864,0.1478
2025-03-25 01:00:00,0.2903,0.134
2025-03-25 02:00:00,0.324,0.1292
2025-03-25 03:00:00,0.2716,0.1271
2025-03-25 04:00:00,0.2808,0.1085
2025-03-25 05:00:00,0.2594,0.1126
2025-03-25 06:00:00,0.261,0.0992
2025-03-25 07:00:00,0.2787,0.0953
2025-03-25 08:00:00,0.248,0.0941
2025-03-25 09:00:00,0.2275,0.0816
2025-03-25 10:00:00,0.2042,0.0737
2025-03-25 11:00:00,0.2204,0.129
2025-03-25 12:00:00,0.1806,0.1093
2025-03-25 13:00:00,0.1927,0.1131
2025-03-25 14:00:00,0.1974,0.1316
2025-03-25 15:00:00,0.1804,0.1497
2025-03-25 16:00:00,0.199,0.1393
2025-03-25 17:00:00,0.2012,0.1605
2025-03-25 18:00:00,0.1967,0.1494
2025-03-25 19:00:00,0.2493,0.1536
2025-03-25 20:00:00,0.2347,0.162
2025-03-25 21:00:00,0.2719,0.166
2025-03-25 22:00:00,0.2383,0.1621
2025-03-25 23:00:00,0.2664,0.1638
2025-03-26 00:00:00,0.3109,0.1349
2025-03-26 01:00:00,0.2803,0.1353
2025-03-26 02:00:00,0.3027,0.1173
2025-03-26 03:00:00,0.2752,0.1188
2025-03-26 04:00:00,0.2674,0.1166
2025-03-26 05:00:00,0.2687,0.1095
2025-03-26 06:00:00,0.2845,0.1065
2025-03-26 07:00:00,0.2598,0.1065
2025-03-26 08:00:00,0.2431,0.0901
2025-03-26 09:00:00,0.2331,0.0847
2025-03-26 10:00:00,0.2327,0.1099
2025-03-26 11:00:00,0.1688,0.1124
2025-03-26 12:00:00,0.2144,0.1145
2025-03-26 13:00:00,0.1728,0.1065
2025-03-26 14:00:00,0.1715,0.1231
2025-03-26 15:00:00,0.1933,0.1397
2025-03-26 16:00:00,0.1883,0.1464
2025-03-26 17:00:00,0.1428,0.1546
2025-03-26 18:00:00,0.2214,0.139
2025-03-26 19:00:00,0.2267,0.1711
2025-03-26 20:00:00,0.2383,0.1602
2025-03-26 21:00:00,0.2743,0.1633
2025-03-26 22:00:00,0.3056,0.1604
2025-03-26 23:00:00,0.2603,0.1533
2025-03-27 00:00:00,0.2914,0.1444
2025-03-27 01:00:00,0.2898,0.1409
2025-03-27 02:00:00,0.3043,0.1398
2025-03-27 03:00:00,0.3095,0.1199
2025-03-27 04:00:00,0.2739,0.1074
2025-03-27 05:00:00,0.2627,0.0838
2025-03-27 06:00:00,0.2611,0.1118
2025-03-27 07:00:00,0.2196,0.0872
2025-03-27 08:00:00,0.2348,0.1007
2025-03-27 09:00:00,0.2212,0.0925
2025-03-27 10:00:00,0.1813,0.082
2025-03-27 11:00:00,0.2021,0.1172
2025-03-27 12:00:00,0.1927,0.1253
2025-03-27 13:00:00,0.17,0.1263
2025-03-27 14:00:00,0.2093,0.1288
2025-03-27 15:00:00,0.1791,0.1357
2025-03-27 16:00:00,0.1816,0.132
2025-03-27 17:00:00,0.1914,0.149
2025-03-27 18:00:00,0.1943,0.1587
2025-03-27 19:00:00,0.1983,0.1492
2025-03-27 20:00:00,0.2773,0.1782
2025-03-27 21:00:00,0.2647,0.151
2025-03-27 22:00:00,0.2789,0.1558
2025-03-27 23:00:00,0.2607,0.1508
2025-03-28 00:00:00,0.2755,0.1402
2025-03-28 01:00:00,0.3341,0.1369
2025-03-28 02:00:00,0.2581,0.1232
2025-03-28 03:00:00,0.3156,0.1199
2025-03-28 04:00:00,0.3006,0.1015
2025-03-28 05:00:00,0.2663,0.114
2025-03-28 06:00:00,0.253,0.0852
2025-03-28 07:00:00,0.2533,0.0928
2025-03-28 08:00:00,0.2277,0.1056
2025-03-28 09:00:00,0.2353,0.0924
2025-03-28 10:00:00,0.2146,0.089
2025-03-28 11:00:00,0.1728,0.094
2025-03-28 12:00:00,0.1636,0.1245
2025-03-28 13:00:00,0.1625,0.1141
2025-03-28 14:00:00,0.1568,0.1333
2025-03-28 15:00:00,0.218,0.1503
2025-03-28 16:00:00,0.1878,0.151
2025-03-28 17:00:00,0.2054,0.154
2025-03-28 18:00:00,0.2041,0.1532
2025-03-28 19:00:00,0.241,0.1621
2025-03-28 20:00:00,0.2225,0.1523
2025-03-28 21:00:00,0.2549,0.1538
2025-03-28 22:00:00,0.2677,0.1511
2025-03-28 23:00:00,0.2925,0.1408
2025-03-29 00:00:00,0.2714,0.1507
2025-03-29 01:00:00,0.3048,0.1214
2025-03-29 02:00:00,0.312,0.1335
2025-03-29 03:00:00,0.3056,0.1136
2025-03-29 04:00:00,0.2834,0.1082
2025-03-29 05:00:00,0.2771,0.1172
2025-03-29 06:00:00,0.2737,0.0998
2025-03-29 07:00:00,0.2545,0.0946
2025-03-29 08:00:00,0.2657,0.0965
2025-03-29 09:00:00,0.2109,0.1057
2025-03-29 10:00:00,0.1643,0.1167
2025-03-29 11:00:00,0.2115,0.1194
2025-03-29 12:00:00,0.1589,0.1245
2025-03-29 13:00:00,0.1443,0.1237
2025-03-29 14:00:00,0.1634,0.1305
2025-03-29 15:00:00,0.1995,0.14
2025-03-29 16:00:00,0.1917,0.1272
2025-03-29 17:00:00,0.2071,0.146
2025-03-29 18:00:00,0.1979,0.147
2025-03-29 19:00:00,0.2155,0.1395
2025-03-29 20:00:00,0.2293,0.159
2025-03-29 21:00:00,0.2425,0.1618
2025-03-29 22:00:00,0.2712,0.1589
2025-03-29 23:00:00,0.266,0.1337
2025-03-30 00:00:00,0.3051,0.1334
2025-03-30 01:00:00,0.2792,0.1199
2025-03-30 02:00:00,0.3355,0.1379
2025-03-30 03:00:00,0.2963,0.1265
2025-03-30 04:00:00,0.2923,0.1281
2025-03-30 05:00:00,0.3069,0.1009
2025-03-30 06:00:00,0.2914,0.1205
2025-03-30 07:00:00,0.2579,0.1116
2025-03-30 08:00:00,0.2163,0.1113
2025-03-30 09:00:00,0.1958,0.1086
2025-03-30 10:00:00,0.2144,0.1031
2025-03-30 11:00:00,0.2062,0.1386
2025-03-30 12:00:00,0.1754,0.1132
2025-03-30 13:00:00,0.1674,0.13
2025-03-30 14:00:00,0.1254,0.1286
2025-03-30 15:00:00,0.1882,0.1384
2025-03-30 16:00:00,0.1718,0.1513
2025-03-30 17:00:00,0.2209,0.1509
2025-03-30 18:00:00,0.2424,0.1504
2025-03-30 19:00:00,0.2287,0.1284
2025-03-30 20:00:00,0.21,0.1528
2025-03-30 21:00:00,0.2692,0.1395
2025-03-30 22:00:00,0.2525,0.1519
2025-03-30 23:00:00,0.2746,0.1473
2025-03-31 00:00:00,0.2772,0.1464
2025-03-31 01:00:00,0.2713,0.1419
2025-03-31 02:00:00,0.2814,0.1386
2025-03-31 03:00:00,0.2847,0.1184
2025-03-31 04:00:00,0.3258,0.0994
2025-03-31 05:00:00,0.267,0.1057
2025-03-31 06:00:00,0.2664,0.0863
2025-03-31 07:00:00,0.2659,0.1068
2025-03-31 08:00:00,0.2492,0.0978
2025-03-31 09:00:00,0.2235,0.1006
2025-03-31 10:00:00,0.1935,0.1025
2025-03-31 11:00:00,0.2059,0.0985
2025-03-31 12:00:00,0.182,0.1062
2025-03-31 13:00:00,0.2351,0.1267
2025-03-31 14:00:00,0.2021,0.152
2025-03-31 15:00:00,0.1903,0.1323
2025-03-31 16:00:00,0.1824,0.1396
2025-03-31 17:00:00,0.2108,0.1447
2025-03-31 18:00:00,0.1771,0.1626
2025-03-31 19:00:00,0.2018,0.1734
2025-03-31 20:00:00,0.2015,0.1566
2025-03-31 21:00:00,0.2661,0.1528
2025-03-31 22:00:00,0.2953,0.1636
2025-03-31 23:00:00,0.2886,0.1524
2025-04-01 00:00:00,0.2667,0.1421
2025-04-01 01:00:00,0.3323,0.1481
2025-04-01 02:00:00,0.2553,0.1417
2025-04-01 03:00:00,0.3248,0.1177
2025-04-01 04:00:00,0.2966,0.1197
2025-04-01 05:00:00,0.2891,0.0977
2025-04-01 06:00:00,0.2979,0.0965
2025-04-01 07:00:00,0.2126,0.0973
2025-04-01 08:00:00,0.2548,0.0934
2025-04-01 09:00:00,0.2332,0.0873
2025-04-01 10:00:00,0.1935,0.0865
2025-04-01 11:00:00,0.1692,0.1186
2025-04-01 12:00:00,0.1902,0.0877
2025-04-01 13:00:00,0.238,0.1107
2025-04-01 14:00:00,0.1933,0.1519
2025-04-01 15:00:00,0.1802,0.1267
2025-04-01 16:00:00,0.1859,0.133
2025-04-01 17:00:00,0.2096,0.1512
2025-04-01 18:00:00,0.1872,0.1553
2025-04-01 19:00:00,0.2088,0.1555
2025-04-01 20:00:00,0.2567,0.1461
2025-04-01 21:00:00,0.2746,0.1573
2025-04-01 22:00:00,0.2436,0.1616
2025-04-01 23:00:00,0.2638,0.1482
2025-04-02 00:00:00,0.2729,0.1424
2025-04-02 01:00:00,0.2852,0.1345
2025-04-02 02:00:00,0.3317,0.1212
2025-04-02 03:00:00,0.2556,0.1278
2025-04-02 04:00:00,0.3193,0.1249
2025-04-02 05:00:00,0.303,0.114
2025-04-02 06:00:00,0.2674,0.0991
2025-04-02 07:00:00,0.2603,0.09
2025-04-02 08:00:00,0.2237,0.0985
2025-04-02 09:00:00,0.2354,0.0932
2025-04-02 10:00:00,0.201,0.1024
2025-04-02 11:00:00,0.1748,0.1103
2025-04-02 12:00:00,0.1918,0.1172
2025-04-02 13:00:00,0.1871,0.1214
2025-04-02 14:00:00,0.1811,0.1343
2025-04-02 15:00:00,0.1874,0.139
2025-04-02 16:00:00,0.1904,0.1437
2025-04-02 17:00:00,0.1611,0.1486
2025-04-02 18:00:00,0.2275,0.168
2025-04-02 19:00:00,0.2112,0.1402
2025-04-02 20:00:00,0.2575,0.1568
2025-04-02 21:00:00,0.2236,0.1773
2025-04-02 22:00:00,0.2653,0.137
2025-04-02 23:00:00,0.2537,0.1512
2025-04-03 00:00:00,0.3331,0.1275
2025-04-03 01:00:00,0.299,0.1581
2025-04-03 02:00:00,0.2633,0.1395
2025-04-03 03:00:00,0.2921,0.1027
2025-04-03 04:00:00,0.3215,0.1119
2025-04-03 05:00:00,0.2786,0.1256
2025-04-03 06:00:00,0.2765,0.0993
2025-04-03 07:00:00,0.232,0.087
2025-04-03 08:00:00,0.205,0.1083
2025-04-03 09:00:00,0.2592,0.1132
2025-04-03 10:00:00,0.2161,0.1113
2025-04-03 11:00:00,0.224,0.1072
2025-04-03 12:00:00,0.2011,0.1295
2025-04-03 13:00:00,0.1892,0.1355
2025-04-03 14:00:00,0.2096,0.1333
2025-04-03 15:00:00,0.1899,0.123
2025-04-03 16:00:00,0.203,0.1437
2025-04-03 17:00:00,0.1774,0.1498
2025-04-03 18:00:00,0.2253,0.1533
2025-04-03 19:00:00,0.2153,0.1517
2025-04-03 20:00:00,0.2489,0.1578
2025-04-03 21:00:00,0.2631,0.1626
2025-04-03 22:00:00,0.2746,0.1513
2025-04-03 23:00:00,0.2594,0.1489
2025-04-04 00:00:00,0.2651,0.1367
2025-04-04 01:00:00,0.3048,0.1353
2025-04-04 02:00:00,0.3197,0.148
2025-04-04 03:00:00,0.31,0.1327
2025-04-04 04:00:00,0.2608,0.1403
2025-04-04 05:00:00,0.313,0.1167
2025-04-04 06:00:00,0.2712,0.1032
2025-04-04 07:00:00,0.237,0.1021
2025-04-04 08:00:00,0.2487,0.1065
2025-04-04 09:00:00,0.2303,0.0944
2025-04-04 10:00:00,0.2198,0.1213
2025-04-04 11:00:00,0.1905,0.1226
2025-04-04 12:00:00,0.1863,0.1256
2025-04-04 13:00:00,0.1919,0.1048
2025-04-04 14:00:00,0.1751,0.1254
2025-04-04 15:00:00,0.176,0.1484
2025-04-04 16:00:00,0.1842,0.136
2025-04-04 17:00:00,0.2043,0.1477
2025-04-04 18:00:00,0.1997,0.1481
2025-04-04 19:00:00,0.2492,0.1737
2025-04-04 20:00:00,0.252,0.1487
2025-04-04 21:00:00,0.2531,0.1647
2025-04-04 22:00:00,0.2661,0.1461
2025-04-04 23:00:00,0.2694,0.1402
2025-04-05 00:00:00,0.2775,0.141
2025-04-05 01:00:00,0.2732,0.1575
2025-04-05 02:00:00,0.3172,0.1256
2025-04-05 03:00:00,0.2944,0.1166
2025-04-05 04:00:00,0.2752,0.118
2025-04-05 05:00:00,0.2881,0.0984
2025-04-05 06:00:00,0.2691,0.0864
2025-04-05 07:00:00,0.268,0.1153
2025-04-05 08:00:00,0.2229,0.1003
2025-04-05 09:00:00,0.2175,0.0906
2025-04-05 10:00:00,0.2168,0.0972
2025-04-05 11:00:00,0.1873,0.1047
2025-04-05 12:00:00,0.1672,0.1019
2025-04-05 13:00:00,0.1605,0.1041
2025-04-05 14:00:00,0.1875,0.1364
2025-04-05 15:00:00,0.1446,0.1467
2025-04-05 16:00:00,0.1603,0.1392
2025-04-05 17:00:00,0.2343,0.1619
2025-04-05 18:00:00,0.2054,0.1589
2025-04-05 19:00:00,0.2535,0.156
2025-04-05 20:00:00,0.2445,0.1616
2025-04-05 21:00:00,0.2576,0.1679
2025-04-05 22:00:00,0.2629,0.162
2025-04-05 23:00:00,0.262,0.1469
2025-04-06 00:00:00,0.2685,0.142
2025-04-06 01:00:00,0.2988,0.135
2025-04-06 02:00:00,0.3437,0.1077
2025-04-06 03:00:00,0.2541,0.1153
2025-04-06 04:00:00,0.2722,0.1293
2025-04-06 05:00:00,0.2743,0.112
2025-04-06 06:00:00,0.253,0.1074
2025-04-06 07:00:00,0.2456,0.0978
2025-04-06 08:00:00,0.2372,0.0943
2025-04-06 09:00:00,0.1856,0.1215
2025-04-06 10:00:00,0.1891,0.1311
2025-04-06 11:00:00,0.1732,0.0836
2025-04-06 12:00:00,0.1702,0.1288
2025-04-06 13:00:00,0.1765,0.1471
2025-04-06 14:00:00,0.1407,0.137
2025-04-06 15:00:00,0.1861,0.1453
2025-04-06 16:00:00,0.1663,0.1437
2025-04-06 17:00:00,0.1476,0.1321
2025-04-06 18:00:00,0.2421,0.1546
2025-04-06 19:00:00,0.2387,0.1545
2025-04-06 20:00:00,0.2189,0.1457
2025-04-06 21:00:00,0.2398,0.1622
2025-04-06 22:00:00,0.2346,0.1569
2025-04-06 23:00:00,0.2926,0.1368
2025-04-07 00:00:00,0.3074,0.1451
2025-04-07 01:00:00,0.3022,0.1468
2025-04-07 02:00:00,0.2876,0.1267
2025-04-07 03:00:00,0.3125,0.1269
2025-04-07 04:00:00,0.2698,0.1278
2025-04-07 05:00:00,0.2817,0.0919
2025-04-07 06:00:00,0.2553,0.0967
2025-04-07 07:00:00,0.2262,0.0821
2025-04-07 08:00:00,0.2387,0.0997
2025-04-07 09:00:00,0.2246,0.109
2025-04-07 10:00:00,0.2215,0.1062
2025-04-07 11:00:00,0.1971,0.1165
2025-04-07 12:00:00,0.1902,0.1243
2025-04-07 13:00:00,0.2056,0.1217
2025-04-07 14:00:00,0.211,0.1259
2025-04-07 15:00:00,0.2036,0.1221
2025-04-07 16:00:00,0.162,0.1588
2025-04-07 17:00:00,0.2236,0.1487
2025-04-07 18:00:00,0.2268,0.1411
2025-04-07 19:00:00,0.2532,0.1516
2025-04-07 20:00:00,0.213,0.1503
2025-04-07 21:00:00,0.2472,0.1579
2025-04-07 22:00:00,0.2957,0.1579
2025-04-07 23:00:00,0.2795,0.1609
2025-04-08 00:00:00,0.3288,0.1534
2025-04-08 01:00:00,0.2995,0.118
2025-04-08 02:00:00,0.2979,0.1444
2025-04-08 03:00:00,0.3102,0.1152
2025-04-08 04:00:00,0.2923,0.107
2025-04-08 05:00:00,0.3222,0.1004
2025-04-08 06:00:00,0.2616,0.0953
2025-04-08 07:00:00,0.2545,0.1181
2025-04-08 08:00:00,0.238,0.1001
2025-04-08 09:00:00,0.2022,0.0929
2025-04-08 10:00:00,0.2129,0.1096
2025-04-08 11:00:00,0.2106,0.101
2025-04-08 12:00:00,0.1967,0.0855
2025-04-08 13:00:00,0.1936,0.1086
2025-04-08 14:00:00,0.2215,0.1212
2025-04-08 15:00:00,0.1664,0.1503
2025-04-08 16:00:00,0.1725,0.1405
2025-04-08 17:00:00,0.2037,0.1578
2025-04-08 18:00:00,0.208,0.1443
2025-04-08 19:00:00,0.2446,0.1728
2025-04-08 20:00:00,0.2265,0.1522
2025-04-08 21:00:00,0.2542,0.1551
2025-04-08 22:00:00,0.2567,0.1568
2025-04-08 23:00:00,0.2439,0.1512
2025-04-09 00:00:00,0.2867,0.1406
2025-04-09 01:00:00,0.3104,0.1391
2025-04-09 02:00:00,0.3006,0.12
2025-04-09 03:00:00,0.295,0.1306
2025-04-09 04:00:00,0.3055,0.1073
2025-04-09 05:00:00,0.2543,0.0974
2025-04-09 06:00:00,0.2818,0.1084
2025-04-09 07:00:00,0.2613,0.1016
2025-04-09 08:00:00,0.2329,0.1131
2025-04-09 09:00:00,0.2034,0.0944
2025-04-09 10:00:00,0.2079,0.1047
2025-04-09 11:00:00,0.1972,0.1037
2025-04-09 12:00:00,0.2102,0.1024
2025-04-09 13:00:00,0.1896,0.1298
2025-04-09 14:00:00,0.1561,0.1461
2025-04-09 15:00:00,0.1839,0.1253
2025-04-09 16:00:00,0.1638,0.1429
2025-04-09 17:00:00,0.2087,0.1578
2025-04-09 18:00:00,0.2167,0.1622
2025-04-09 19:00:00,0.2196,0.17
2025-04-09 20:00:00,0.2338,0.1686
2025-04-09 21:00:00,0.2357,0.1599
2025-04-09 22:00:00,0.2383,0.1544
2025-04-09 23:00:00,0.2863,0.1384
2025-04-10 00:00:00,0.2774,0.1653
2025-04-10 01:00:00,0.2604,0.1405
2025-04-10 02:00:00,0.2714,0.1467
2025-04-10 03:00:00,0.3053,0.126
2025-04-10 04:00:00,0.2781,0.1084
2025-04-10 05:00:00,0.2953,0.1006
2025-04-10 06:00:00,0.2757,0.1042
2025-04-10 07:00:00,0.2658,0.1118
2025-04-10 08:00:00,0.261,0.1099
2025-04-10 09:00:00,0.2195,0.1129
2025-04-10 10:00:00,0.2207,0.0808
2025-04-10 11:00:00,0.2046,0.0926
2025-04-10 12:00:00,0.2128,0.1226
2025-04-10 13:00:00,0.1929,0.1152
2025-04-10 14:00:00,0.1503,0.1344
2025-04-10 15:00:00,0.2088,0.1345
2025-04-10 16:00:00,0.2246,0.1321
2025-04-10 17:00:00,0.1819,0.1654
2025-04-10 18:00:00,0.187,0.1507
2025-04-10 19:00:00,0.2308,0.1516
2025-04-10 20:00:00,0.2362,0.1563
2025-04-10 21:00:00,0.2875,0.1752
2025-04-10 22:00:00,0.2501,0.1617
2025-04-10 23:00:00,0.2544,0.1406
2025-04-11 00:00:00,0.2658,0.1411
2025-04-11 01:00:00,0.3386,0.1419
2025-04-11 02:00:00,0.283,0.1096
2025-04-11 03:00:00,0.2804,0.1252
2025-04-11 04:00:00,0.2777,0.1183
2025-04-11 05:00:00,0.2922,0.1149
2025-04-11 06:00:00,0.258,0.0759
2025-04-11 07:00:00,0.2444,0.0861
2025-04-11 08:00:00,0.2173,0.117
2025-04-11 09:00:00,0.2313,0.0879
2025-04-11 10:00:00,0.2201,0.1119
2025-04-11 11:00:00,0.1872,0.1109
2025-04-11 12:00:00,0.202,0.1286
2025-04-11 13:00:00,0.2177,0.1059
2025-04-11 14:00:00,0.1881,0.1254
2025-04-11 15:00:00,0.1992,0.1393
2025-04-11 16:00:00,0.1958,0.1452
2025-04-11 17:00:00,0.1788,0.155
2025-04-11 18:00:00,0.2155,0.1692
2025-04-11 19:00:00,0.2139,0.1612
2025-04-11 20:00:00,0.2531,0.1576
2025-04-11 21:00:00,0.2495,0.1673
2025-04-11 22:00:00,0.2645,0.1681
2025-04-11 23:00:00,0.273,0.134
2025-04-12 00:00:00,0.2987,0.1338
2025-04-12 01:00:00,0.278,0.149
2025-04-12 02:00:00,0.273,0.1415
2025-04-12 03:00:00,0.3203,0.1112
2025-04-12 04:00:00,0.2901,0.1185
2025-04-12 05:00:00,0.2761,0.141
2025-04-12 06:00:00,0.2667,0.1061
2025-04-12 07:00:00,0.2301,0.087
2025-04-12 08:00:00,0.1984,0.0901
2025-04-12 09:00:00,0.199,0.1133
2025-04-12 10:00:00,0.2094,0.1008
2025-04-12 11:00:00,0.2143,0.0985
2025-04-12 12:00:00,0.1637,0.103
2025-04-12 13:00:00,0.2074,0.1231
2025-04-12 14:00:00,0.1876,0.1059
2025-04-12 15:00:00,0.1922,0.1325
2025-04-12 16:00:00,0.1763,0.1403
2025-04-12 17:00:00,0.2146,0.1583
2025-04-12 18:00:00,0.1995,0.1609
2025-04-12 19:00:00,0.2117,0.1673
2025-04-12 20:00:00,0.252,0.1712
2025-04-12 21:00:00,0.2871,0.174
2025-04-12 22:00:00,0.246,0.1638
2025-04-12 23:00:00,0.3072,0.1469
2025-04-13 00:00:00,0.3279,0.138
2025-04-13 01:00:00,0.2968,0.1333
2025-04-13 02:00:00,0.3306,0.1386
2025-04-13 03:00:00,0.2795,0.126
2025-04-13 04:00:00,0.312,0.1233
2025-04-13 05:00:00,0.2802,0.1093
2025-04-13 06:00:00,0.2546,0.0948
2025-04-13 07:00:00,0.2766,0.1068
2025-04-13 08:00:00,0.2578,0.0895
2025-04-13 09:00:00,0.2284,0.1188
2025-04-13 10:00:00,0.215,0.1124
2025-04-13 11:00:00,0.1892,0.1099
2025-04-13 12:00:00,0.1818,0.1135
2025-04-13 13:00:00,0.2027,0.1351
2025-04-13 14:00:00,0.2105,0.1252
2025-04-13 15:00:00,0.1739,0.1372
2025-04-13 16:00:00,0.1943,0.1539
2025-04-13 17:00:00,0.1731,0.1505
2025-04-13 18:00:00,0.2238,0.152
2025-04-13 19:00:00,0.2253,0.156
2025-04-13 20:00:00,0.243,0.1561
2025-04-13 21:00:00,0.2118,0.1473
2025-04-13 22:00:00,0.2613,0.1576
2025-04-13 23:00:00,0.2747,0.15
2025-04-14 00:00:00,0.2756,0.1491
2025-04-14 01:00:00,0.3043,0.127
2025-04-14 02:00:00,0.3163,0.1279
2025-04-14 03:00:00,0.3048,0.1115
2025-04-14 04:00:00,0.3048,0.1233
2025-04-14 05:00:00,0.2852,0.1169
2025-04-14 06:00:00,0.2418,0.1092
2025-04-14 07:00:00,0.2458,0.0953
2025-04-14 08:00:00,0.2638,0.0991
2025-04-14 09:00:00,0.2194,0.1081
2025-04-14 10:00:00,0.2374,0.1157
2025-04-14 11:00:00,0.1835,0.1166
2025-04-14 12:00:00,0.2043,0.1112
2025-04-14 13:00:00,0.1846,0.1217
2025-04-14 14:00:00,0.1761,0.1334
2025-04-14 15:00:00,0.2199,0.1546
2025-04-14 16:00:00,0.2086,0.139
2025-04-14 17:00:00,0.1601,0.1505
2025-04-14 18:00:00,0.224,0.1473
2025-04-14 19:00:00,0.2036,0.1588
2025-04-14 20:00:00,0.2373,0.1538
2025-04-14 21:00:00,0.2737,0.1469
2025-04-14 22:00:00,0.2588,0.1582
2025-04-14 23:00:00,0.2612,0.1339
2025-04-15 00:00:00,0.2971,0.1269
2025-04-15 01:00:00,0.2952,0.1304
2025-04-15 02:00:00,0.289,0.13
2025-04-15 03:00:00,0.291,0.1314
2025-04-15 04:00:00,0.3055,0.1174
2025-04-15 05:00:00,0.3181,0.11
2025-04-15 06:00:00,0.3022,0.1068
2025-04-15 07:00:00,0.2607,0.0996
2025-04-15 08:00:00,0.2254,0.1174
2025-04-15 09:00:00,0.2298,0.0895
2025-04-15 10:00:00,0.2028,0.094
2025-04-15 11:00:00,0.2,0.1255
2025-04-15 12:00:00,0.1586,0.1122
2025-04-15 13:00:00,0.1753,0.1183
2025-04-15 14:00:00,0.1488,0.1146
2025-04-15 15:00:00,0.1728,0.1399
2025-04-15 16:00:00,0.2056,0.1445
2025-04-15 17:00:00,0.2023,0.1463
2025-04-15 18:00:00,0.1883,0.16
2025-04-15 19:00:00,0.226,0.1699
2025-04-15 20:00:00,0.2358,0.1531
2025-04-15 21:00:00,0.2539,0.1578
2025-04-15 22:00:00,0.2776,0.1484
2025-04-15 23:00:00,0.2969,0.1659
2025-04-16 00:00:00,0.3064,0.1448
2025-04-16 01:00:00,0.2746,0.1376
2025-04-16 02:00:00,0.2843,0.1191
2025-04-16 03:00:00,0.3238,0.112
2025-04-16 04:00:00,0.2945,0.1211
2025-04-16 05:00:00,0.2706,0.0972
2025-04-16 06:00:00,0.2818,0.1077
2025-04-16 07:00:00,0.2507,0.1027
2025-04-16 08:00:00,0.2445,0.0916
2025-04-16 09:00:00,0.1904,0.0888
2025-04-16 10:00:00,0.225,0.1069
2025-04-16 11:00:00,0.1913,0.1
2025-04-16 12:00:00,0.186,0.1159
2025-04-16 13:00:00,0.1947,0.1024
2025-04-16 14:00:00,0.1597,0.1227
2025-04-16 15:00:00,0.1644,0.1418
2025-04-16 16:00:00,0.2068,0.1442
2025-04-16 17:00:00,0.1628,0.1599
2025-04-16 18:00:00,0.2176,0.1612
2025-04-16 19:00:00,0.2192,0.1655
2025-04-16 20:00:00,0.2162,0.1571
2025-04-16 21:00:00,0.2663,0.1638
2025-04-16 22:00:00,0.2448,0.1472
2025-04-16 23:00:00,0.2844,0.1557
2025-04-17 00:00:00,0.3464,0.1271
2025-04-17 01:00:00,0.3081,0.1371
2025-04-17 02:00:00,0.2969,0.1393
2025-04-17 03:00:00,0.3422,0.1302
2025-04-17 04:00:00,0.3054,0.1147
2025-04-17 05:00:00,0.3088,0.0958
2025-04-17 06:00:00,0.2725,0.1194
2025-04-17 07:00:00,0.2756,0.1045
2025-04-17 08:00:00,0.244,0.0946
2025-04-17 09:00:00,0.199,0.1233
2025-04-17 10:00:00,0.1965,0.0962
2025-04-17 11:00:00,0.2029,0.1059
2025-04-17 12:00:00,0.182,0.1103
2025-04-17 13:00:00,0.1973,0.1314
2025-04-17 14:00:00,0.1893,0.1279
2025-04-17 15:00:00,0.1521,0.1319
2025-04-17 16:00:00,0.211,0.145
2025-04-17 17:00:00,0.2178,0.1349
2025-04-17 18:00:00,0.2284,0.15
2025-04-17 19:00:00,0.1939,0.1801
2025-04-17 20:00:00,0.247,0.1615
2025-04-17 21:00:00,0.3006,0.1641
2025-04-17 22:00:00,0.2701,0.1764
2025-04-17 23:00:00,0.2875,0.1476
2025-04-18 00:00:00,0.2826,0.1473
2025-04-18 01:00:00,0.3234,0.1485
2025-04-18 02:00:00,0.2999,0.1306
2025-04-18 03:00:00,0.3012,0.1173
2025-04-18 04:00:00,0.3108,0.1223
2025-04-18 05:00:00,0.2591,0.1191
2025-04-18 06:00:00,0.3063,0.0846
2025-04-18 07:00:00,0.2313,0.0915
2025-04-18 08:00:00,0.2435,0.1032
2025-04-18 09:00:00,0.2382,0.099
2025-04-18 10:00:00,0.2032,0.107
2025-04-18 11:00:00,0.1667,0.1037
2025-04-18 12:00:00,0.1821,0.1095
2025-04-18 13:00:00,0.224,0.1357
2025-04-18 14:00:00,0.1738,0.1246
2025-04-18 15:00:00,0.1563,0.1447
2025-04-18 16:00:00,0.1972,0.1577
2025-04-18 17:00:00,0.2055,0.1505
2025-04-18 18:00:00,0.2038,0.1651
2025-04-18 19:00:00,0.2304,0.1659
2025-04-18 20:00:00,0.2253,0.1547
2025-04-18 21:00:00,0.2366,0.1649
2025-04-18 22:00:00,0.2887,0.1501
2025-04-18 23:00:00,0.2462,0.1507
2025-04-19 00:00:00,0.3085,0.1641
2025-04-19 01:00:00,0.3298,0.1323
2025-04-19 02:00:00,0.2976,0.1187
2025-04-19 03:00:00,0.2785,0.1279
2025-04-19 04:00:00,0.3326,0.1309
2025-04-19 05:00:00,0.2551,0.0974
2025-04-19 06:00:00,0.2792,0.098
2025-04-19 07:00:00,0.2383,0.1031
2025-04-19 08:00:00,0.2389,0.0912
2025-04-19 09:00:00,0.2332,0.1021
2025-04-19 10:00:00,0.2408,0.1161
2025-04-19 11:00:00,0.1621,0.1209
2025-04-19 12:00:00,0.1781,0.1137
2025-04-19 13:00:00,0.1397,0.1091
2025-04-19 14:00:00,0.152,0.1172
2025-04-19 15:00:00,0.1905,0.1428
2025-04-19 16:00:00,0.1852,0.1324
2025-04-19 17:00:00,0.2151,0.1491
2025-04-19 18:00:00,0.2304,0.1544
2025-04-19 19:00:00,0.2037,0.1524
2025-04-19 20:00:00,0.2002,0.1653
2025-04-19 21:00:00,0.2698,0.1544
2025-04-19 22:00:00,0.2931,0.1592
2025-04-19 23:00:00,0.2882,0.1539
2025-04-20 00:00:00,0.3291,0.1434
2025-04-20 01:00:00,0.2823,0.1446
2025-04-20 02:00:00,0.3276,0.1383
2025-04-20 03:00:00,0.2769,0.1356
2025-04-20 04:00:00,0.2956,0.1153
2025-04-20 05:00:00,0.2497,0.1318
2025-04-20 06:00:00,0.2608,0.0896
2025-04-20 07:00:00,0.2534,0.1023
2025-04-20 08:00:00,0.1936,0.0902
2025-04-20 09:00:00,0.2439,0.0881
2025-04-20 10:00:00,0.2035,0.0832
2025-04-20 11:00:00,0.1831,0.1129
2025-04-20 12:00:00,0.2156,0.1041
2025-04-20 13:00:00,0.1929,0.1133
2025-04-20 14:00:00,0.1775,0.1148
2025-04-20 15:00:00,0.1808,0.1277
2025-04-20 16:00:00,0.191,0.1503
2025-04-20 17:00:00,0.213,0.1607
2025-04-20 18:00:00,0.2215,0.1667
2025-04-20 19:00:00,0.1855,0.1536
2025-04-20 20:00:00,0.2549,0.1852
2025-04-20 21:00:00,0.2357,0.1671
2025-04-20 22:00:00,0.3023,0.1681
2025-04-20 23:00:00,0.2744,0.1552
2025-04-21 00:00:00,0.314,0.1394
2025-04-21 01:00:00,0.3155,0.1345
2025-04-21 02:00:00,0.33,0.1211
2025-04-21 03:00:00,0.2949,0.1072
2025-04-21 04:00:00,0.2668,0.0996
2025-04-21 05:00:00,0.2998,0.1092
2025-04-21 06:00:00,0.2689,0.1107
2025-04-21 07:00:00,0.2541,0.1256
2025-04-21 08:00:00,0.2393,0.1101
2025-04-21 09:00:00,0.2022,0.105
2025-04-21 10:00:00,0.2259,0.1142
2025-04-21 11:00:00,0.1847,0.1157
2025-04-21 12:00:00,0.1959,0.106
2025-04-21 13:00:00,0.1629,0.1328
2025-04-21 14:00:00,0.1639,0.1294
2025-04-21 15:00:00,0.169,0.1369
2025-04-21 16:00:00,0.2208,0.142
2025-04-21 17:00:00,0.2145,0.1501
2025-04-21 18:00:00,0.2301,0.1582
2025-04-21 19:00:00,0.2495,0.1566
2025-04-21 20:00:00,0.2026,0.1499
2025-04-21 21:00:00,0.2781,0.1663
2025-04-21 22:00:00,0.2585,0.1564
2025-04-21 23:00:00,0.2871,0.1444
2025-04-22 00:00:00,0.2532,0.14
2025-04-22 01:00:00,0.3079,0.1429
2025-04-22 02:00:00,0.2973,0.1308
2025-04-22 03:00:00,0.2759,0.1171
2025-04-22 04:00:00,0.2796,0.1155
2025-04-22 05:00:00,0.2746,0.1169
2025-04-22 06:00:00,0.2984,0.1061
2025-04-22 07:00:00,0.276,0.099
2025-04-22 08:00:00,0.2598,0.096
2025-04-22 09:00:00,0.2524,0.1074
2025-04-22 10:00:00,0.2087,0.1013
2025-04-22 11:00:00,0.2268,0.0982
2025-04-22 12:00:00,0.1997,0.1175
2025-04-22 13:00:00,0.201,0.1335
2025-04-22 14:00:00,0.1477,0.1411
2025-04-22 15:00:00,0.1997,0.1275
2025-04-22 16:00:00,0.2229,0.1322
2025-04-22 17:00:00,0.1893,0.161
2025-04-22 18:00:00,0.2019,0.1635
2025-04-22 19:00:00,0.1949,0.1555
2025-04-22 20:00:00,0.2331,0.1503
2025-04-22 21:00:00,0.2372,0.1771
2025-04-22 22:00:00,0.2762,0.1687
2025-04-22 23:00:00,0.2893,0.144
2025-04-23 00:00:00,0.2648,0.1356
2025-04-23 01:00:00,0.2457,0.1544
2025-04-23 02:00:00,0.3366,0.1345
2025-04-23 03:00:00,0.3087,0.1227
2025-04-23 04:00:00,0.2681,0.1053
2025-04-23 05:00:00,0.3019,0.1078
2025-04-23 06:00:00,0.2452,0.0797
2025-04-23 07:00:00,0.2526,0.0841
2025-04-23 08:00:00,0.2443,0.1179
2025-04-23 09:00:00,0.2281,0.111
2025-04-23 10:00:00,0.2154,0.0896
2025-04-23 11:00:00,0.1845,0.1078
2025-04-23 12:00:00,0.1965,0.1293
2025-04-23 13:00:00,0.1537,0.1217
2025-04-23 14:00:00,0.1688,0.1273
2025-04-23 15:00:00,0.1642,0.1541
2025-04-23 16:00:00,0.2075,0.1281
2025-04-23 17:00:00,0.1728,0.1529
2025-04-23 18:00:00,0.2314,0.16
2025-04-23 19:00:00,0.2303,0.1573
2025-04-23 20:00:00,0.2207,0.157
2025-04-23 21:00:00,0.2328,0.1478
2025-04-23 22:00:00,0.2732,0.1485
2025-04-23 23:00:00,0.293,0.153
2025-04-24 00:00:00,0.3298,0.1388
2025-04-24 01:00:00,0.3021,0.1301
2025-04-24 02:00:00,0.3379,0.1411
2025-04-24 03:00:00,0.2746,0.1373
2025-04-24 04:00:00,0.3131,0.1215
2025-04-24 05:00:00,0.2818,0.1144
2025-04-24 06:00:00,0.2184,0.1058
2025-04-24 07:00:00,0.2731,0.1206
2025-04-24 08:00:00,0.2613,0.1121
2025-04-24 09:00:00,0.2442,0.0934
2025-04-24 10:00:00,0.2048,0.1174
2025-04-24 11:00:00,0.2113,0.1169
2025-04-24 12:00:00,0.2162,0.11
2025-04-24 13:00:00,0.2158,0.1202
2025-04-24 14:00:00,0.1646,0.1189
2025-04-24 15:00:00,0.1708,0.131
2025-04-24 16:00:00,0.1539,0.1548
2025-04-24 17:00:00,0.2182,0.155
2025-04-24 18:00:00,0.1878,0.1574
2025-04-24 19:00:00,0.2379,0.1662
2025-04-24 20:00:00,0.2073,0.1489
2025-04-24 21:00:00,0.2345,0.1581
2025-04-24 22:00:00,0.2815,0.1421
2025-04-24 23:00:00,0.3085,0.1633
2025-04-25 00:00:00,0.2978,0.146
2025-04-25 01:00:00,0.3416,0.1328
2025-04-25 02:00:00,0.321,0.1322
2025-04-25 03:00:00,0.3139,0.1346
2025-04-25 04:00:00,0.3021,0.1038
2025-04-25 05:00:00,0.2622,0.0984
2025-04-25 06:00:00,0.2821,0.117
2025-04-25 07:00:00,0.2421,0.1088
2025-04-25 08:00:00,0.2718,0.0797
2025-04-25 09:00:00,0.2193,0.1121
2025-04-25 10:00:00,0.1886,0.1029
2025-04-25 11:00:00,0.1723,0.1159
2025-04-25 12:00:00,0.1516,0.0989
2025-04-25 13:00:00,0.1667,0.125
2025-04-25 14:00:00,0.1951,0.1348
2025-04-25 15:00:00,0.1866,0.1317
2025-04-25 16:00:00,0.164,0.1605
2025-04-25 17:00:00,0.2296,0.1301
2025-04-25 18:00:00,0.185,0.1442
2025-04-25 19:00:00,0.2171,0.1565
2025-04-25 20:00:00,0.2314,0.1627
2025-04-25 21:00:00,0.2407,0.1725
2025-04-25 22:00:00,0.2684,0.1398
2025-04-25 23:00:00,0.2722,0.1468
2025-04-26 00:00:00,0.2876,0.1663
2025-04-26 01:00:00,0.2759,0.1263
2025-04-26 02:00:00,0.2975,0.1483
2025-04-26 03:00:00,0.315,0.1185
2025-04-26 04:00:00,0.286,0.0896
2025-04-26 05:00:00,0.3105,0.097
2025-04-26 06:00:00,0.2789,0.1205
2025-04-26 07:00:00,0.2135,0.0949
2025-04-26 08:00:00,0.2214,0.1022
2025-04-26 09:00:00,0.2205,0.1158
2025-04-26 10:00:00,0.2294,0.1039
2025-04-26 11:00:00,0.204,0.1288
2025-04-26 12:00:00,0.2145,0.1275
2025-04-26 13:00:00,0.1506,0.1193
2025-04-26 14:00:00,0.2081,0.1322
2025-04-26 15:00:00,0.131,0.1305
2025-04-26 16:00:00,0.1869,0.1345
2025-04-26 17:00:00,0.2184,0.1531
2025-04-26 18:00:00,0.1897,0.1465
2025-04-26 19:00:00,0.2364,0.169
2025-04-26 20:00:00,0.2676,0.1768
2025-04-26 21:00:00,0.2183,0.172
2025-04-26 22:00:00,0.2695,0.1519
2025-04-26 23:00:00,0.261,0.1418
2025-04-27 00:00:00,0.335,0.1367
2025-04-27 01:00:00,0.3005,0.1362
2025-04-27 02:00:00,0.2853,0.1465
2025-04-27 03:00:00,0.2838,0.1081
2025-04-27 04:00:00,0.2737,0.1256
2025-04-27 05:00:00,0.2808,0.105
2025-04-27 06:00:00,0.2472,0.1019
2025-04-27 07:00:00,0.2459,0.116
2025-04-27 08:00:00,0.2525,0.0958
2025-04-27 09:00:00,0.2191,0.1047
2025-04-27 10:00:00,0.1805,0.0967
2025-04-27 11:00:00,0.1716,0.114
2025-04-27 12:00:00,0.1966,0.1152
2025-04-27 13:00:00,0.2045,0.1265
2025-04-27 14:00:00,0.1895,0.1226
2025-04-27 15:00:00,0.1666,0.1509
2025-04-27 16:00:00,0.1864,0.1301
2025-04-27 17:00:00,0.1853,0.1523
2025-04-27 18:00:00,0.2433,0.1381
2025-04-27 19:00:00,0.2345,0.1528
2025-04-27 20:00:00,0.2381,0.1646
2025-04-27 21:00:00,0.2494,0.1564
2025-04-27 22:00:00,0.2678,0.1588
2025-04-27 23:00:00,0.2561,0.1514
2025-04-28 00:00:00,0.2699,0.1602
2025-04-28 01:00:00,0.2814,0.1511
2025-04-28 02:00:00,0.3123,0.114
2025-04-28 03:00:00,0.316,0.1192
2025-04-28 04:00:00,0.2817,0.1053
2025-04-28 05:00:00,0.2828,0.1101
2025-04-28 06:00:00,0.2938,0.1084
2025-04-28 07:00:00,0.2558,0.1218
2025-04-28 08:00:00,0.2149,0.0976
2025-04-28 09:00:00,0.2026,0.1031
2025-04-28 10:00:00,0.1886,0.1034
2025-04-28 11:00:00,0.1886,0.1074
2025-04-28 12:00:00,0.165,0.0929
2025-04-28 13:00:00,0.1723,0.1232
2025-04-28 14:00:00,0.1819,0.1375
2025-04-28 15:00:00,0.1734,0.1207
2025-04-28 16:00:00,0.1742,0.1576
2025-04-28 17:00:00,0.2051,0.1455
2025-04-28 18:00:00,0.2371,0.1491
2025-04-28 19:00:00,0.2125,0.159
2025-04-28 20:00:00,0.2693,0.1578
2025-04-28 21:00:00,0.2899,0.1602
2025-04-28 22:00:00,0.3121,0.1777
2025-04-28 23:00:00,0.2832,0.137
2025-04-29 00:00:00,0.2495,0.1398
2025-04-29 01:00:00,0.2935,0.1184
2025-04-29 02:00:00,0.3074,0.1076
2025-04-29 03:00:00,0.2878,0.1178
2025-04-29 04:00:00,0.2865,0.1237
2025-04-29 05:00:00,0.3211,0.1277
2025-04-29 06:00:00,0.2736,0.108
2025-04-29 07:00:00,0.2694,0.1114
2025-04-29 08:00:00,0.2688,0.0894
2025-04-29 09:00:00,0.217,0.0966
2025-04-29 10:00:00,0.2456,0.1016
2025-04-29 11:00:00,0.1918,0.1015
2025-04-29 12:00:00,0.1964,0.1179
2025-04-29 13:00:00,0.1873,0.1093
2025-04-29 14:00:00,0.2197,0.1184
2025-04-29 15:00:00,0.1329,0.129
2025-04-29 16:00:00,0.1668,0.1259
2025-04-29 17:00:00,0.2098,0.1439
2025-04-29 18:00:00,0.2183,0.1513
2025-04-29 19:00:00,0.2214,0.172
2025-04-29 20:00:00,0.2553,0.1528
2025-04-29 21:00:00,0.2398,0.1649
2025-04-29 22:00:00,0.2224,0.1581
2025-04-29 23:00:00,0.2898,0.1461
2025-04-30 00:00:00,0.2966,0.1483
2025-04-30 01:00:00,0.3174,0.1341
2025-04-30 02:00:00,0.2847,0.1371
2025-04-30 03:00:00,0.2837,0.1273
2025-04-30 04:00:00,0.3258,0.1052
2025-04-30 05:00:00,0.3139,0.1073
2025-04-30 06:00:00,0.2153,0.1078
2025-04-30 07:00:00,0.2521,0.0808
2025-04-30 08:00:00,0.214,0.1076
2025-04-30 09:00:00,0.2478,0.105
2025-04-30 10:00:00,0.2109,0.1072
2025-04-30 11:00:00,0.1834,0.1124
2025-04-30 12:00:00,0.2094,0.1122
2025-04-30 13:00:00,0.174,0.1204
2025-04-30 14:00:00,0.154,0.1431
2025-04-30 15:00:00,0.2014,0.1476
2025-04-30 16:00:00,0.2132,0.1354
2025-04-30 17:00:00,0.1795,0.1563
2025-04-30 18:00:00,0.2184,0.1558
2025-04-30 19:00:00,0.2332,0.1416
2025-04-30 20:00:00,0.2354,0.1478
2025-04-30 21:00:00,0.295,0.1276
2025-04-30 22:00:00,0.2476,0.1625
2025-04-30 23:00:00,0.2777,0.143
2025-05-01 00:00:00,0.2992,0.1282
2025-05-01 01:00:00,0.25,0.129
2025-05-01 02:00:00,0.3011,0.1325
2025-05-01 03:00:00,0.3054,0.1263
2025-05-01 04:00:00,0.2904,0.1164
2025-05-01 05:00:00,0.2765,0.1157
2025-05-01 06:00:00,0.2973,0.0941
2025-05-01 07:00:00,0.2557,0.0897
2025-05-01 08:00:00,0.191,0.0945
2025-05-01 09:00:00,0.2237,0.111
2025-05-01 10:00:00,0.1995,0.1077
2025-05-01 11:00:00,0.1589,0.0967
2025-05-01 12:00:00,0.2086,0.1184
2025-05-01 13:00:00,0.1703,0.1371
2025-05-01 14:00:00,0.1797,0.1361
2025-05-01 15:00:00,0.166,0.137
2025-05-01 16:00:00,0.1867,0.1391
2025-05-01 17:00:00,0.1942,0.152
2025-05-01 18:00:00,0.2109,0.1539
2025-05-01 19:00:00,0.2357,0.1437
2025-05-01 20:00:00,0.2584,0.1388
2025-05-01 21:00:00,0.2659,0.1502
2025-05-01 22:00:00,0.2602,0.1428
2025-05-01 23:00:00,0.2851,0.1454
2025-05-02 00:00:00,0.2991,0.1326
2025-05-02 01:00:00,0.2801,0.1452
2025-05-02 02:00:00,0.2812,0.1264
2025-05-02 03:00:00,0.2956,0.122
2025-05-02 04:00:00,0.274,0.1169
2025-05-02 05:00:00,0.2699,0.108
2025-05-02 06:00:00,0.2917,0.087
2025-05-02 07:00:00,0.2643,0.1002
2025-05-02 08:00:00,0.2503,0.0924
2025-05-02 09:00:00,0.2514,0.1077
2025-05-02 10:00:00,0.2013,0.112
2025-05-02 11:00:00,0.1825,0.0874
2025-05-02 12:00:00,0.2226,0.1162
2025-05-02 13:00:00,0.1587,0.1153
2025-05-02 14:00:00,0.1637,0.1276
2025-05-02 15:00:00,0.1632,0.1479
2025-05-02 16:00:00,0.1852,0.133
2025-05-02 17:00:00,0.1746,0.1676
2025-05-02 18:00:00,0.1947,0.1663
2025-05-02 19:00:00,0.2025,0.1697
2025-05-02 20:00:00,0.2637,0.1582
2025-05-02 21:00:00,0.2577,0.1565
2025-05-02 22:00:00,0.3011,0.1721
2025-05-02 23:00:00,0.264,0.1518
2025-05-03 00:00:00,0.2801,0.1595
2025-05-03 01:00:00,0.2907,0.1471
2025-05-03 02:00:00,0.2815,0.1282
2025-05-03 03:00:00,0.2751,0.119
2025-05-03 04:00:00,0.2713,0.104
2025-05-03 05:00:00,0.2696,0.1069
2025-05-03 06:00:00,0.2821,0.0921
2025-05-03 07:00:00,0.2256,0.1081
2025-05-03 08:00:00,0.2263,0.0905
2025-05-03 09:00:00,0.2413,0.1133
2025-05-03 10:00:00,0.1913,0.1079
2025-05-03 11:00:00,0.2311,0.1182
2025-05-03 12:00:00,0.1912,0.1138
2025-05-03 13:00:00,0.1797,0.1214
2025-05-03 14:00:00,0.1713,0.1293
2025-05-03 15:00:00,0.1765,0.1475
2025-05-03 16:00:00,0.1541,0.1599
2025-05-03 17:00:00,0.193,0.1432
2025-05-03 18:00:00,0.1975,0.1477
2025-05-03 19:00:00,0.2172,0.1618
2025-05-03 20:00:00,0.2066,0.1487
2025-05-03 21:00:00,0.2895,0.1474
2025-05-03 22:00:00,0.2694,0.1598
2025-05-03 23:00:00,0.2818,0.152
2025-05-04 00:00:00,0.2875,0.1482
2025-05-04 01:00:00,0.2801,0.1296
2025-05-04 02:00:00,0.3174,0.1231
2025-05-04 03:00:00,0.3068,0.106
2025-05-04 04:00:00,0.2833,0.1189
2025-05-04 05:00:00,0.2871,0.1016
2025-05-04 06:00:00,0.2799,0.1114
2025-05-04 07:00:00,0.1945,0.1118
2025-05-04 08:00:00,0.2254,0.0821
2025-05-04 09:00:00,0.222,0.0967
2025-05-04 10:00:00,0.2001,0.1005
2025-05-04 11:00:00,0.1916,0.1027
2025-05-04 12:00:00,0.2153,0.0936
2025-05-04 13:00:00,0.2296,0.1212
2025-05-04 14:00:00,0.1759,0.1378
2025-05-04 15:00:00,0.186,0.1516
2025-05-04 16:00:00,0.1805,0.1531
2025-05-04 17:00:00,0.187,0.1578
2025-05-04 18:00:00,0.2004,0.1547
2025-05-04 19:00:00,0.2141,0.1506
2025-05-04 20:00:00,0.2588,0.1469
2025-05-04 21:00:00,0.2466,0.1543
2025-05-04 22:00:00,0.3076,0.1733
2025-05-04 23:00:00,0.2844,0.1435
2025-05-05 00:00:00,0.2761,0.1363
2025-05-05 01:00:00,0.2976,0.1418
2025-05-05 02:00:00,0.2787,0.1313
2025-05-05 03:00:00,0.2883,0.1172
2025-05-05 04:00:00,0.3022,0.1175
2025-05-05 05:00:00,0.2451,0.1078
2025-05-05 06:00:00,0.3117,0.1081
2025-05-05 07:00:00,0.2314,0.0984
2025-05-05 08:00:00,0.2177,0.0931
2025-05-05 09:00:00,0.2011,0.1065
2025-05-05 10:00:00,0.195,0.1013
2025-05-05 11:00:00,0.2231,0.1235
2025-05-05 12:00:00,0.2049,0.0931
2025-05-05 13:00:00,0.1568,0.1212
2025-05-05 14:00:00,0.1812,0.1204
2025-05-05 15:00:00,0.1944,0.1549
2025-05-05 16:00:00,0.1759,0.1525
2025-05-05 17:00:00,0.1932,0.149
2025-05-05 18:00:00,0.2251,0.1621
2025-05-05 19:00:00,0.2103,0.1431
2025-05-05 20:00:00,0.2359,0.1707
2025-05-05 21:00:00,0.2456,0.161
2025-05-05 22:00:00,0.2335,0.1451
2025-05-05 23:00:00,0.2646,0.1374
2025-05-06 00:00:00,0.2692,0.1462
2025-05-06 01:00:00,0.309,0.1344
2025-05-06 02:00:00,0.2795,0.1213
2025-05-06 03:00:00,0.3099,0.1445
2025-05-06 04:00:00,0.2679,0.1201
2025-05-06 05:00:00,0.2964,0.108
2025-05-06 06:00:00,0.2507,0.0936
2025-05-06 07:00:00,0.2484,0.0994
2025-05-06 08:00:00,0.2648,0.1104
2025-05-06 09:00:00,0.2088,0.1105
2025-05-06 10:00:00,0.2259,0.1049
2025-05-06 11:00:00,0.1617,0.1069
2025-05-06 12:00:00,0.1824,0.1142
2025-05-06 13:00:00,0.1988,0.1108
2025-05-06 14:00:00,0.1684,0.1461
2025-05-06 15:00:00,0.1696,0.1245
2025-05-06 16:00:00,0.1618,0.1467
2025-05-06 17:00:00,0.2223,0.1433
2025-05-06 18:00:00,0.2083,0.1513
2025-05-06 19:00:00,0.2311,0.1719
2025-05-06 20:00:00,0.222,0.1438
2025-05-06 21:00:00,0.2765,0.1551
2025-05-06 22:00:00,0.2705,0.1536
2025-05-06 23:00:00,0.2814,0.1624
2025-05-07 00:00:00,0.2993,0.1569
2025-05-07 01:00:00,0.2712,0.1387
2025-05-07 02:00:00,0.2845,0.1243
2025-05-07 03:00:00,0.2733,0.1254
2025-05-07 04:00:00,0.2862,0.1027
2025-05-07 05:00:00,0.2897,0.1159
2025-05-07 06:00:00,0.3029,0.103
2025-05-07 07:00:00,0.2837,0.0937
2025-05-07 08:00:00,0.2215,0.1013
2025-05-07 09:00:00,0.2092,0.0956
2025-05-07 10:00:00,0.2141,0.0906
2025-05-07 11:00:00,0.1865,0.1179
2025-05-07 12:00:00,0.1502,0.1278
2025-05-07 13:00:00,0.1886,0.1239
2025-05-07 14:00:00,0.1541,0.1214
2025-05-07 15:00:00,0.1655,0.1357
2025-05-07 16:00:00,0.199,0.1367
2025-05-07 17:00:00,0.2207,0.1663
2025-05-07 18:00:00,0.2127,0.1645
2025-05-07 19:00:00,0.2359,0.166
2025-05-07 20:00:00,0.2333,0.1457
2025-05-07 21:00:00,0.2594,0.1573
2025-05-07 22:00:00,0.2667,0.1511
2025-05-07 23:00:00,0.2969,0.1643
2025-05-08 00:00:00,0.3124,0.1482
2025-05-08 01:00:00,0.2997,0.1213
2025-05-08 02:00:00,0.2988,0.1265
2025-05-08 03:00:00,0.305,0.1371
2025-05-08 04:00:00,0.3072,0.1234
2025-05-08 05:00:00,0.2559,0.1032
2025-05-08 06:00:00,0.2445,0.1081
2025-05-08 07:00:00,0.2193,0.1017
2025-05-08 08:00:00,0.2486,0.0969
2025-05-08 09:00:00,0.2131,0.1026
2025-05-08 10:00:00,0.2219,0.0833
2025-05-08 11:00:00,0.2048,0.1152
2025-05-08 12:00:00,0.1922,0.1017
2025-05-08 13:00:00,0.1974,0.1301
2025-05-08 14:00:00,0.1854,0.1433
2025-05-08 15:00:00,0.1763,0.1305
2025-05-08 16:00:00,0.2009,0.1511
2025-05-08 17:00:00,0.1901,0.1642
2025-05-08 18:00:00,0.2136,0.1678
2025-05-08 19:00:00,0.2453,0.1646
2025-05-08 20:00:00,0.2479,0.1654
2025-05-08 21:00:00,0.252,0.167
2025-05-08 22:00:00,0.2537,0.1595
2025-05-08 23:00:00,0.2818,0.1542
2025-05-09 00:00:00,0.3167,0.1575
2025-05-09 01:00:00,0.2946,0.1406
2025-05-09 02:00:00,0.317,0.1305
2025-05-09 03:00:00,0.306,0.1345
2025-05-09 04:00:00,0.2848,0.1085
2025-05-09 05:00:00,0.2983,0.1222
2025-05-09 06:00:00,0.2819,0.0986
2025-05-09 07:00:00,0.2671,0.1076
2025-05-09 08:00:00,0.231,0.1153
2025-05-09 09:00:00,0.233,0.0992
2025-05-09 10:00:00,0.2167,0.1012
2025-05-09 11:00:00,0.199,0.1236
2025-05-09 12:00:00,0.1841,0.1302
2025-05-09 13:00:00,0.153,0.1024
2025-05-09 14:00:00,0.1672,0.1325
2025-05-09 15:00:00,0.2053,0.1342
2025-05-09 16:00:00,0.1604,0.1507
2025-05-09 17:00:00,0.1633,0.1669
2025-05-09 18:00:00,0.2154,0.1379
2025-05-09 19:00:00,0.2308,0.1482
2025-05-09 20:00:00,0.1951,0.1476
2025-05-09 21:00:00,0.2491,0.1613
2025-05-09 22:00:00,0.2461,0.1619
2025-05-09 23:00:00,0.2702,0.139
2025-05-10 00:00:00,0.3252,0.147
2025-05-10 01:00:00,0.3056,0.1432
2025-05-10 02:00:00,0.3024,0.1111
2025-05-10 03:00:00,0.2959,0.0982
2025-05-10 04:00:00,0.2652,0.1184
2025-05-10 05:00:00,0.2942,0.1099
2025-05-10 06:00:00,0.2854,0.1079
2025-05-10 07:00:00,0.2601,0.1006
2025-05-10 08:00:00,0.2456,0.1191
2025-05-10 09:00:00,0.2233,0.0951
2025-05-10 10:00:00,0.2058,0.0898
2025-05-10 11:00:00,0.2157,0.0975
2025-05-10 12:00:00,0.1874,0.115
2025-05-10 13:00:00,0.2045,0.1365
2025-05-10 14:00:00,0.1675,0.1175
2025-05-10 15:00:00,0.182,0.1332
2025-05-10 16:00:00,0.2352,0.1446
2025-05-10 17:00:00,0.1716,0.1613
2025-05-10 18:00:00,0.2022,0.1474
2025-05-10 19:00:00,0.2211,0.1707
2025-05-10 20:00:00,0.2555,0.1629
2025-05-10 21:00:00,0.2618,0.1698
2025-05-10 22:00:00,0.2896,0.1688
2025-05-10 23:00:00,0.298,0.157
2025-05-11 00:00:00,0.306,0.1384
2025-05-11 01:00:00,0.3287,0.1362
2025-05-11 02:00:00,0.3133,0.1206
2025-05-11 03:00:00,0.3005,0.1038
2025-05-11 04:00:00,0.2933,0.1197
2025-05-11 05:00:00,0.3096,0.0991
2025-05-11 06:00:00,0.2921,0.1002
2025-05-11 07:00:00,0.2878,0.1141
2025-05-11 08:00:00,0.2327,0.0957
2025-05-11 09:00:00,0.2193,0.1072
2025-05-11 10:00:00,0.1913,0.102
2025-05-11 11:00:00,0.1722,0.0985
2025-05-11 12:00:00,0.1787,0.1014
2025-05-11 13:00:00,0.2048,0.1093
2025-05-11 14:00:00,0.2142,0.14
2025-05-11 15:00:00,0.1793,0.1391
2025-05-11 16:00:00,0.221,0.1503
2025-05-11 17:00:00,0.2417,0.1611
2025-05-11 18:00:00,0.2147,0.1454
2025-05-11 19:00:00,0.2191,0.1489
2025-05-11 20:00:00,0.2391,0.1514
2025-05-11 21:00:00,0.2635,0.1673
2025-05-11 22:00:00,0.2638,0.1519
2025-05-11 23:00:00,0.2544,0.1616
2025-05-12 00:00:00,0.2927,0.1518
2025-05-12 01:00:00,0.2668,0.1228
2025-05-12 02:00:00,0.327,0.123
2025-05-12 03:00:00,0.2995,0.1074
2025-05-12 04:00:00,0.282,0.1291
2025-05-12 05:00:00,0.2877,0.1176
2025-05-12 06:00:00,0.2759,0.0825
2025-05-12 07:00:00,0.243,0.109
2025-05-12 08:00:00,0.2661,0.1104
2025-05-12 09:00:00,0.2264,0.0924
2025-05-12 10:00:00,0.2065,0.1116
2025-05-12 11:00:00,0.1505,0.1001
2025-05-12 12:00:00,0.2319,0.114
2025-05-12 13:00:00,0.1632,0.1256
2025-05-12 14:00:00,0.1836,0.1336
2025-05-12 15:00:00,0.1884,0.1347
2025-05-12 16:00:00,0.1698,0.1512
2025-05-12 17:00:00,0.2032,0.1517
2025-05-12 18:00:00,0.18,0.1515
2025-05-12 19:00:00,0.2415,0.1566
2025-05-12 20:00:00,0.2178,0.1527
2025-05-12 21:00:00,0.2507,0.1632
2025-05-12 22:00:00,0.2404,0.1566
2025-05-12 23:00:00,0.2946,0.1418
2025-05-13 00:00:00,0.2865,0.1266
2025-05-13 01:00:00,0.2838,0.1498
2025-05-13 02:00:00,0.3397,0.1414
2025-05-13 03:00:00,0.2678,0.1205
2025-05-13 04:00:00,0.2933,0.0968
2025-05-13 05:00:00,0.2473,0.1195
2025-05-13 06:00:00,0.2584,0.1002
2025-05-13 07:00:00,0.2556,0.096
2025-05-13 08:00:00,0.2031,0.0961
2025-05-13 09:00:00,0.2312,0.088
2025-05-13 10:00:00,0.2082,0.1031
2025-05-13 11:00:00,0.173,0.0985
2025-05-13 12:00:00,0.2232,0.1119
2025-05-13 13:00:00,0.2215,0.1201
2025-05-13 14:00:00,0.1599,0.1236
2025-05-13 15:00:00,0.1884,0.14
2025-05-13 16:00:00,0.1848,0.1456
2025-05-13 17:00:00,0.1784,0.1755
2025-05-13 18:00:00,0.2045,0.1456
2025-05-13 19:00:00,0.2114,0.1666
2025-05-13 20:00:00,0.2307,0.1514
2025-05-13 21:00:00,0.2789,0.147
2025-05-13 22:00:00,0.2821,0.1599
2025-05-13 23:00:00,0.2851,0.1413
2025-05-14 00:00:00,0.2677,0.1421
2025-05-14 01:00:00,0.3154,0.1419
2025-05-14 02:00:00,0.3047,0.1229
2025-05-14 03:00:00,0.3322,0.114
2025-05-14 04:00:00,0.2941,0.109
2025-05-14 05:00:00,0.2592,0.1051
2025-05-14 06:00:00,0.2483,0.1029
2025-05-14 07:00:00,0.2491,0.0963
2025-05-14 08:00:00,0.2491,0.1053
2025-05-14 09:00:00,0.2238,0.0991
2025-05-14 10:00:00,0.198,0.098
2025-05-14 11:00:00,0.1914,0.1256
2025-05-14 12:00:00,0.1969,0.1254
2025-05-14 13:00:00,0.1919,0.1039
2025-05-14 14:00:00,0.1872,0.1242
2025-05-14 15:00:00,0.1524,0.1326
2025-05-14 16:00:00,0.1818,0.1596
2025-05-14 17:00:00,0.1873,0.1509
2025-05-14 18:00:00,0.21,0.1542
2025-05-14 19:00:00,0.2274,0.1614
2025-05-14 20:00:00,0.2109,0.1634
2025-05-14 21:00:00,0.2758,0.1574
2025-05-14 22:00:00,0.2574,0.1513
2025-05-14 23:00:00,0.3072,0.141
2025-05-15 00:00:00,0.2954,0.1533
2025-05-15 01:00:00,0.2835,0.1364
2025-05-15 02:00:00,0.3186,0.1331
2025-05-15 03:00:00,0.3077,0.1003
2025-05-15 04:00:00,0.3344,0.1143
2025-05-15 05:00:00,0.2928,0.1057
2025-05-15 06:00:00,0.2476,0.1122
2025-05-15 07:00:00,0.2785,0.0943
2025-05-15 08:00:00,0.2263,0.1017
2025-05-15 09:00:00,0.2105,0.0976
2025-05-15 10:00:00,0.2218,0.0971
2025-05-15 11:00:00,0.2419,0.1027
2025-05-15 12:00:00,0.1473,0.137
2025-05-15 13:00:00,0.1943,0.1302
2025-05-15 14:00:00,0.1767,0.1195
2025-05-15 15:00:00,0.1748,0.1356
2025-05-15 16:00:00,0.1994,0.1507
2025-05-15 17:00:00,0.2315,0.1461
2025-05-15 18:00:00,0.2155,0.1448
2025-05-15 19:00:00,0.2281,0.176
2025-05-15 20:00:00,0.2356,0.1601
2025-05-15 21:00:00,0.2517,0.1546
2025-05-15 22:00:00,0.2763,0.1414
2025-05-15 23:00:00,0.2828,0.1595
2025-05-16 00:00:00,0.3076,0.1291
2025-05-16 01:00:00,0.2928,0.1302
2025-05-16 02:00:00,0.335,0.1186
2025-05-16 03:00:00,0.3065,0.1319
2025-05-16 04:00:00,0.2886,0.1207
2025-05-16 05:00:00,0.3033,0.1074
2025-05-16 06:00:00,0.2431,0.0985
2025-05-16 07:00:00,0.2474,0.0992
2025-05-16 08:00:00,0.261,0.1067
2025-05-16 09:00:00,0.2286,0.1064
2025-05-16 10:00:00,0.1993,0.1005
2025-05-16 11:00:00,0.1707,0.0943
2025-05-16 12:00:00,0.2128,0.1145
2025-05-16 13:00:00,0.179,0.1177
2025-05-16 14:00:00,0.1397,0.1486
2025-05-16 15:00:00,0.1881,0.1278
2025-05-16 16:00:00,0.19,0.1455
2025-05-16 17:00:00,0.1982,0.1597
2025-05-16 18:00:00,0.225,0.1655
2025-05-16 19:00:00,0.2391,0.1532
2025-05-16 20:00:00,0.1949,0.1352
2025-05-16 21:00:00,0.2659,0.1735
2025-05-16 22:00:00,0.2695,0.1582
2025-05-16 23:00:00,0.2651,0.1578
2025-05-17 00:00:00,0.2787,0.1524
2025-05-17 01:00:00,0.2532,0.141
2025-05-17 02:00:00,0.3042,0.1124
2025-05-17 03:00:00,0.2754,0.1238
2025-05-17 04:00:00,0.2662,0.1224
2025-05-17 05:00:00,0.2787,0.1158
2025-05-17 06:00:00,0.261,0.1027
2025-05-17 07:00:00,0.248,0.0976
2025-05-17 08:00:00,0.2277,0.1181
2025-05-17 09:00:00,0.2049,0.0993
2025-05-17 10:00:00,0.2058,0.101
2025-05-17 11:00:00,0.2147,0.1232
2025-05-17 12:00:00,0.1978,0.123
2025-05-17 13:00:00,0.1603,0.1174
2025-05-17 14:00:00,0.1771,0.1337
2025-05-17 15:00:00,0.171,0.1462
2025-05-17 16:00:00,0.1401,0.1538
2025-05-17 17:00:00,0.1798,0.1585
2025-05-17 18:00:00,0.2193,0.1574
2025-05-17 19:00:00,0.2439,0.1634
2025-05-17 20:00:00,0.2323,0.1735
2025-05-17 21:00:00,0.2754,0.1585
2025-05-17 22:00:00,0.2655,0.152
2025-05-17 23:00:00,0.2712,0.1631
2025-05-18 00:00:00,0.2909,0.1612
2025-05-18 01:00:00,0.291,0.1303
2025-05-18 02:00:00,0.3011,0.1466
2025-05-18 03:00:00,0.3031,0.1275
2025-05-18 04:00:00,0.2512,0.1143
2025-05-18 05:00:00,0.3119,0.1163
2025-05-18 06:00:00,0.2672,0.111
2025-05-18 07:00:00,0.2446,0.0916
2025-05-18 08:00:00,0.2206,0.0904
2025-05-18 09:00:00,0.2324,0.0999
2025-05-18 10:00:00,0.2295,0.0823
2025-05-18 11:00:00,0.1944,0.1176
2025-05-18 12:00:00,0.1973,0.1136
2025-05-18 13:00:00,0.1855,0.1191
2025-05-18 14:00:00,0.1753,0.1308
2025-05-18 15:00:00,0.1632,0.1403
2025-05-18 16:00:00,0.177,0.1472
2025-05-18 17:00:00,0.1951,0.1696
2025-05-18 18:00:00,0.2099,0.144
2025-05-18 19:00:00,0.2333,0.1518
2025-05-18 20:00:00,0.2618,0.1659
2025-05-18 21:00:00,0.2172,0.1343
2025-05-18 22:00:00,0.2528,0.1456
2025-05-18 23:00:00,0.2697,0.1603
2025-05-19 00:00:00,0.3072,0.1384
2025-05-19 01:00:00,0.3023,0.1396
2025-05-19 02:00:00,0.3059,0.127
2025-05-19 03:00:00,0.3242,0.113
2025-05-19 04:00:00,0.3256,0.1346
2025-05-19 05:00:00,0.2906,0.1124
2025-05-19 06:00:00,0.2422,0.1027
2025-05-19 07:00:00,0.2236,0.1023
2025-05-19 08:00:00,0.2735,0.1046
2025-05-19 09:00:00,0.2219,0.1027
2025-05-19 10:00:00,0.1719,0.0987
2025-05-19 11:00:00,0.1933,0.0909
2025-05-19 12:00:00,0.1634,0.1115
2025-05-19 13:00:00,0.1541,0.1253
2025-05-19 14:00:00,0.206,0.1374
2025-05-19 15:00:00,0.1801,0.145
2025-05-19 16:00:00,0.166,0.1344
2025-05-19 17:00:00,0.1992,0.1638
2025-05-19 18:00:00,0.2214,0.1533
2025-05-19 19:00:00,0.2091,0.1418
2025-05-19 20:00:00,0.269,0.1473
2025-05-19 21:00:00,0.2471,0.1439
2025-05-19 22:00:00,0.2681,0.1635
2025-05-19 23:00:00,0.2871,0.1457
2025-05-20 00:00:00,0.2795,0.1556
2025-05-20 01:00:00,0.3099,0.1285
2025-05-20 02:00:00,0.2871,0.1311
2025-05-20 03:00:00,0.2913,0.1295
2025-05-20 04:00:00,0.2995,0.1034
2025-05-20 05:00:00,0.2716,0.1091
2025-05-20 06:00:00,0.258,0.1132
2025-05-20 07:00:00,0.2567,0.0928
2025-05-20 08:00:00,0.247,0.0945
2025-05-20 09:00:00,0.2251,0.123
2025-05-20 10:00:00,0.2567,0.1022
2025-05-20 11:00:00,0.203,0.1083
2025-05-20 12:00:00,0.2245,0.1202
2025-05-20 13:00:00,0.1677,0.1175
2025-05-20 14:00:00,0.1702,0.1351
2025-05-20 15:00:00,0.1994,0.152
2025-05-20 16:00:00,0.1996,0.149
2025-05-20 17:00:00,0.1906,0.1481
2025-05-20 18:00:00,0.1973,0.1733
2025-05-20 19:00:00,0.2258,0.1732
2025-05-20 20:00:00,0.2615,0.1559
2025-05-20 21:00:00,0.2695,0.1648
2025-05-20 22:00:00,0.2479,0.1485
2025-05-20 23:00:00,0.3061,0.1473
2025-05-21 00:00:00,0.3161,0.1404
2025-05-21 01:00:00,0.2903,0.1433
2025-05-21 02:00:00,0.3041,0.1288
2025-05-21 03:00:00,0.2841,0.1214
2025-05-21 04:00:00,0.2975,0.122
2025-05-21 05:00:00,0.282,0.1069
2025-05-21 06:00:00,0.2562,0.1062
2025-05-21 07:00:00,0.2608,0.0954
2025-05-21 08:00:00,0.2759,0.1148
2025-05-21 09:00:00,0.2248,0.1085
2025-05-21 10:00:00,0.1926,0.0888
2025-05-21 11:00:00,0.1855,0.1128
2025-05-21 12:00:00,0.1648,0.1179
2025-05-21 13:00:00,0.2202,0.1275
2025-05-21 14:00:00,0.1893,0.1441
2025-05-21 15:00:00,0.1815,0.1317
2025-05-21 16:00:00,0.1758,0.1465
2025-05-21 17:00:00,0.1967,0.1508
2025-05-21 18:00:00,0.2064,0.162
2025-05-21 19:00:00,0.2183,0.1744
2025-05-21 20:00:00,0.2379,0.1457
2025-05-21 21:00:00,0.2454,0.164
2025-05-21 22:00:00,0.2654,0.16
2025-05-21 23:00:00,0.3051,0.17
2025-05-22 00:00:00,0.2557,0.139
2025-05-22 01:00:00,0.3109,0.1142
2025-05-22 02:00:00,0.3085,0.133
2025-05-22 03:00:00,0.3147,0.1313
2025-05-22 04:00:00,0.2874,0.1191
2025-05-22 05:00:00,0.2841,0.1119
2025-05-22 06:00:00,0.273,0.0955
2025-05-22 07:00:00,0.217,0.0913
2025-05-22 08:00:00,0.2279,0.1004
2025-05-22 09:00:00,0.2145,0.1023
2025-05-22 10:00:00,0.2042,0.0845
2025-05-22 11:00:00,0.1936,0.0942
2025-05-22 12:00:00,0.17,0.1096
2025-05-22 13:00:00,0.2145,0.1336
2025-05-22 14:00:00,0.1579,0.1456
2025-05-22 15:00:00,0.1778,0.1365
2025-05-22 16:00:00,0.166,0.1457
2025-05-22 17:00:00,0.2229,0.1469
2025-05-22 18:00:00,0.1867,0.1634
2025-05-22 19:00:00,0.2534,0.1536
2025-05-22 20:00:00,0.2588,0.1613
2025-05-22 21:00:00,0.2569,0.1371
2025-05-22 22:00:00,0.2759,0.1693
2025-05-22 23:00:00,0.2779,0.1385
2025-05-23 00:00:00,0.3091,0.1441
2025-05-23 01:00:00,0.3189,0.1411
2025-05-23 02:00:00,0.3224,0.1156
2025-05-23 03:00:00,0.3056,0.1237
2025-05-23 04:00:00,0.2733,0.1136
2025-05-23 05:00:00,0.2801,0.092
2025-05-23 06:00:00,0.2718,0.1093
2025-05-23 07:00:00,0.2709,0.1013
2025-05-23 08:00:00,0.2478,0.0947
2025-05-23 09:00:00,0.2283,0.0988
2025-05-23 10:00:00,0.1913,0.0914
2025-05-23 11:00:00,0.1941,0.1141
2025-05-23 12:00:00,0.1885,0.1049
2025-05-23 13:00:00,0.1733,0.1132
2025-05-23 14:00:00,0.2303,0.1223
2025-05-23 15:00:00,0.1817,0.1403
2025-05-23 16:00:00,0.237,0.1626
2025-05-23 17:00:00,0.2173,0.1423
2025-05-23 18:00:00,0.2329,0.1555
2025-05-23 19:00:00,0.1997,0.165
2025-05-23 20:00:00,0.2665,0.1437
2025-05-23 21:00:00,0.2346,0.1712
2025-05-23 22:00:00,0.2481,0.1499
2025-05-23 23:00:00,0.3012,0.1331
2025-05-24 00:00:00,0.2863,0.1354
2025-05-24 01:00:00,0.2769,0.1267
2025-05-24 02:00:00,0.2637,0.1192
2025-05-24 03:00:00,0.3409,0.1333
2025-05-24 04:00:00,0.2756,0.0909
2025-05-24 05:00:00,0.341,0.1006
2025-05-24 06:00:00,0.2988,0.1189
2025-05-24 07:00:00,0.2251,0.1119
2025-05-24 08:00:00,0.2691,0.0848
2025-05-24 09:00:00,0.2723,0.0836
2025-05-24 10:00:00,0.2027,0.1061
2025-05-24 11:00:00,0.1919,0.1273
2025-05-24 12:00:00,0.215,0.1346
2025-05-24 13:00:00,0.1956,0.1324
2025-05-24 14:00:00,0.2066,0.1329
2025-05-24 15:00:00,0.166,0.1325
2025-05-24 16:00:00,0.1852,0.1492
2025-05-24 17:00:00,0.1975,0.1502
2025-05-24 18:00:00,0.1778,0.1719
2025-05-24 19:00:00,0.2101,0.155
2025-05-24 20:00:00,0.2218,0.1558
2025-05-24 21:00:00,0.2574,0.1746
2025-05-24 22:00:00,0.2637,0.1525
2025-05-24 23:00:00,0.2751,0.1338
2025-05-25 00:00:00,0.2896,0.1406
2025-05-25 01:00:00,0.3015,0.1258
2025-05-25 02:00:00,0.2977,0.1278
2025-05-25 03:00:00,0.2819,0.1181
2025-05-25 04:00:00,0.3275,0.1236
2025-05-25 05:00:00,0.298,0.1224
2025-05-25 06:00:00,0.2926,0.0933
2025-05-25 07:00:00,0.2543,0.1146
2025-05-25 08:00:00,0.2904,0.1062
2025-05-25 09:00:00,0.2248,0.1102
2025-05-25 10:00:00,0.2176,0.105
2025-05-25 11:00:00,0.2149,0.1004
2025-05-25 12:00:00,0.1808,0.1177
2025-05-25 13:00:00,0.1982,0.1212
2025-05-25 14:00:00,0.1659,0.13
2025-05-25 15:00:00,0.1497,0.1378
2025-05-25 16:00:00,0.1605,0.1435
2025-05-25 17:00:00,0.2512,0.1385
2025-05-25 18:00:00,0.2301,0.164
2025-05-25 19:00:00,0.2501,0.1528
2025-05-25 20:00:00,0.2336,0.1434
2025-05-25 21:00:00,0.2365,0.1547
2025-05-25 22:00:00,0.2862,0.1567
2025-05-25 23:00:00,0.2853,0.1517
2025-05-26 00:00:00,0.3221,0.1479
2025-05-26 01:00:00,0.2741,0.1617
2025-05-26 02:00:00,0.3,0.1372
2025-05-26 03:00:00,0.2831,0.134
2025-05-26 04:00:00,0.3264,0.1162
2025-05-26 05:00:00,0.265,0.1178
2025-05-26 06:00:00,0.2562,0.1195
2025-05-26 07:00:00,0.2667,0.0971
2025-05-26 08:00:00,0.2274,0.1046
2025-05-26 09:00:00,0.2083,0.1103
2025-05-26 10:00:00,0.2384,0.1127
2025-05-26 11:00:00,0.2161,0.0983
2025-05-26 12:00:00,0.1859,0.1083
2025-05-26 13:00:00,0.1682,0.1328
2025-05-26 14:00:00,0.1849,0.1284
2025-05-26 15:00:00,0.1864,0.14
2025-05-26 16:00:00,0.2112,0.151
2025-05-26 17:00:00,0.2157,0.141
2025-05-26 18:00:00,0.212,0.1638
2025-05-26 19:00:00,0.21,0.1733
2025-05-26 20:00:00,0.2641,0.1662
2025-05-26 21:00:00,0.2563,0.1636
2025-05-26 22:00:00,0.2193,0.1542
2025-05-26 23:00:00,0.2723,0.1617
2025-05-27 00:00:00,0.2934,0.1278
2025-05-27 01:00:00,0.257,0.1327
2025-05-27 02:00:00,0.3006,0.1336
2025-05-27 03:00:00,0.287,0.1197
2025-05-27 04:00:00,0.2744,0.1065
2025-05-27 05:00:00,0.2563,0.1047
2025-05-27 06:00:00,0.2712,0.0971
2025-05-27 07:00:00,0.2161,0.0865
2025-05-27 08:00:00,0.2626,0.1138
2025-05-27 09:00:00,0.2299,0.0923
2025-05-27 10:00:00,0.2013,0.1019
2025-05-27 11:00:00,0.1682,0.1102
2025-05-27 12:00:00,0.1785,0.1103
2025-05-27 13:00:00,0.2192,0.1213
2025-05-27 14:00:00,0.1989,0.1202
2025-05-27 15:00:00,0.2006,0.1514
2025-05-27 16:00:00,0.1932,0.1717
2025-05-27 17:00:00,0.1822,0.1552
2025-05-27 18:00:00,0.251,0.1723
2025-05-27 19:00:00,0.2386,0.1714
2025-05-27 20:00:00,0.2372,0.1395
2025-05-27 21:00:00,0.2524,0.1527
2025-05-27 22:00:00,0.2618,0.1671
2025-05-27 23:00:00,0.2906,0.1545
2025-05-28 00:00:00,0.2951,0.1499
2025-05-28 01:00:00,0.3218,0.1377
2025-05-28 02:00:00,0.2986,0.1483
2025-05-28 03:00:00,0.2938,0.1238
2025-05-28 04:00:00,0.2641,0.1072
2025-05-28 05:00:00,0.3352,0.092
2025-05-28 06:00:00,0.2823,0.0981
2025-05-28 07:00:00,0.2604,0.1136
2025-05-28 08:00:00,0.2426,0.087
2025-05-28 09:00:00,0.264,0.1163
2025-05-28 10:00:00,0.1954,0.1186
2025-05-28 11:00:00,0.2181,0.1232
2025-05-28 12:00:00,0.1754,0.1201
2025-05-28 13:00:00,0.1728,0.1191
2025-05-28 14:00:00,0.1708,0.1209
2025-05-28 15:00:00,0.1427,0.1332
2025-05-28 16:00:00,0.1479,0.1376
2025-05-28 17:00:00,0.21,0.133
2025-05-28 18:00:00,0.1812,0.1528
2025-05-28 19:00:00,0.2097,0.1675
2025-05-28 20:00:00,0.2447,0.1613
2025-05-28 21:00:00,0.2933,0.1416
2025-05-28 22:00:00,0.2599,0.171
2025-05-28 23:00:00,0.2958,0.1262
2025-05-29 00:00:00,0.264,0.1432
2025-05-29 01:00:00,0.3012,0.1349
2025-05-29 02:00:00,0.3201,0.1311
2025-05-29 03:00:00,0.2922,0.1278
2025-05-29 04:00:00,0.3094,0.1184
2025-05-29 05:00:00,0.2375,0.1098
2025-05-29 06:00:00,0.3069,0.0901
2025-05-29 07:00:00,0.2716,0.1013
2025-05-29 08:00:00,0.2715,0.0944
2025-05-29 09:00:00,0.2201,0.0966
2025-05-29 10:00:00,0.1631,0.0966
2025-05-29 11:00:00,0.1772,0.1034
2025-05-29 12:00:00,0.1802,0.1148
2025-05-29 13:00:00,0.1854,0.1226
2025-05-29 14:00:00,0.1795,0.1494
2025-05-29 15:00:00,0.1738,0.1336
2025-05-29 16:00:00,0.1898,0.1596
2025-05-29 17:00:00,0.1785,0.1636
2025-05-29 18:00:00,0.1995,0.1714
2025-05-29 19:00:00,0.2914,0.1609
2025-05-29 20:00:00,0.2456,0.1828
2025-05-29 21:00:00,0.2303,0.1558
2025-05-29 22:00:00,0.2515,0.1588
2025-05-29 23:00:00,0.3065,0.1457
2025-05-30 00:00:00,0.3028,0.1348
2025-05-30 01:00:00,0.3096,0.1261
2025-05-30 02:00:00,0.2835,0.1157
2025-05-30 03:00:00,0.312,0.1061
2025-05-30 04:00:00,0.2901,0.1194
2025-05-30 05:00:00,0.26,0.1181
2025-05-30 06:00:00,0.268,0.1231
2025-05-30 07:00:00,0.2444,0.1012
2025-05-30 08:00:00,0.2599,0.0731
2025-05-30 09:00:00,0.1966,0.0994
2025-05-30 10:00:00,0.1964,0.1004
2025-05-30 11:00:00,0.2347,0.1293
2025-05-30 12:00:00,0.1671,0.1113
2025-05-30 13:00:00,0.1401,0.1219
2025-05-30 14:00:00,0.1564,0.1472
2025-05-30 15:00:00,0.1826,0.1179
2025-05-30 16:00:00,0.2091,0.1364
2025-05-30 17:00:00,0.1941,0.1464
2025-05-30 18:00:00,0.212,0.1549
2025-05-30 19:00:00,0.2675,0.1546
2025-05-30 20:00:00,0.2396,0.1555
2025-05-30 21:00:00,0.2545,0.1587
2025-05-30 22:00:00,0.292,0.1661
2025-05-30 23:00:00,0.2739,0.1457
2025-05-31 00:00:00,0.2659,0.1478
2025-05-31 01:00:00,0.2995,0.1388
2025-05-31 02:00:00,0.3084,0.1514
2025-05-31 03:00:00,0.2708,0.1074
2025-05-31 04:00:00,0.2858,0.1031
2025-05-31 05:00:00,0.2506,0.1126
2025-05-31 06:00:00,0.2784,0.1215
2025-05-31 07:00:00,0.2534,0.1039
2025-05-31 08:00:00,0.2406,0.0765
2025-05-31 09:00:00,0.2263,0.0967
2025-05-31 10:00:00,0.1734,0.1064
2025-05-31 11:00:00,0.183,0.11
2025-05-31 12:00:00,0.1817,0.1277
2025-05-31 13:00:00,0.1801,0.1052
2025-05-31 14:00:00,0.1639,0.1231
2025-05-31 15:00:00,0.1877,0.1406
2025-05-31 16:00:00,0.2315,0.15
2025-05-31 17:00:00,0.1652,0.1528
2025-05-31 18:00:00,0.1845,0.1575
2025-05-31 19:00:00,0.2209,0.1558
2025-05-31 20:00:00,0.2613,0.1637
2025-05-31 21:00:00,0.2829,0.153
2025-05-31 22:00:00,0.2686,0.1584
2025-05-31 23:00:00,0.2783,0.1436
2025-06-01 00:00:00,0.3183,0.1431
2025-06-01 01:00:00,0.2875,0.1254
2025-06-01 02:00:00,0.2678,0.1139
2025-06-01 03:00:00,0.2762,0.1218
2025-06-01 04:00:00,0.3153,0.1328
2025-06-01 05:00:00,0.2615,0.1124
2025-06-01 06:00:00,0.2709,0.1025
2025-06-01 07:00:00,0.2421,0.0977
2025-06-01 08:00:00,0.233,0.105
2025-06-01 09:00:00,0.2094,0.1227
2025-06-01 10:00:00,0.1948,0.0973
2025-06-01 11:00:00,0.2158,0.1142
2025-06-01 12:00:00,0.2027,0.1202
2025-06-01 13:00:00,0.2065,0.1255
2025-06-01 14:00:00,0.159,0.1234
2025-06-01 15:00:00,0.1782,0.1267
2025-06-01 16:00:00,0.187,0.1492
2025-06-01 17:00:00,0.1525,0.1598
2025-06-01 18:00:00,0.1768,0.1682
2025-06-01 19:00:00,0.2397,0.1476
2025-06-01 20:00:00,0.2901,0.1656
2025-06-01 21:00:00,0.2624,0.1617
2025-06-01 22:00:00,0.2374,0.1685
2025-06-01 23:00:00,0.279,0.1598
2025-06-02 00:00:00,0.3141,0.1376
2025-06-02 01:00:00,0.2854,0.1374
2025-06-02 02:00:00,0.2821,0.1264
2025-06-02 03:00:00,0.3155,0.1457
2025-06-02 04:00:00,0.307,0.125
2025-06-02 05:00:00,0.2504,0.1153
2025-06-02 06:00:00,0.2658,0.1085
2025-06-02 07:00:00,0.2331,0.1021
2025-06-02 08:00:00,0.2655,0.0901
2025-06-02 09:00:00,0.2154,0.0967
2025-06-02 10:00:00,0.2162,0.0825
2025-06-02 11:00:00,0.2076,0.0941
2025-06-02 12:00:00,0.1698,0.1016
2025-06-02 13:00:00,0.1736,0.0983
2025-06-02 14:00:00,0.1772,0.1256
2025-06-02 15:00:00,0.1847,0.1481
2025-06-02 16:00:00,0.1694,0.1496
2025-06-02 17:00:00,0.1841,0.1258
2025-06-02 18:00:00,0.1819,0.1555
2025-06-02 19:00:00,0.2454,0.1585
2025-06-02 20:00:00,0.2355,0.152
2025-06-02 21:00:00,0.2394,0.1571
2025-06-02 22:00:00,0.2844,0.1642
2025-06-02 23:00:00,0.2838,0.1514
2025-06-03 00:00:00,0.3229,0.1474
2025-06-03 01:00:00,0.3095,0.1623
2025-06-03 02:00:00,0.2829,0.1232
2025-06-03 03:00:00,0.3268,0.0899
2025-06-03 04:00:00,0.2901,0.1245
2025-06-03 05:00:00,0.2927,0.112
2025-06-03 06:00:00,0.2959,0.1043
2025-06-03 07:00:00,0.2393,0.096
2025-06-03 08:00:00,0.2548,0.0912
2025-06-03 09:00:00,0.2246,0.0871
2025-06-03 10:00:00,0.2053,0.1253
2025-06-03 11:00:00,0.218,0.1059
2025-06-03 12:00:00,0.1865,0.113
2025-06-03 13:00:00,0.1436,0.1303
2025-06-03 14:00:00,0.1678,0.132
2025-06-03 15:00:00,0.1828,0.1314
2025-06-03 16:00:00,0.1832,0.1454
2025-06-03 17:00:00,0.2049,0.1644
2025-06-03 18:00:00,0.2225,0.1631
2025-06-03 19:00:00,0.2464,0.1548
2025-06-03 20:00:00,0.2392,0.174
2025-06-03 21:00:00,0.2304,0.154
2025-06-03 22:00:00,0.2839,0.1746
2025-06-03 23:00:00,0.2932,0.143
2025-06-04 00:00:00,0.2786,0.1452
2025-06-04 01:00:00,0.2782,0.14
2025-06-04 02:00:00,0.2765,0.127
2025-06-04 03:00:00,0.3059,0.1149
2025-06-04 04:00:00,0.2655,0.1049
2025-06-04 05:00:00,0.2951,0.112
2025-06-04 06:00:00,0.2555,0.0995
2025-06-04 07:00:00,0.252,0.1081
2025-06-04 08:00:00,0.2546,0.0912
2025-06-04 09:00:00,0.2019,0.1271
2025-06-04 10:00:00,0.2398,0.0947
2025-06-04 11:00:00,0.1743,0.1154
2025-06-04 12:00:00,0.1689,0.1178
2025-06-04 13:00:00,0.1653,0.1261
2025-06-04 14:00:00,0.1595,0.1389
2025-06-04 15:00:00,0.1657,0.1454
2025-06-04 16:00:00,0.1507,0.1409
2025-06-04 17:00:00,0.2238,0.1408
2025-06-04 18:00:00,0.2484,0.1631
2025-06-04 19:00:00,0.2304,0.1587
2025-06-04 20:00:00,0.2271,0.1629
2025-06-04 21:00:00,0.2682,0.1614
2025-06-04 22:00:00,0.2514,0.1606
2025-06-04 23:00:00,0.272,0.14
2025-06-05 00:00:00,0.2915,0.1339
2025-06-05 01:00:00,0.2854,0.1311
2025-06-05 02:00:00,0.3397,0.1311
2025-06-05 03:00:00,0.3017,0.1257
2025-06-05 04:00:00,0.2983,0.1192
2025-06-05 05:00:00,0.2688,0.0992
2025-06-05 06:00:00,0.2622,0.1024
2025-06-05 07:00:00,0.2407,0.1013
2025-06-05 08:00:00,0.2376,0.1011
2025-06-05 09:00:00,0.1811,0.0941
2025-06-05 10:00:00,0.2046,0.0984
2025-06-05 11:00:00,0.2089,0.1041
2025-06-05 12:00:00,0.1553,0.1154
2025-06-05 13:00:00,0.1537,0.1137
2025-06-05 14:00:00,0.1572,0.1359
2025-06-05 15:00:00,0.2065,0.1512
2025-06-05 16:00:00,0.2214,0.153
2025-06-05 17:00:00,0.2069,0.1601
2025-06-05 18:00:00,0.197,0.165
2025-06-05 19:00:00,0.2474,0.1577
2025-06-05 20:00:00,0.2823,0.1723
2025-06-05 21:00:00,0.2498,0.174
2025-06-05 22:00:00,0.3068,0.1534
2025-06-05 23:00:00,0.2665,0.165
2025-06-06 00:00:00,0.3191,0.1458
2025-06-06 01:00:00,0.2887,0.1413
2025-06-06 02:00:00,0.3036,0.1155
2025-06-06 03:00:00,0.3221,0.126
2025-06-06 04:00:00,0.2673,0.1283
2025-06-06 05:00:00,0.2706,0.1015
2025-06-06 06:00:00,0.2748,0.1094
2025-06-06 07:00:00,0.2973,0.0925
2025-06-06 08:00:00,0.2238,0.1067
2025-06-06 09:00:00,0.2177,0.1049
2025-06-06 10:00:00,0.1875,0.107
2025-06-06 11:00:00,0.1845,0.1112
2025-06-06 12:00:00,0.1721,0.1055
2025-06-06 13:00:00,0.1649,0.1133
2025-06-06 14:00:00,0.1792,0.1268
2025-06-06 15:00:00,0.1582,0.1313
2025-06-06 16:00:00,0.1696,0.1559
2025-06-06 17:00:00,0.1823,0.16
2025-06-06 18:00:00,0.212,0.1612
2025-06-06 19:00:00,0.2086,0.1631
2025-06-06 20:00:00,0.2348,0.154
2025-06-06 21:00:00,0.2575,0.1532
2025-06-06 22:00:00,0.285,0.1702
2025-06-06 23:00:00,0.2966,0.1594
2025-06-07 00:00:00,0.3146,0.1561
2025-06-07 01:00:00,0.2925,0.1433
2025-06-07 02:00:00,0.2962,0.1284
2025-06-07 03:00:00,0.2859,0.1239
2025-06-07 04:00:00,0.3282,0.0982
2025-06-07 05:00:00,0.2839,0.1156
2025-06-07 06:00:00,0.3071,0.0976
2025-06-07 07:00:00,0.2393,0.0929
2025-06-07 08:00:00,0.2233,0.0924
2025-06-07 09:00:00,0.2071,0.088
2025-06-07 10:00:00,0.2361,0.1019
2025-06-07 11:00:00,0.1844,0.1141
2025-06-07 12:00:00,0.1888,0.1124
2025-06-07 13:00:00,0.1977,0.119
2025-06-07 14:00:00,0.1979,0.1449
2025-06-07 15:00:00,0.1916,0.1212
2025-06-07 16:00:00,0.1989,0.1344
2025-06-07 17:00:00,0.1691,0.1468
2025-06-07 18:00:00,0.2124,0.1486
2025-06-07 19:00:00,0.2151,0.1419
2025-06-07 20:00:00,0.2597,0.1575
2025-06-07 21:00:00,0.2677,0.131
2025-06-07 22:00:00,0.258,0.1512
2025-06-07 23:00:00,0.2908,0.1515
2025-06-08 00:00:00,0.2831,0.1425
2025-06-08 01:00:00,0.2955,0.132
2025-06-08 02:00:00,0.3075,0.1251
2025-06-08 03:00:00,0.2927,0.139
2025-06-08 04:00:00,0.2894,0.1146
2025-06-08 05:00:00,0.276,0.1095
2025-06-08 06:00:00,0.2547,0.1083
2025-06-08 07:00:00,0.2759,0.1
2025-06-08 08:00:00,0.2245,0.1039
2025-06-08 09:00:00,0.1928,0.1016
2025-06-08 10:00:00,0.1794,0.1204
2025-06-08 11:00:00,0.1712,0.1123
2025-06-08 12:00:00,0.1898,0.1077
2025-06-08 13:00:00,0.194,0.1154
2025-06-08 14:00:00,0.1932,0.1403
2025-06-08 15:00:00,0.2003,0.1426
2025-06-08 16:00:00,0.1647,0.1606
2025-06-08 17:00:00,0.2141,0.1473
2025-06-08 18:00:00,0.2028,0.1695
2025-06-08 19:00:00,0.2302,0.1458
2025-06-08 20:00:00,0.2442,0.1624
2025-06-08 21:00:00,0.2739,0.1703
2025-06-08 22:00:00,0.2822,0.1585
2025-06-08 23:00:00,0.291,0.1519
2025-06-09 00:00:00,0.2937,0.1285
2025-06-09 01:00:00,0.3014,0.1215
2025-06-09 02:00:00,0.3066,0.1402
2025-06-09 03:00:00,0.2839,0.116
2025-06-09 04:00:00,0.2945,0.114
2025-06-09 05:00:00,0.2515,0.1052
2025-06-09 06:00:00,0.2735,0.1199
2025-06-09 07:00:00,0.2669,0.0885
2025-06-09 08:00:00,0.2583,0.1042
2025-06-09 09:00:00,0.2374,0.1212
2025-06-09 10:00:00,0.2161,0.108
2025-06-09 11:00:00,0.1909,0.1002
2025-06-09 12:00:00,0.2094,0.1364
2025-06-09 13:00:00,0.1867,0.1139
2025-06-09 14:00:00,0.1599,0.1235
2025-06-09 15:00:00,0.1667,0.1445
2025-06-09 16:00:00,0.1777,0.1385
2025-06-09 17:00:00,0.1743,0.1641
2025-06-09 18:00:00,0.1762,0.147
2025-06-09 19:00:00,0.2353,0.1436
2025-06-09 20:00:00,0.2452,0.1578
2025-06-09 21:00:00,0.2436,0.1536
2025-06-09 22:00:00,0.2845,0.1664
2025-06-09 23:00:00,0.2949,0.1661
2025-06-10 00:00:00,0.2662,0.1651
2025-06-10 01:00:00,0.2821,0.154
2025-06-10 02:00:00,0.3043,0.1219
2025-06-10 03:00:00,0.2896,0.1296
2025-06-10 04:00:00,0.2729,0.1214
2025-06-10 05:00:00,0.2712,0.0903
2025-06-10 06:00:00,0.2653,0.0976
2025-06-10 07:00:00,0.2654,0.0879
2025-06-10 08:00:00,0.2193,0.1185
2025-06-10 09:00:00,0.2098,0.096
2025-06-10 10:00:00,0.2163,0.1102
2025-06-10 11:00:00,0.1856,0.1075
2025-06-10 12:00:00,0.1399,0.1146
2025-06-10 13:00:00,0.182,0.1442
2025-06-10 14:00:00,0.1746,0.1267
2025-06-10 15:00:00,0.1759,0.1456
2025-06-10 16:00:00,0.1861,0.1529
2025-06-10 17:00:00,0.2022,0.1297
2025-06-10 18:00:00,0.2355,0.1681
2025-06-10 19:00:00,0.2337,0.1282
2025-06-10 20:00:00,0.2425,0.1501
2025-06-10 21:00:00,0.2386,0.1768
2025-06-10 22:00:00,0.2892,0.1374
2025-06-10 23:00:00,0.2961,0.1528
2025-06-11 00:00:00,0.2877,0.1432
2025-06-11 01:00:00,0.248,0.1386
2025-06-11 02:00:00,0.2789,0.138
2025-06-11 03:00:00,0.3263,0.1311
2025-06-11 04:00:00,0.3022,0.1354
2025-06-11 05:00:00,0.2644,0.089
2025-06-11 06:00:00,0.2694,0.088
2025-06-11 07:00:00,0.2419,0.0994
2025-06-11 08:00:00,0.2444,0.1015
2025-06-11 09:00:00,0.2162,0.1064
2025-06-11 10:00:00,0.2151,0.092
2025-06-11 11:00:00,0.2187,0.1109
2025-06-11 12:00:00,0.2085,0.1188
2025-06-11 13:00:00,0.1824,0.131
2025-06-11 14:00:00,0.1889,0.1141
2025-06-11 15:00:00,0.1759,0.1479
2025-06-11 16:00:00,0.1728,0.148
2025-06-11 17:00:00,0.1683,0.1587
2025-06-11 18:00:00,0.2008,0.1434
2025-06-11 19:00:00,0.203,0.1785
2025-06-11 20:00:00,0.2615,0.167
2025-06-11 21:00:00,0.2067,0.1558
2025-06-11 22:00:00,0.2979,0.169
2025-06-11 23:00:00,0.2718,0.1652
2025-06-12 00:00:00,0.2936,0.1355
2025-06-12 01:00:00,0.3368,0.1268
2025-06-12 02:00:00,0.2927,0.1313
2025-06-12 03:00:00,0.3296,0.1279
2025-06-12 04:00:00,0.2999,0.0967
2025-06-12 05:00:00,0.3136,0.1223
2025-06-12 06:00:00,0.2738,0.0832
2025-06-12 07:00:00,0.2554,0.1024
2025-06-12 08:00:00,0.2658,0.1018
2025-06-12 09:00:00,0.2271,0.1013
2025-06-12 10:00:00,0.221,0.0987
2025-06-12 11:00:00,0.15,0.1177
2025-06-12 12:00:00,0.2042,0.1047
2025-06-12 13:00:00,0.1578,0.1205
2025-06-12 14:00:00,0.1836,0.1247
2025-06-12 15:00:00,0.1994,0.144
2025-06-12 16:00:00,0.1969,0.1526
2025-06-12 17:00:00,0.1743,0.1481
2025-06-12 18:00:00,0.2101,0.1589
2025-06-12 19:00:00,0.2314,0.1457
2025-06-12 20:00:00,0.2556,0.1554
2025-06-12 21:00:00,0.2239,0.1571
2025-06-12 22:00:00,0.2271,0.1574
2025-06-12 23:00:00,0.3031,0.1492
2025-06-13 00:00:00,0.3181,0.1443
2025-06-13 01:00:00,0.3094,0.1244
2025-06-13 02:00:00,0.2711,0.1213
2025-06-13 03:00:00,0.2639,0.1216
2025-06-13 04:00:00,0.2879,0.1171
2025-06-13 05:00:00,0.2612,0.1101
2025-06-13 06:00:00,0.3063,0.1086
2025-06-13 07:00:00,0.2903,0.0951
2025-06-13 08:00:00,0.2782,0.1047
2025-06-13 09:00:00,0.2384,0.1009
2025-06-13 10:00:00,0.2519,0.1078
2025-06-13 11:00:00,0.173,0.1108
2025-06-13 12:00:00,0.1979,0.1057
2025-06-13 13:00:00,0.1816,0.1123
2025-06-13 14:00:00,0.2064,0.1214
2025-06-13 15:00:00,0.197,0.137
2025-06-13 16:00:00,0.1854,0.1536
2025-06-13 17:00:00,0.2488,0.1356
2025-06-13 18:00:00,0.2275,0.1676
2025-06-13 19:00:00,0.208,0.1744
2025-06-13 20:00:00,0.2374,0.1525
2025-06-13 21:00:00,0.2511,0.1614
2025-06-13 22:00:00,0.271,0.1664
2025-06-13 23:00:00,0.3083,0.1568
2025-06-14 00:00:00,0.2542,0.1436
2025-06-14 01:00:00,0.2959,0.1212
2025-06-14 02:00:00,0.2782,0.1325
2025-06-14 03:00:00,0.2808,0.1275
2025-06-14 04:00:00,0.27,0.1276
2025-06-14 05:00:00,0.253,0.0942
2025-06-14 06:00:00,0.2662,0.1067
2025-06-14 07:00:00,0.2464,0.114
2025-06-14 08:00:00,0.2125,0.1091
2025-06-14 09:00:00,0.2213,0.0987
2025-06-14 10:00:00,0.2249,0.1092
2025-06-14 11:00:00,0.2035,0.105
2025-06-14 12:00:00,0.2015,0.1302
2025-06-14 13:00:00,0.1808,0.1329
2025-06-14 14:00:00,0.2166,0.1306
2025-06-14 15:00:00,0.2103,0.1379
2025-06-14 16:00:00,0.1668,0.1465
2025-06-14 17:00:00,0.2168,0.1469
2025-06-14 18:00:00,0.2061,0.1375
2025-06-14 19:00:00,0.2258,0.1479
2025-06-14 20:00:00,0.2224,0.1621
2025-06-14 21:00:00,0.2456,0.1465
2025-06-14 22:00:00,0.3048,0.1601
2025-06-14 23:00:00,0.2923,0.1532
2025-06-15 00:00:00,0.2827,0.1419
2025-06-15 01:00:00,0.2906,0.1367
2025-06-15 02:00:00,0.3113,0.1377
2025-06-15 03:00:00,0.2792,0.1301
2025-06-15 04:00:00,0.2848,0.1143
2025-06-15 05:00:00,0.314,0.1141
2025-06-15 06:00:00,0.2837,0.1047
2025-06-15 07:00:00,0.2695,0.1184
2025-06-15 08:00:00,0.2476,0.0866
2025-06-15 09:00:00,0.2123,0.1037
2025-06-15 10:00:00,0.1954,0.101
2025-06-15 11:00:00,0.2058,0.1316
2025-06-15 12:00:00,0.1941,0.1232
2025-06-15 13:00:00,0.1642,0.1063
2025-06-15 14:00:00,0.1909,0.1266
2025-06-15 15:00:00,0.1619,0.1275
2025-06-15 16:00:00,0.1577,0.1498
2025-06-15 17:00:00,0.2037,0.161
2025-06-15 18:00:00,0.2097,0.1604
2025-06-15 19:00:00,0.2334,0.1662
2025-06-15 20:00:00,0.2736,0.1657
2025-06-15 21:00:00,0.2553,0.1576
2025-06-15 22:00:00,0.2727,0.1548
2025-06-15 23:00:00,0.2795,0.161
2025-06-16 00:00:00,0.2716,0.1348
2025-06-16 01:00:00,0.3218,0.1358
2025-06-16 02:00:00,0.2947,0.1277
2025-06-16 03:00:00,0.2703,0.1364
2025-06-16 04:00:00,0.3163,0.1097
2025-06-16 05:00:00,0.2985,0.124
2025-06-16 06:00:00,0.2599,0.1255
2025-06-16 07:00:00,0.2532,0.1115
2025-06-16 08:00:00,0.2142,0.1024
2025-06-16 09:00:00,0.2192,0.1254
2025-06-16 10:00:00,0.2228,0.1167
2025-06-16 11:00:00,0.2137,0.1088
2025-06-16 12:00:00,0.1734,0.1255
2025-06-16 13:00:00,0.208,0.1188
2025-06-16 14:00:00,0.1725,0.1387
2025-06-16 15:00:00,0.1996,0.1309
2025-06-16 16:00:00,0.1711,0.136
2025-06-16 17:00:00,0.1841,0.1539
2025-06-16 18:00:00,0.2021,0.1618
2025-06-16 19:00:00,0.2384,0.1819
2025-06-16 20:00:00,0.2447,0.1633
2025-06-16 21:00:00,0.2388,0.1585
2025-06-16 22:00:00,0.2252,0.1604
2025-06-16 23:00:00,0.2616,0.1312
2025-06-17 00:00:00,0.2605,0.1614
2025-06-17 01:00:00,0.2862,0.1428
2025-06-17 02:00:00,0.3286,0.1533
2025-06-17 03:00:00,0.293,0.1124
2025-06-17 04:00:00,0.2532,0.1287
2025-06-17 05:00:00,0.2669,0.1181
2025-06-17 06:00:00,0.2447,0.1002
2025-06-17 07:00:00,0.2587,0.1071
2025-06-17 08:00:00,0.2403,0.1054
2025-06-17 09:00:00,0.2605,0.1002
2025-06-17 10:00:00,0.2066,0.1147
2025-06-17 11:00:00,0.2242,0.1119
2025-06-17 12:00:00,0.1643,0.1261
2025-06-17 13:00:00,0.157,0.13
2025-06-17 14:00:00,0.1936,0.1232
2025-06-17 15:00:00,0.1469,0.1507
2025-06-17 16:00:00,0.1973,0.1317
2025-06-17 17:00:00,0.1861,0.1597
2025-06-17 18:00:00,0.1933,0.1569
2025-06-17 19:00:00,0.2273,0.1463
2025-06-17 20:00:00,0.1965,0.1472
2025-06-17 21:00:00,0.3028,0.1739
2025-06-17 22:00:00,0.259,0.1614
2025-06-17 23:00:00,0.2556,0.1651
2025-06-18 00:00:00,0.3109,0.1392
2025-06-18 01:00:00,0.3121,0.1303
2025-06-18 02:00:00,0.2917,0.1186
2025-06-18 03:00:00,0.2577,0.1353
2025-06-18 04:00:00,0.3148,0.1162
2025-06-18 05:00:00,0.2876,0.1067
2025-06-18 06:00:00,0.2596,0.1056
2025-06-18 07:00:00,0.2586,0.1071
2025-06-18 08:00:00,0.2752,0.1106
2025-06-18 09:00:00,0.2099,0.1144
2025-06-18 10:00:00,0.2314,0.0753
2025-06-18 11:00:00,0.213,0.0998
2025-06-18 12:00:00,0.1706,0.1172
2025-06-18 13:00:00,0.1809,0.1299
2025-06-18 14:00:00,0.1494,0.1241
2025-06-18 15:00:00,0.1609,0.1417
2025-06-18 16:00:00,0.1844,0.138
2025-06-18 17:00:00,0.2172,0.1293
2025-06-18 18:00:00,0.2277,0.1756
2025-06-18 19:00:00,0.2149,0.1504
2025-06-18 20:00:00,0.2665,0.1605
2025-06-18 21:00:00,0.2649,0.1607
2025-06-18 22:00:00,0.2856,0.1349
2025-06-18 23:00:00,0.3065,0.1589
2025-06-19 00:00:00,0.2846,0.1477
2025-06-19 01:00:00,0.3012,0.1507
2025-06-19 02:00:00,0.2893,0.1271
2025-06-19 03:00:00,0.3043,0.1513
2025-06-19 04:00:00,0.2919,0.1105
2025-06-19 05:00:00,0.2864,0.1049
2025-06-19 06:00:00,0.2873,0.0899
2025-06-19 07:00:00,0.2471,0.0862
2025-06-19 08:00:00,0.2418,0.104
2025-06-19 09:00:00,0.1984,0.0996
2025-06-19 10:00:00,0.2234,0.1059
2025-06-19 11:00:00,0.2014,0.1041
2025-06-19 12:00:00,0.1841,0.1211
2025-06-19 13:00:00,0.1602,0.1279
2025-06-19 14:00:00,0.1895,0.1354
2025-06-19 15:00:00,0.2052,0.1511
2025-06-19 16:00:00,0.1742,0.1498
2025-06-19 17:00:00,0.2095,0.1501
2025-06-19 18:00:00,0.2049,0.1693
2025-06-19 19:00:00,0.2295,0.1423
2025-06-19 20:00:00,0.2053,0.1562
2025-06-19 21:00:00,0.2805,0.1576
2025-06-19 22:00:00,0.2481,0.1609
2025-06-19 23:00:00,0.2704,0.154
2025-06-20 00:00:00,0.3132,0.1427
2025-06-20 01:00:00,0.3224,0.1358
2025-06-20 02:00:00,0.3268,0.1209
2025-06-20 03:00:00,0.2809,0.1325
2025-06-20 04:00:00,0.2623,0.1423
2025-06-20 05:00:00,0.3039,0.1111
2025-06-20 06:00:00,0.2832,0.1094
2025-06-20 07:00:00,0.2203,0.08
2025-06-20 08:00:00,0.2629,0.0931
2025-06-20 09:00:00,0.2291,0.0971
2025-06-20 10:00:00,0.1909,0.0945
2025-06-20 11:00:00,0.1858,0.1133
2025-06-20 12:00:00,0.1472,0.124
2025-06-20 13:00:00,0.1847,0.1312
2025-06-20 14:00:00,0.1747,0.1413
2025-06-20 15:00:00,0.1873,0.1361
2025-06-20 16:00:00,0.2051,0.1472
2025-06-20 17:00:00,0.2098,0.1611
2025-06-20 18:00:00,0.2141,0.1543
2025-06-20 19:00:00,0.2638,0.1475
2025-06-20 20:00:00,0.2154,0.1798
2025-06-20 21:00:00,0.2673,0.1708
2025-06-20 22:00:00,0.2855,0.15
2025-06-20 23:00:00,0.3113,0.1549
2025-06-21 00:00:00,0.296,0.1574
2025-06-21 01:00:00,0.2816,0.1365
2025-06-21 02:00:00,0.2818,0.137
2025-06-21 03:00:00,0.3028,0.1187
2025-06-21 04:00:00,0.292,0.1113
2025-06-21 05:00:00,0.3061,0.114
2025-06-21 06:00:00,0.2834,0.1028
2025-06-21 07:00:00,0.2234,0.0955
2025-06-21 08:00:00,0.2774,0.0976
2025-06-21 09:00:00,0.2156,0.1125
2025-06-21 10:00:00,0.213,0.1001
2025-06-21 11:00:00,0.2077,0.1113
2025-06-21 12:00:00,0.1631,0.1163
2025-06-21 13:00:00,0.1873,0.1267
2025-06-21 14:00:00,0.171,0.122
2025-06-21 15:00:00,0.1726,0.144
2025-06-21 16:00:00,0.1879,0.1562
2025-06-21 17:00:00,0.1863,0.1485
2025-06-21 18:00:00,0.1833,0.152
2025-06-21 19:00:00,0.2439,0.1627
2025-06-21 20:00:00,0.2127,0.1596
2025-06-21 21:00:00,0.2347,0.1616
2025-06-21 22:00:00,0.3102,0.1791
2025-06-21 23:00:00,0.3013,0.1428
2025-06-22 00:00:00,0.3123,0.1209
2025-06-22 01:00:00,0.3093,0.1453
2025-06-22 02:00:00,0.2956,0.1388
2025-06-22 03:00:00,0.3256,0.1015
2025-06-22 04:00:00,0.2856,0.1253
2025-06-22 05:00:00,0.2778,0.1133
2025-06-22 06:00:00,0.2495,0.124
2025-06-22 07:00:00,0.244,0.0976
2025-06-22 08:00:00,0.2389,0.1002
2025-06-22 09:00:00,0.2095,0.1034
2025-06-22 10:00:00,0.2162,0.1064
2025-06-22 11:00:00,0.1688,0.0957
2025-06-22 12:00:00,0.2055,0.1058
2025-06-22 13:00:00,0.2213,0.1306
2025-06-22 14:00:00,0.1956,0.1314
2025-06-22 15:00:00,0.1448,0.1243
2025-06-22 16:00:00,0.169,0.1472
2025-06-22 17:00:00,0.1715,0.1479
2025-06-22 18:00:00,0.2664,0.1531
2025-06-22 19:00:00,0.2189,0.1642
2025-06-22 20:00:00,0.2359,0.1761
2025-06-22 21:00:00,0.2396,0.163
2025-06-22 22:00:00,0.2664,0.1581
2025-06-22 23:00:00,0.3056,0.1403
2025-06-23 00:00:00,0.2763,0.1473
2025-06-23 01:00:00,0.3279,0.1318
2025-06-23 02:00:00,0.2854,0.1382
2025-06-23 03:00:00,0.3041,0.1361
2025-06-23 04:00:00,0.2957,0.1289
2025-06-23 05:00:00,0.2982,0.1076
2025-06-23 06:00:00,0.276,0.1038
2025-06-23 07:00:00,0.2535,0.0967
2025-06-23 08:00:00,0.2513,0.1189
2025-06-23 09:00:00,0.2017,0.1107
2025-06-23 10:00:00,0.2018,0.0855
2025-06-23 11:00:00,0.1827,0.1144
2025-06-23 12:00:00,0.1968,0.1146
2025-06-23 13:00:00,0.1889,0.1122
2025-06-23 14:00:00,0.1709,0.1388
2025-06-23 15:00:00,0.1916,0.1383
2025-06-23 16:00:00,0.1815,0.1408
2025-06-23 17:00:00,0.1614,0.1586
2025-06-23 18:00:00,0.1812,0.1449
2025-06-23 19:00:00,0.2369,0.164
2025-06-23 20:00:00,0.2798,0.1668
2025-06-23 21:00:00,0.2502,0.1475
2025-06-23 22:00:00,0.2531,0.1557
2025-06-23 23:00:00,0.2932,0.1533
2025-06-24 00:00:00,0.2969,0.1512
2025-06-24 01:00:00,0.3019,0.12
2025-06-24 02:00:00,0.3078,0.1337
2025-06-24 03:00:00,0.2946,0.1299
2025-06-24 04:00:00,0.2664,0.1169
2025-06-24 05:00:00,0.2958,0.1111
2025-06-24 06:00:00,0.2291,0.0989
2025-06-24 07:00:00,0.2669,0.1043
2025-06-24 08:00:00,0.241,0.1077
2025-06-24 09:00:00,0.2246,0.1156
2025-06-24 10:00:00,0.1893,0.0949
2025-06-24 11:00:00,0.2104,0.1103
2025-06-24 12:00:00,0.1807,0.137
2025-06-24 13:00:00,0.188,0.1347
2025-06-24 14:00:00,0.2157,0.1195
2025-06-24 15:00:00,0.1546,0.1482
2025-06-24 16:00:00,0.1333,0.1547
2025-06-24 17:00:00,0.1975,0.148
2025-06-24 18:00:00,0.2557,0.1565
2025-06-24 19:00:00,0.1875,0.1512
2025-06-24 20:00:00,0.2283,0.1578
2025-06-24 21:00:00,0.2697,0.1586
2025-06-24 22:00:00,0.2515,0.1775
2025-06-24 23:00:00,0.2862,0.1593
2025-06-25 00:00:00,0.2615,0.149
2025-06-25 01:00:00,0.2715,0.1216
2025-06-25 02:00:00,0.302,0.1254
2025-06-25 03:00:00,0.3255,0.1208
2025-06-25 04:00:00,0.3015,0.1084
2025-06-25 05:00:00,0.2754,0.1093
2025-06-25 06:00:00,0.2892,0.107
2025-06-25 07:00:00,0.2809,0.1043
2025-06-25 08:00:00,0.2164,0.1098
2025-06-25 09:00:00,0.2195,0.107
2025-06-25 10:00:00,0.2038,0.0893
2025-06-25 11:00:00,0.2104,0.1211
2025-06-25 12:00:00,0.1886,0.1059
2025-06-25 13:00:00,0.165,0.117
2025-06-25 14:00:00,0.1938,0.1308
2025-06-25 15:00:00,0.2311,0.1386
2025-06-25 16:00:00,0.188,0.1384
2025-06-25 17:00:00,0.188,0.1515
2025-06-25 18:00:00,0.2045,0.154
2025-06-25 19:00:00,0.2252,0.1552
2025-06-25 20:00:00,0.2378,0.1571
2025-06-25 21:00:00,0.2866,0.1568
2025-06-25 22:00:00,0.2608,0.1574
2025-06-25 23:00:00,0.2769,0.1429
2025-06-26 00:00:00,0.2938,0.1406
2025-06-26 01:00:00,0.2468,0.1447
2025-06-26 02:00:00,0.2921,0.1295
2025-06-26 03:00:00,0.3129,0.128
2025-06-26 04:00:00,0.2696,0.1
2025-06-26 05:00:00,0.3139,0.1184
2025-06-26 06:00:00,0.2617,0.0851
2025-06-26 07:00:00,0.2411,0.0847
2025-06-26 08:00:00,0.2242,0.1186
2025-06-26 09:00:00,0.2059,0.1098
2025-06-26 10:00:00,0.1845,0.1005
2025-06-26 11:00:00,0.2258,0.0969
2025-06-26 12:00:00,0.2128,0.113
2025-06-26 13:00:00,0.1867,0.109
2025-06-26 14:00:00,0.2066,0.1118
2025-06-26 15:00:00,0.1907,0.1368
2025-06-26 16:00:00,0.1657,0.1537
2025-06-26 17:00:00,0.2134,0.144
2025-06-26 18:00:00,0.2099,0.1505
2025-06-26 19:00:00,0.1849,0.1721
2025-06-26 20:00:00,0.2658,0.1591
2025-06-26 21:00:00,0.2625,0.1434
2025-06-26 22:00:00,0.3277,0.1507
2025-06-26 23:00:00,0.298,0.1575
2025-06-27 00:00:00,0.334,0.1676
2025-06-27 01:00:00,0.2909,0.153
2025-06-27 02:00:00,0.3067,0.1239
2025-06-27 03:00:00,0.3151,0.1256
2025-06-27 04:00:00,0.2682,0.1052
2025-06-27 05:00:00,0.2811,0.1202
2025-06-27 06:00:00,0.304,0.0995
2025-06-27 07:00:00,0.2826,0.109
2025-06-27 08:00:00,0.2561,0.1103
2025-06-27 09:00:00,0.2358,0.1088
2025-06-27 10:00:00,0.1963,0.0878
2025-06-27 11:00:00,0.2222,0.1092
2025-06-27 12:00:00,0.1933,0.1213
2025-06-27 13:00:00,0.1555,0.1242
2025-06-27 14:00:00,0.1438,0.1259
2025-06-27 15:00:00,0.1368,0.1663
2025-06-27 16:00:00,0.1777,0.1512
2025-06-27 17:00:00,0.2087,0.1727
2025-06-27 18:00:00,0.25,0.1639
2025-06-27 19:00:00,0.2314,0.1566
2025-06-27 20:00:00,0.2166,0.1623
2025-06-27 21:00:00,0.2379,0.1627
2025-06-27 22:00:00,0.2965,0.1599
2025-06-27 23:00:00,0.2409,0.1687
2025-06-28 00:00:00,0.3203,0.1335
2025-06-28 01:00:00,0.2915,0.1572
2025-06-28 02:00:00,0.2679,0.1209
2025-06-28 03:00:00,0.2899,0.1197
2025-06-28 04:00:00,0.2662,0.1191
2025-06-28 05:00:00,0.2881,0.1103
2025-06-28 06:00:00,0.2725,0.109
2025-06-28 07:00:00,0.2862,0.1167
2025-06-28 08:00:00,0.2248,0.0861
2025-06-28 09:00:00,0.237,0.0904
2025-06-28 10:00:00,0.2305,0.0871
2025-06-28 11:00:00,0.1937,0.1132
2025-06-28 12:00:00,0.1438,0.1095
2025-06-28 13:00:00,0.1813,0.1201
2025-06-28 14:00:00,0.1613,0.1387
2025-06-28 15:00:00,0.1873,0.1318
2025-06-28 16:00:00,0.1557,0.1523
2025-06-28 17:00:00,0.2022,0.155
2025-06-28 18:00:00,0.2261,0.1439
2025-06-28 19:00:00,0.2459,0.1746
2025-06-28 20:00:00,0.2675,0.164
2025-06-28 21:00:00,0.2733,0.1652
2025-06-28 22:00:00,0.262,0.1648
2025-06-28 23:00:00,0.284,0.1442
2025-06-29 00:00:00,0.3192,0.1358
2025-06-29 01:00:00,0.319,0.1205
2025-06-29 02:00:00,0.2912,0.1346
2025-06-29 03:00:00,0.2954,0.1356
2025-06-29 04:00:00,0.2887,0.1102
2025-06-29 05:00:00,0.3013,0.1103
2025-06-29 06:00:00,0.2738,0.1113
2025-06-29 07:00:00,0.2564,0.0848
2025-06-29 08:00:00,0.2404,0.1216
2025-06-29 09:00:00,0.2399,0.1147
2025-06-29 10:00:00,0.2099,0.1036
2025-06-29 11:00:00,0.2038,0.1225
2025-06-29 12:00:00,0.1981,0.1226
2025-06-29 13:00:00,0.1736,0.1115
2025-06-29 14:00:00,0.2175,0.1072
2025-06-29 15:00:00,0.1785,0.1256
2025-06-29 16:00:00,0.188,0.1363
2025-06-29 17:00:00,0.1909,0.1717
2025-06-29 18:00:00,0.2194,0.1445
2025-06-29 19:00:00,0.2343,0.1622
2025-06-29 20:00:00,0.2326,0.1679
2025-06-29 21:00:00,0.2259,0.168
2025-06-29 22:00:00,0.2771,0.1417
2025-06-29 23:00:00,0.2607,0.1519
2025-06-30 00:00:00,0.3018,0.1441
2025-06-30 01:00:00,0.3013,0.1448
2025-06-30 02:00:00,0.2914,0.1336
2025-06-30 03:00:00,0.2921,0.1103
2025-06-30 04:00:00,0.2763,0.1372
2025-06-30 05:00:00,0.2501,0.1122
2025-06-30 06:00:00,0.2716,0.0939
2025-06-30 07:00:00,0.2937,0.1031
2025-06-30 08:00:00,0.2368,0.1012
2025-06-30 09:00:00,0.1951,0.1025
2025-06-30 10:00:00,0.2029,0.1065
2025-06-30 11:00:00,0.2234,0.1191
2025-06-30 12:00:00,0.1716,0.1226
2025-06-30 13:00:00,0.1413,0.1229
2025-06-30 14:00:00,0.1611,0.1447
2025-06-30 15:00:00,0.2121,0.1317
2025-06-30 16:00:00,0.2367,0.1324
2025-06-30 17:00:00,0.1856,0.1399
2025-06-30 18:00:00,0.2309,0.1613
2025-06-30 19:00:00,0.207,0.1705
2025-06-30 20:00:00,0.2215,0.1628
2025-06-30 21:00:00,0.2563,0.1637
2025-06-30 22:00:00,0.2563,0.1741
2025-06-30 23:00:00,0.3135,0.1465
2025-07-01 00:00:00,0.3202,0.1312
2025-07-01 01:00:00,0.2885,0.1255
2025-07-01 02:00:00,0.2931,0.1181
2025-07-01 03:00:00,0.2746,0.1143
2025-07-01 04:00:00,0.2754,0.1075
2025-07-01 05:00:00,0.282,0.0975
2025-07-01 06:00:00,0.2327,0.1104
2025-07-01 07:00:00,0.2751,0.1048
2025-07-01 08:00:00,0.2416,0.1079
2025-07-01 09:00:00,0.2061,0.0955
2025-07-01 10:00:00,0.1963,0.1065
2025-07-01 11:00:00,0.2053,0.1045
2025-07-01 12:00:00,0.2033,0.1138
2025-07-01 13:00:00,0.1677,0.1213
2025-07-01 14:00:00,0.1877,0.1532
2025-07-01 15:00:00,0.1901,0.138
2025-07-01 16:00:00,0.2004,0.1369
2025-07-01 17:00:00,0.1737,0.1612
2025-07-01 18:00:00,0.2447,0.1537
2025-07-01 19:00:00,0.2488,0.1609
2025-07-01 20:00:00,0.2353,0.1647
2025-07-01 21:00:00,0.2796,0.1729
2025-07-01 22:00:00,0.2816,0.1654
2025-07-01 23:00:00,0.3202,0.1557
2025-07-02 00:00:00,0.312,0.1355
2025-07-02 01:00:00,0.3053,0.1272
2025-07-02 02:00:00,0.3058,0.1163
2025-07-02 03:00:00,0.298,0.1065
2025-07-02 04:00:00,0.3096,0.0905
2025-07-02 05:00:00,0.2805,0.1241
2025-07-02 06:00:00,0.2918,0.0933
2025-07-02 07:00:00,0.2514,0.1002
2025-07-02 08:00:00,0.2057,0.1135
2025-07-02 09:00:00,0.2019,0.0875
2025-07-02 10:00:00,0.1981,0.1075
2025-07-02 11:00:00,0.2337,0.1023
2025-07-02 12:00:00,0.2214,0.1091
2025-07-02 13:00:00,0.1457,0.1409
2025-07-02 14:00:00,0.1766,0.1317
2025-07-02 15:00:00,0.1755,0.1377
2025-07-02 16:00:00,0.2073,0.1403
2025-07-02 17:00:00,0.2158,0.1519
2025-07-02 18:00:00,0.2307,0.1563
2025-07-02 19:00:00,0.246,0.1387
2025-07-02 20:00:00,0.2154,0.1525
2025-07-02 21:00:00,0.2442,0.1695
2025-07-02 22:00:00,0.2989,0.1564
2025-07-02 23:00:00,0.2843,0.1432
2025-07-03 00:00:00,0.3443,0.1534
2025-07-03 01:00:00,0.2689,0.1396
2025-07-03 02:00:00,0.3239,0.139
2025-07-03 03:00:00,0.2893,0.1182
2025-07-03 04:00:00,0.2929,0.1126
2025-07-03 05:00:00,0.2749,0.1064
2025-07-03 06:00:00,0.2421,0.1258
2025-07-03 07:00:00,0.261,0.0892
2025-07-03 08:00:00,0.2468,0.1002
2025-07-03 09:00:00,0.2078,0.0999
2025-07-03 10:00:00,0.1827,0.099
2025-07-03 11:00:00,0.196,0.0998
2025-07-03 12:00:00,0.1772,0.1262
2025-07-03 13:00:00,0.2088,0.112
2025-07-03 14:00:00,0.1779,0.1169
2025-07-03 15:00:00,0.177,0.1456
2025-07-03 16:00:00,0.1872,0.1521
2025-07-03 17:00:00,0.1923,0.1624
2025-07-03 18:00:00,0.208,0.1643
2025-07-03 19:00:00,0.2265,0.1707
2025-07-03 20:00:00,0.2344,0.1619
2025-07-03 21:00:00,0.2633,0.1779
2025-07-03 22:00:00,0.2803,0.1666
2025-07-03 23:00:00,0.3055,0.1356
2025-07-04 00:00:00,0.3239,0.1499
2025-07-04 01:00:00,0.2828,0.1202
2025-07-04 02:00:00,0.2819,0.1236
2025-07-04 03:00:00,0.2887,0.1099
2025-07-04 04:00:00,0.2751,0.1002
2025-07-04 05:00:00,0.2535,0.1197
2025-07-04 06:00:00,0.2814,0.1083
2025-07-04 07:00:00,0.2476,0.0851
2025-07-04 08:00:00,0.2697,0.0964
2025-07-04 09:00:00,0.2644,0.1128
2025-07-04 10:00:00,0.1935,0.1071
2025-07-04 11:00:00,0.222,0.1135
2025-07-04 12:00:00,0.2117,0.1044
2025-07-04 13:00:00,0.1561,0.1263
2025-07-04 14:00:00,0.1934,0.1226
2025-07-04 15:00:00,0.1958,0.1313
2025-07-04 16:00:00,0.1723,0.1546
2025-07-04 17:00:00,0.223,0.1488
2025-07-04 18:00:00,0.1914,0.1651
2025-07-04 19:00:00,0.2138,0.16
2025-07-04 20:00:00,0.2538,0.1707
2025-07-04 21:00:00,0.238,0.1622
2025-07-04 22:00:00,0.2587,0.1379
2025-07-04 23:00:00,0.2983,0.1643
2025-07-05 00:00:00,0.3068,0.1428
2025-07-05 01:00:00,0.2761,0.1459
2025-07-05 02:00:00,0.2846,0.1214
2025-07-05 03:00:00,0.3011,0.1274
2025-07-05 04:00:00,0.323,0.1148
2025-07-05 05:00:00,0.2485,0.1052
2025-07-05 06:00:00,0.2617,0.1195
2025-07-05 07:00:00,0.259,0.0995
2025-07-05 08:00:00,0.2339,0.1046
2025-07-05 09:00:00,0.2552,0.1151
2025-07-05 10:00:00,0.1927,0.0921
2025-07-05 11:00:00,0.1465,0.1129
2025-07-05 12:00:00,0.1711,0.1064
2025-07-05 13:00:00,0.2033,0.1049
2025-07-05 14:00:00,0.196,0.1297
2025-07-05 15:00:00,0.192,0.1291
2025-07-05 16:00:00,0.1892,0.146
2025-07-05 17:00:00,0.1833,0.1411
2025-07-05 18:00:00,0.2072,0.1516
2025-07-05 19:00:00,0.2618,0.1634
2025-07-05 20:00:00,0.253,0.1654
2025-07-05 21:00:00,0.2725,0.166
2025-07-05 22:00:00,0.2725,0.1488
2025-07-05 23:00:00,0.3167,0.1421
2025-07-06 00:00:00,0.2869,0.1363
2025-07-06 01:00:00,0.3216,0.132
2025-07-06 02:00:00,0.3061,0.1318
2025-07-06 03:00:00,0.3029,0.1464
2025-07-06 04:00:00,0.2818,0.1177
2025-07-06 05:00:00,0.2692,0.0946
2025-07-06 06:00:00,0.2779,0.1133
2025-07-06 07:00:00,0.2553,0.1266
2025-07-06 08:00:00,0.2604,0.1088
2025-07-06 09:00:00,0.1965,0.1255
2025-07-06 10:00:00,0.2088,0.0858
2025-07-06 11:00:00,0.1903,0.1194
2025-07-06 12:00:00,0.1858,0.1045
2025-07-06 13:00:00,0.1798,0.1162
2025-07-06 14:00:00,0.1759,0.1298
2025-07-06 15:00:00,0.1881,0.1334
2025-07-06 16:00:00,0.1745,0.1556
2025-07-06 17:00:00,0.1803,0.1495
2025-07-06 18:00:00,0.2214,0.1559
2025-07-06 19:00:00,0.2279,0.1566
2025-07-06 20:00:00,0.2775,0.1605
2025-07-06 21:00:00,0.2163,0.1488
2025-07-06 22:00:00,0.2593,0.1527
2025-07-06 23:00:00,0.2662,0.1573
2025-07-07 00:00:00,0.2975,0.1299
2025-07-07 01:00:00,0.2609,0.1491
2025-07-07 02:00:00,0.2996,0.1378
2025-07-07 03:00:00,0.289,0.1158
2025-07-07 04:00:00,0.2935,0.101
2025-07-07 05:00:00,0.2782,0.1039
2025-07-07 06:00:00,0.2692,0.1007
2025-07-07 07:00:00,0.2417,0.079
2025-07-07 08:00:00,0.2546,0.081
2025-07-07 09:00:00,0.2105,0.0917
2025-07-07 10:00:00,0.1786,0.1146
2025-07-07 11:00:00,0.1891,0.1051
2025-07-07 12:00:00,0.1717,0.125
2025-07-07 13:00:00,0.1894,0.1197
2025-07-07 14:00:00,0.1381,0.1344
2025-07-07 15:00:00,0.1717,0.142
2025-07-07 16:00:00,0.1758,0.1458
2025-07-07 17:00:00,0.1621,0.1637
2025-07-07 18:00:00,0.1885,0.1663
2025-07-07 19:00:00,0.2316,0.1795
2025-07-07 20:00:00,0.2544,0.1709
2025-07-07 21:00:00,0.2453,0.1402
2025-07-07 22:00:00,0.3126,0.1599
2025-07-07 23:00:00,0.2864,0.1414
2025-07-08 00:00:00,0.2738,0.1297
2025-07-08 01:00:00,0.2728,0.1462
2025-07-08 02:00:00,0.2967,0.129
2025-07-08 03:00:00,0.2586,0.1232
2025-07-08 04:00:00,0.2965,0.1082
2025-07-08 05:00:00,0.2859,0.106
2025-07-08 06:00:00,0.2882,0.0984
2025-07-08 07:00:00,0.277,0.0831
2025-07-08 08:00:00,0.2399,0.0724
2025-07-08 09:00:00,0.1747,0.1105
2025-07-08 10:00:00,0.2374,0.1271
2025-07-08 11:00:00,0.1701,0.1025
2025-07-08 12:00:00,0.2067,0.1246
2025-07-08 13:00:00,0.1696,0.1231
2025-07-08 14:00:00,0.1619,0.128
2025-07-08 15:00:00,0.1896,0.1371
2025-07-08 16:00:00,0.2082,0.1499
2025-07-08 17:00:00,0.1878,0.1443
2025-07-08 18:00:00,0.2072,0.1422
2025-07-08 19:00:00,0.231,0.1741
2025-07-08 20:00:00,0.2109,0.149
2025-07-08 21:00:00,0.2294,0.1613
2025-07-08 22:00:00,0.2691,0.1604
2025-07-08 23:00:00,0.2968,0.1522
2025-07-09 00:00:00,0.2844,0.1302
2025-07-09 01:00:00,0.3319,0.1313
2025-07-09 02:00:00,0.3386,0.1307
2025-07-09 03:00:00,0.2854,0.115
2025-07-09 04:00:00,0.3095,0.1024
2025-07-09 05:00:00,0.2811,0.0922
2025-07-09 06:00:00,0.2777,0.1171
2025-07-09 07:00:00,0.2526,0.1005
2025-07-09 08:00:00,0.244,0.1099
2025-07-09 09:00:00,0.2221,0.0884
2025-07-09 10:00:00,0.2127,0.0945
2025-07-09 11:00:00,0.2141,0.0958
2025-07-09 12:00:00,0.1908,0.1175
2025-07-09 13:00:00,0.204,0.1261
2025-07-09 14:00:00,0.2057,0.1328
2025-07-09 15:00:00,0.1801,0.1467
2025-07-09 16:00:00,0.2207,0.1482
2025-07-09 17:00:00,0.1905,0.1337
2025-07-09 18:00:00,0.2292,0.148
2025-07-09 19:00:00,0.2025,0.1697
2025-07-09 20:00:00,0.223,0.1633
2025-07-09 21:00:00,0.28,0.1676
2025-07-09 22:00:00,0.2575,0.1558
2025-07-09 23:00:00,0.2505,0.1504
2025-07-10 00:00:00,0.2802,0.1575
2025-07-10 01:00:00,0.3309,0.1284
2025-07-10 02:00:00,0.3127,0.1016
2025-07-10 03:00:00,0.2791,0.1201
2025-07-10 04:00:00,0.2567,0.1184
2025-07-10 05:00:00,0.2626,0.102
2025-07-10 06:00:00,0.2688,0.1157
2025-07-10 07:00:00,0.2835,0.1132
2025-07-10 08:00:00,0.2338,0.088
2025-07-10 09:00:00,0.2322,0.1184
2025-07-10 10:00:00,0.2327,0.0964
2025-07-10 11:00:00,0.1902,0.1253
2025-07-10 12:00:00,0.1989,0.1143
2025-07-10 13:00:00,0.2199,0.1212
2025-07-10 14:00:00,0.1742,0.1178
2025-07-10 15:00:00,0.1736,0.1361
2025-07-10 16:00:00,0.1957,0.1489
2025-07-10 17:00:00,0.1729,0.1606
2025-07-10 18:00:00,0.26,0.1702
2025-07-10 19:00:00,0.2345,0.1505
2025-07-10 20:00:00,0.2443,0.1518
2025-07-10 21:00:00,0.2775,0.1424
2025-07-10 22:00:00,0.2544,0.1475
2025-07-10 23:00:00,0.2867,0.1359
2025-07-11 00:00:00,0.2961,0.1198
2025-07-11 01:00:00,0.2655,0.1243
2025-07-11 02:00:00,0.2843,0.1283
2025-07-11 03:00:00,0.3002,0.1136
2025-07-11 04:00:00,0.3357,0.1179
2025-07-11 05:00:00,0.2947,0.1109
2025-07-11 06:00:00,0.2636,0.106
2025-07-11 07:00:00,0.2469,0.1202
2025-07-11 08:00:00,0.232,0.1016
2025-07-11 09:00:00,0.2484,0.087
2025-07-11 10:00:00,0.1772,0.1046
2025-07-11 11:00:00,0.2119,0.111
2025-07-11 12:00:00,0.1756,0.1159
2025-07-11 13:00:00,0.2087,0.1425
2025-07-11 14:00:00,0.1702,0.1313
2025-07-11 15:00:00,0.1624,0.1272
2025-07-11 16:00:00,0.1571,0.1361
2025-07-11 17:00:00,0.1696,0.1371
2025-07-11 18:00:00,0.2202,0.1509
2025-07-11 19:00:00,0.2108,0.1749
2025-07-11 20:00:00,0.2317,0.1672
2025-07-11 21:00:00,0.2388,0.1659
2025-07-11 22:00:00,0.2433,0.1595
2025-07-11 23:00:00,0.2534,0.1496
2025-07-12 00:00:00,0.2729,0.1484
2025-07-12 01:00:00,0.2923,0.1351
2025-07-12 02:00:00,0.2837,0.1247
2025-07-12 03:00:00,0.3045,0.1353
2025-07-12 04:00:00,0.3011,0.1251
2025-07-12 05:00:00,0.2645,0.0968
2025-07-12 06:00:00,0.2677,0.0925
2025-07-12 07:00:00,0.2547,0.1112
2025-07-12 08:00:00,0.2116,0.1042
2025-07-12 09:00:00,0.2271,0.101
2025-07-12 10:00:00,0.2011,0.1082
2025-07-12 11:00:00,0.1947,0.104
2025-07-12 12:00:00,0.172,0.1248
2025-07-12 13:00:00,0.1883,0.1067
2025-07-12 14:00:00,0.1867,0.1184
2025-07-12 15:00:00,0.1734,0.1329
2025-07-12 16:00:00,0.1571,0.1504
2025-07-12 17:00:00,0.185,0.1405
2025-07-12 18:00:00,0.2333,0.1579
2025-07-12 19:00:00,0.2093,0.1824
2025-07-12 20:00:00,0.2625,0.1437
2025-07-12 21:00:00,0.2575,0.1647
2025-07-12 22:00:00,0.3054,0.1816
2025-07-12 23:00:00,0.2501,0.1597
2025-07-13 00:00:00,0.2813,0.1456
2025-07-13 01:00:00,0.3123,0.1254
2025-07-13 02:00:00,0.2759,0.1137
2025-07-13 03:00:00,0.3054,0.1114
2025-07-13 04:00:00,0.2911,0.1142
2025-07-13 05:00:00,0.2573,0.099
2025-07-13 06:00:00,0.2752,0.1056
2025-07-13 07:00:00,0.2664,0.1134
2025-07-13 08:00:00,0.239,0.1057
2025-07-13 09:00:00,0.2248,0.109
2025-07-13 10:00:00,0.2347,0.1075
2025-07-13 11:00:00,0.2038,0.1135
2025-07-13 12:00:00,0.2157,0.1048
2025-07-13 13:00:00,0.1916,0.1248
2025-07-13 14:00:00,0.1686,0.1256
2025-07-13 15:00:00,0.2159,0.1422
2025-07-13 16:00:00,0.2118,0.1372
2025-07-13 17:00:00,0.2082,0.1727
2025-07-13 18:00:00,0.2314,0.1867
2025-07-13 19:00:00,0.2509,0.1773
2025-07-13 20:00:00,0.2462,0.1597
2025-07-13 21:00:00,0.2606,0.1824
2025-07-13 22:00:00,0.2426,0.1515
2025-07-13 23:00:00,0.2916,0.1595
2025-07-14 00:00:00,0.3062,0.1347
2025-07-14 01:00:00,0.3281,0.1381
2025-07-14 02:00:00,0.3003,0.1275
2025-07-14 03:00:00,0.2786,0.1164
2025-07-14 04:00:00,0.3045,0.1088
2025-07-14 05:00:00,0.2684,0.0985
2025-07-14 06:00:00,0.2621,0.0999
2025-07-14 07:00:00,0.2511,0.1165
2025-07-14 08:00:00,0.2231,0.1241
2025-07-14 09:00:00,0.2326,0.0987
2025-07-14 10:00:00,0.2224,0.0891
2025-07-14 11:00:00,0.2281,0.0954
2025-07-14 12:00:00,0.1968,0.101
2025-07-14 13:00:00,0.1746,0.142
2025-07-14 14:00:00,0.1809,0.1402
2025-07-14 15:00:00,0.1739,0.1419
2025-07-14 16:00:00,0.1818,0.1392
2025-07-14 17:00:00,0.1774,0.1469
2025-07-14 18:00:00,0.2249,0.1628
2025-07-14 19:00:00,0.2164,0.1629
2025-07-14 20:00:00,0.223,0.1465
2025-07-14 21:00:00,0.2464,0.1559
2025-07-14 22:00:00,0.2631,0.1677
2025-07-14 23:00:00,0.3038,0.1508
2025-07-15 00:00:00,0.2798,0.1467
2025-07-15 01:00:00,0.2999,0.1489
2025-07-15 02:00:00,0.3125,0.1284
2025-07-15 03:00:00,0.2979,0.1255
2025-07-15 04:00:00,0.2805,0.1206
2025-07-15 05:00:00,0.297,0.1071
2025-07-15 06:00:00,0.2596,0.1037
2025-07-15 07:00:00,0.2812,0.1123
2025-07-15 08:00:00,0.2307,0.1016
2025-07-15 09:00:00,0.2275,0.089
2025-07-15 10:00:00,0.212,0.0988
2025-07-15 11:00:00,0.2018,0.1195
2025-07-15 12:00:00,0.1655,0.1106
2025-07-15 13:00:00,0.1825,0.126
2025-07-15 14:00:00,0.1971,0.1254
2025-07-15 15:00:00,0.1721,0.1402
2025-07-15 16:00:00,0.1728,0.1372
2025-07-15 17:00:00,0.2006,0.1605
2025-07-15 18:00:00,0.2088,0.1606
2025-07-15 19:00:00,0.2116,0.1674
2025-07-15 20:00:00,0.2226,0.1527
2025-07-15 21:00:00,0.2533,0.1556
2025-07-15 22:00:00,0.2642,0.1467
2025-07-15 23:00:00,0.2719,0.1302
2025-07-16 00:00:00,0.2962,0.1557
2025-07-16 01:00:00,0.2843,0.1435
2025-07-16 02:00:00,0.3543,0.1459
2025-07-16 03:00:00,0.3017,0.1118
2025-07-16 04:00:00,0.3099,0.1117
2025-07-16 05:00:00,0.2618,0.1054
2025-07-16 06:00:00,0.2799,0.0766
2025-07-16 07:00:00,0.2805,0.1018
2025-07-16 08:00:00,0.2447,0.1139
2025-07-16 09:00:00,0.2025,0.098
2025-07-16 10:00:00,0.2104,0.0943
2025-07-16 11:00:00,0.1791,0.0927
2025-07-16 12:00:00,0.2211,0.1102
2025-07-16 13:00:00,0.1831,0.1127
2025-07-16 14:00:00,0.1344,0.1215
2025-07-16 15:00:00,0.1887,0.1414
2025-07-16 16:00:00,0.2166,0.1487
2025-07-16 17:00:00,0.1935,0.1495
2025-07-16 18:00:00,0.2313,0.1651
2025-07-16 19:00:00,0.2529,0.1514
2025-07-16 20:00:00,0.2661,0.1648
2025-07-16 21:00:00,0.2529,0.1606
2025-07-16 22:00:00,0.2657,0.1707
2025-07-16 23:00:00,0.2768,0.159
2025-07-17 00:00:00,0.2814,0.1455
2025-07-17 01:00:00,0.3111,0.1401
2025-07-17 02:00:00,0.329,0.137
2025-07-17 03:00:00,0.2982,0.1235
2025-07-17 04:00:00,0.2819,0.1246
2025-07-17 05:00:00,0.2645,0.0946
2025-07-17 06:00:00,0.2734,0.0971
2025-07-17 07:00:00,0.2514,0.0987
2025-07-17 08:00:00,0.2388,0.0945
2025-07-17 09:00:00,0.2051,0.1072
2025-07-17 10:00:00,0.195,0.107
2025-07-17 11:00:00,0.1834,0.1165
2025-07-17 12:00:00,0.1902,0.1134
2025-07-17 13:00:00,0.1806,0.1254
2025-07-17 14:00:00,0.186,0.1368
2025-07-17 15:00:00,0.1577,0.146
2025-07-17 16:00:00,0.1785,0.1443
2025-07-17 17:00:00,0.1814,0.169
2025-07-17 18:00:00,0.2148,0.1655
2025-07-17 19:00:00,0.2246,0.1578
2025-07-17 20:00:00,0.2325,0.1685
2025-07-17 21:00:00,0.2285,0.1566
2025-07-17 22:00:00,0.2606,0.1468
2025-07-17 23:00:00,0.2745,0.1492
2025-07-18 00:00:00,0.2867,0.1466
2025-07-18 01:00:00,0.2802,0.1303
2025-07-18 02:00:00,0.297,0.1248
2025-07-18 03:00:00,0.3171,0.121
2025-07-18 04:00:00,0.2924,0.1113
2025-07-18 05:00:00,0.2853,0.109
2025-07-18 06:00:00,0.2671,0.091
2025-07-18 07:00:00,0.2319,0.1003
2025-07-18 08:00:00,0.205,0.0882
2025-07-18 09:00:00,0.1944,0.1052
2025-07-18 10:00:00,0.2217,0.0946
2025-07-18 11:00:00,0.2254,0.1026
2025-07-18 12:00:00,0.2116,0.1142
2025-07-18 13:00:00,0.1801,0.1266
2025-07-18 14:00:00,0.1677,0.1342
2025-07-18 15:00:00,0.1899,0.1286
2025-07-18 16:00:00,0.2,0.151
2025-07-18 17:00:00,0.1922,0.1584
2025-07-18 18:00:00,0.1992,0.1403
2025-07-18 19:00:00,0.2336,0.1712
2025-07-18 20:00:00,0.2518,0.1512
2025-07-18 21:00:00,0.2332,0.1726
2025-07-18 22:00:00,0.2609,0.15
2025-07-18 23:00:00,0.2886,0.1526
2025-07-19 00:00:00,0.3123,0.1431
2025-07-19 01:00:00,0.2718,0.1419
2025-07-19 02:00:00,0.2706,0.1164
2025-07-19 03:00:00,0.3221,0.1269
2025-07-19 04:00:00,0.2691,0.144
2025-07-19 05:00:00,0.2691,0.1083
2025-07-19 06:00:00,0.2661,0.1251
2025-07-19 07:00:00,0.2489,0.1252
2025-07-19 08:00:00,0.2926,0.0837
2025-07-19 09:00:00,0.226,0.1
2025-07-19 10:00:00,0.1811,0.1251
2025-07-19 11:00:00,0.2316,0.1142
2025-07-19 12:00:00,0.2022,0.1121
2025-07-19 13:00:00,0.1908,0.1196
2025-07-19 14:00:00,0.185,0.1214
2025-07-19 15:00:00,0.1731,0.139
2025-07-19 16:00:00,0.1715,0.1407
2025-07-19 17:00:00,0.198,0.1599
2025-07-19 18:00:00,0.1996,0.1642
2025-07-19 19:00:00,0.2289,0.1742
2025-07-19 20:00:00,0.2346,0.1673
2025-07-19 21:00:00,0.2466,0.1534
2025-07-19 22:00:00,0.2521,0.1763
2025-07-19 23:00:00,0.2955,0.1609
2025-07-20 00:00:00,0.2669,0.1498
2025-07-20 01:00:00,0.3057,0.1401
2025-07-20 02:00:00,0.3028,0.1517
2025-07-20 03:00:00,0.3227,0.1257
2025-07-20 04:00:00,0.2585,0.1011
2025-07-20 05:00:00,0.2929,0.1035
2025-07-20 06:00:00,0.27,0.1043
2025-07-20 07:00:00,0.2279,0.1001
2025-07-20 08:00:00,0.2269,0.1068
2025-07-20 09:00:00,0.2261,0.0931
2025-07-20 10:00:00,0.2092,0.1035
2025-07-20 11:00:00,0.1855,0.1108
2025-07-20 12:00:00,0.1745,0.1174
2025-07-20 13:00:00,0.1742,0.1164
2025-07-20 14:00:00,0.1506,0.1349
2025-07-20 15:00:00,0.1359,0.1529
2025-07-20 16:00:00,0.2005,0.1446
2025-07-20 17:00:00,0.2024,0.1536
2025-07-20 18:00:00,0.1763,0.1482
2025-07-20 19:00:00,0.2343,0.1567
2025-07-20 20:00:00,0.2264,0.1893
2025-07-20 21:00:00,0.2621,0.172
2025-07-20 22:00:00,0.2674,0.1705
2025-07-20 23:00:00,0.3009,0.1524
2025-07-21 00:00:00,0.267,0.1386
2025-07-21 01:00:00,0.2895,0.1323
2025-07-21 02:00:00,0.3473,0.1341
2025-07-21 03:00:00,0.3093,0.0933
2025-07-21 04:00:00,0.2486,0.1157
2025-07-21 05:00:00,0.2991,0.1017
2025-07-21 06:00:00,0.2688,0.1176
2025-07-21 07:00:00,0.2877,0.0984
2025-07-21 08:00:00,0.206,0.1102
2025-07-21 09:00:00,0.2516,0.1016
2025-07-21 10:00:00,0.206,0.1145
2025-07-21 11:00:00,0.2061,0.1057
2025-07-21 12:00:00,0.1873,0.1036
2025-07-21 13:00:00,0.1784,0.1296
2025-07-21 14:00:00,0.1479,0.1179
2025-07-21 15:00:00,0.1596,0.121
2025-07-21 16:00:00,0.1519,0.1479
2025-07-21 17:00:00,0.1549,0.1466
2025-07-21 18:00:00,0.1891,0.1505
2025-07-21 19:00:00,0.2314,0.1572
2025-07-21 20:00:00,0.2206,0.1525
2025-07-21 21:00:00,0.2659,0.153
2025-07-21 22:00:00,0.2918,0.1461
2025-07-21 23:00:00,0.2855,0.1559
2025-07-22 00:00:00,0.2965,0.1318
2025-07-22 01:00:00,0.2677,0.1234
2025-07-22 02:00:00,0.2869,0.142
2025-07-22 03:00:00,0.2824,0.0961
2025-07-22 04:00:00,0.2802,0.1253
2025-07-22 05:00:00,0.2867,0.1175
2025-07-22 06:00:00,0.2692,0.09
2025-07-22 07:00:00,0.2478,0.1124
2025-07-22 08:00:00,0.2502,0.1057
2025-07-22 09:00:00,0.2885,0.1148
2025-07-22 10:00:00,0.186,0.0997
2025-07-22 11:00:00,0.1983,0.1055
2025-07-22 12:00:00,0.1718,0.1171
2025-07-22 13:00:00,0.1759,0.1334
2025-07-22 14:00:00,0.146,0.129
2025-07-22 15:00:00,0.1918,0.139
2025-07-22 16:00:00,0.1877,0.1399
2025-07-22 17:00:00,0.1869,0.1469
2025-07-22 18:00:00,0.2213,0.1545
2025-07-22 19:00:00,0.2473,0.1571
2025-07-22 20:00:00,0.2073,0.1506
2025-07-22 21:00:00,0.2234,0.1581
2025-07-22 22:00:00,0.2947,0.1543
2025-07-22 23:00:00,0.3268,0.1494
2025-07-23 00:00:00,0.3238,0.1431
2025-07-23 01:00:00,0.3126,0.1386
2025-07-23 02:00:00,0.2778,0.1385
2025-07-23 03:00:00,0.3104,0.1172
2025-07-23 04:00:00,0.2781,0.117
2025-07-23 05:00:00,0.2839,0.1115
2025-07-23 06:00:00,0.2474,0.1022
2025-07-23 07:00:00,0.2625,0.0932
2025-07-23 08:00:00,0.2261,0.0961
2025-07-23 09:00:00,0.222,0.1029
2025-07-23 10:00:00,0.2087,0.0926
2025-07-23 11:00:00,0.1744,0.092
2025-07-23 12:00:00,0.1463,0.122
2025-07-23 13:00:00,0.1819,0.1258
2025-07-23 14:00:00,0.2174,0.1349
2025-07-23 15:00:00,0.1546,0.1329
2025-07-23 16:00:00,0.2148,0.1446
2025-07-23 17:00:00,0.1654,0.1558
2025-07-23 18:00:00,0.2304,0.1493
2025-07-23 19:00:00,0.1787,0.1545
2025-07-23 20:00:00,0.2162,0.1658
2025-07-23 21:00:00,0.2441,0.1632
2025-07-23 22:00:00,0.295,0.1495
2025-07-23 23:00:00,0.2523,0.1366
2025-07-24 00:00:00,0.2604,0.1369
2025-07-24 01:00:00,0.3069,0.1254
2025-07-24 02:00:00,0.3128,0.1391
2025-07-24 03:00:00,0.2936,0.1009
2025-07-24 04:00:00,0.3003,0.1212
2025-07-24 05:00:00,0.2472,0.0977
2025-07-24 06:00:00,0.2759,0.1112
2025-07-24 07:00:00,0.2692,0.1093
2025-07-24 08:00:00,0.2266,0.0826
2025-07-24 09:00:00,0.2151,0.1033
2025-07-24 10:00:00,0.2427,0.1064
2025-07-24 11:00:00,0.1762,0.1241
2025-07-24 12:00:00,0.1825,0.1207
2025-07-24 13:00:00,0.1728,0.1299
2025-07-24 14:00:00,0.1798,0.1233
2025-07-24 15:00:00,0.1785,0.1242
2025-07-24 16:00:00,0.2314,0.1426
2025-07-24 17:00:00,0.2204,0.1607
2025-07-24 18:00:00,0.1979,0.1557
2025-07-24 19:00:00,0.2453,0.1534
2025-07-24 20:00:00,0.2238,0.1658
2025-07-24 21:00:00,0.2745,0.1515
2025-07-24 22:00:00,0.2579,0.1725
2025-07-24 23:00:00,0.2763,0.1447
2025-07-25 00:00:00,0.2636,0.1418
2025-07-25 01:00:00,0.3037,0.1406
2025-07-25 02:00:00,0.3024,0.1212
2025-07-25 03:00:00,0.3202,0.1377
2025-07-25 04:00:00,0.2814,0.1177
2025-07-25 05:00:00,0.3049,0.111
2025-07-25 06:00:00,0.3014,0.0909
2025-07-25 07:00:00,0.2743,0.0951
2025-07-25 08:00:00,0.2448,0.0834
2025-07-25 09:00:00,0.222,0.1125
2025-07-25 10:00:00,0.2485,0.0883
2025-07-25 11:00:00,0.1969,0.1017
2025-07-25 12:00:00,0.1869,0.1226
2025-07-25 13:00:00,0.1868,0.1306
2025-07-25 14:00:00,0.194,0.136
2025-07-25 15:00:00,0.174,0.1464
2025-07-25 16:00:00,0.167,0.1502
2025-07-25 17:00:00,0.1913,0.154
2025-07-25 18:00:00,0.2249,0.1495
2025-07-25 19:00:00,0.2327,0.1664
2025-07-25 20:00:00,0.2521,0.1693
2025-07-25 21:00:00,0.2569,0.158
2025-07-25 22:00:00,0.2423,0.1475
2025-07-25 23:00:00,0.3125,0.1347
2025-07-26 00:00:00,0.3097,0.1476
2025-07-26 01:00:00,0.3059,0.1376
2025-07-26 02:00:00,0.3012,0.1348
2025-07-26 03:00:00,0.2941,0.1202
2025-07-26 04:00:00,0.2884,0.113
2025-07-26 05:00:00,0.2914,0.1092
2025-07-26 06:00:00,0.2559,0.1003
2025-07-26 07:00:00,0.2225,0.0854
2025-07-26 08:00:00,0.2428,0.0954
2025-07-26 09:00:00,0.2592,0.1084
2025-07-26 10:00:00,0.2289,0.1034
2025-07-26 11:00:00,0.1771,0.0953
2025-07-26 12:00:00,0.2027,0.1195
2025-07-26 13:00:00,0.1686,0.1276
2025-07-26 14:00:00,0.1492,0.1348
2025-07-26 15:00:00,0.1688,0.1287
2025-07-26 16:00:00,0.1752,0.1262
2025-07-26 17:00:00,0.1984,0.1518
2025-07-26 18:00:00,0.2022,0.1709
2025-07-26 19:00:00,0.2281,0.1574
2025-07-26 20:00:00,0.2437,0.1892
2025-07-26 21:00:00,0.2578,0.1606
2025-07-26 22:00:00,0.265,0.1625
2025-07-26 23:00:00,0.3005,0.1547
2025-07-27 00:00:00,0.2532,0.1352
2025-07-27 01:00:00,0.2754,0.1395
2025-07-27 02:00:00,0.2961,0.1277
2025-07-27 03:00:00,0.3088,0.1206
2025-07-27 04:00:00,0.3365,0.1056
2025-07-27 05:00:00,0.299,0.1192
2025-07-27 06:00:00,0.305,0.1159
2025-07-27 07:00:00,0.2211,0.0944
2025-07-27 08:00:00,0.2631,0.1073
2025-07-27 09:00:00,0.1924,0.1088
2025-07-27 10:00:00,0.2306,0.0803
2025-07-27 11:00:00,0.1929,0.1023
2025-07-27 12:00:00,0.1631,0.1199
2025-07-27 13:00:00,0.1547,0.1244
2025-07-27 14:00:00,0.1616,0.14
2025-07-27 15:00:00,0.211,0.1517
2025-07-27 16:00:00,0.1686,0.133
2025-07-27 17:00:00,0.1908,0.165
2025-07-27 18:00:00,0.1963,0.1467
2025-07-27 19:00:00,0.2539,0.1519
2025-07-27 20:00:00,0.2559,0.1615
2025-07-27 21:00:00,0.2534,0.1632
2025-07-27 22:00:00,0.2918,0.1568
2025-07-27 23:00:00,0.2674,0.1466
2025-07-28 00:00:00,0.3187,0.1426
2025-07-28 01:00:00,0.3052,0.1382
2025-07-28 02:00:00,0.2781,0.1175
2025-07-28 03:00:00,0.279,0.1315
2025-07-28 04:00:00,0.3105,0.1026
2025-07-28 05:00:00,0.268,0.1247
2025-07-28 06:00:00,0.2879,0.0871
2025-07-28 07:00:00,0.2942,0.0963
2025-07-28 08:00:00,0.2104,0.1103
2025-07-28 09:00:00,0.203,0.1091
2025-07-28 10:00:00,0.2031,0.1155
2025-07-28 11:00:00,0.1951,0.096
2025-07-28 12:00:00,0.2054,0.1134
2025-07-28 13:00:00,0.1412,0.1333
2025-07-28 14:00:00,0.158,0.1334
2025-07-28 15:00:00,0.1928,0.1405
2025-07-28 16:00:00,0.1771,0.1537
2025-07-28 17:00:00,0.1798,0.1592
2025-07-28 18:00:00,0.197,0.1466
2025-07-28 19:00:00,0.2076,0.155
2025-07-28 20:00:00,0.2105,0.1515
2025-07-28 21:00:00,0.2331,0.1685
2025-07-28 22:00:00,0.3138,0.1613
2025-07-28 23:00:00,0.2888,0.1475
2025-07-29 00:00:00,0.2804,0.1438
2025-07-29 01:00:00,0.3008,0.1513
2025-07-29 02:00:00,0.3049,0.1098
2025-07-29 03:00:00,0.3139,0.1018
2025-07-29 04:00:00,0.2471,0.0992
2025-07-29 05:00:00,0.2693,0.1114
2025-07-29 06:00:00,0.2454,0.1037
2025-07-29 07:00:00,0.2306,0.0935
2025-07-29 08:00:00,0.2456,0.0901
2025-07-29 09:00:00,0.2257,0.1083
2025-07-29 10:00:00,0.2188,0.0931
2025-07-29 11:00:00,0.2028,0.1134
2025-07-29 12:00:00,0.1641,0.1009
2025-07-29 13:00:00,0.175,0.1269
2025-07-29 14:00:00,0.1855,0.1284
2025-07-29 15:00:00,0.1924,0.1359
2025-07-29 16:00:00,0.2155,0.1375
2025-07-29 17:00:00,0.1966,0.1527
2025-07-29 18:00:00,0.189,0.1451
2025-07-29 19:00:00,0.219,0.1563
2025-07-29 20:00:00,0.2302,0.1761
2025-07-29 21:00:00,0.2671,0.1605
2025-07-29 22:00:00,0.2403,0.151
2025-07-29 23:00:00,0.2768,0.1632
2025-07-30 00:00:00,0.2932,0.151
2025-07-30 01:00:00,0.3085,0.1378
2025-07-30 02:00:00,0.3211,0.1331
2025-07-30 03:00:00,0.3053,0.1179
2025-07-30 04:00:00,0.2998,0.1031
2025-07-30 05:00:00,0.2632,0.1136
2025-07-30 06:00:00,0.2674,0.1047
2025-07-30 07:00:00,0.2542,0.1083
2025-07-30 08:00:00,0.2284,0.0923
2025-07-30 09:00:00,0.2225,0.1045
2025-07-30 10:00:00,0.219,0.0933
2025-07-30 11:00:00,0.1575,0.0952
2025-07-30 12:00:00,0.1815,0.1145
2025-07-30 13:00:00,0.1537,0.1172
2025-07-30 14:00:00,0.1796,0.1385
2025-07-30 15:00:00,0.1831,0.1187
2025-07-30 16:00:00,0.1516,0.1447
2025-07-30 17:00:00,0.2037,0.1473
2025-07-30 18:00:00,0.1933,0.147
2025-07-30 19:00:00,0.2192,0.1532
2025-07-30 20:00:00,0.2089,0.1709
2025-07-30 21:00:00,0.2728,0.1613
2025-07-30 22:00:00,0.2721,0.1644
2025-07-30 23:00:00,0.2949,0.1623
2025-07-31 00:00:00,0.3111,0.1411
2025-07-31 01:00:00,0.2958,0.1539
2025-07-31 02:00:00,0.2888,0.1283
2025-07-31 03:00:00,0.3097,0.1269
2025-07-31 04:00:00,0.2996,0.123
2025-07-31 05:00:00,0.2806,0.119
2025-07-31 06:00:00,0.2823,0.104
2025-07-31 07:00:00,0.249,0.0947
2025-07-31 08:00:00,0.2192,0.0895
2025-07-31 09:00:00,0.1949,0.0983
2025-07-31 10:00:00,0.2252,0.1079
2025-07-31 11:00:00,0.1959,0.113
2025-07-31 12:00:00,0.1482,0.1132
2025-07-31 13:00:00,0.1845,0.1235
2025-07-31 14:00:00,0.18,0.1283
2025-07-31 15:00:00,0.1691,0.1371
2025-07-31 16:00:00,0.2031,0.1403
2025-07-31 17:00:00,0.2311,0.151
2025-07-31 18:00:00,0.1876,0.1431
2025-07-31 19:00:00,0.2283,0.1718
2025-07-31 20:00:00,0.2402,0.1416
2025-07-31 21:00:00,0.2649,0.142
2025-07-31 22:00:00,0.2745,0.1518
2025-07-31 23:00:00,0.3005,0.1605
2025-08-01 00:00:00,0.2945,0.1553
2025-08-01 01:00:00,0.3159,0.1426
2025-08-01 02:00:00,0.3028,0.1142
2025-08-01 03:00:00,0.2606,0.1197
2025-08-01 04:00:00,0.2769,0.1146
2025-08-01 05:00:00,0.2505,0.1099
2025-08-01 06:00:00,0.2477,0.103
2025-08-01 07:00:00,0.2356,0.1078
2025-08-01 08:00:00,0.2426,0.1231
2025-08-01 09:00:00,0.2018,0.0971
2025-08-01 10:00:00,0.1956,0.1148
2025-08-01 11:00:00,0.2027,0.1041
2025-08-01 12:00:00,0.1848,0.1165
2025-08-01 13:00:00,0.1778,0.1172
2025-08-01 14:00:00,0.1875,0.1156
2025-08-01 15:00:00,0.206,0.1395
2025-08-01 16:00:00,0.1847,0.142
2025-08-01 17:00:00,0.1956,0.1503
2025-08-01 18:00:00,0.2082,0.1513
2025-08-01 19:00:00,0.2366,0.171
2025-08-01 20:00:00,0.2095,0.1466
2025-08-01 21:00:00,0.2455,0.1563
2025-08-01 22:00:00,0.2747,0.1591
2025-08-01 23:00:00,0.2833,0.161
2025-08-02 00:00:00,0.3352,0.153
2025-08-02 01:00:00,0.3006,0.1463
2025-08-02 02:00:00,0.3084,0.1171
2025-08-02 03:00:00,0.2954,0.1188
2025-08-02 04:00:00,0.3071,0.124
2025-08-02 05:00:00,0.3034,0.1056
2025-08-02 06:00:00,0.2822,0.095
2025-08-02 07:00:00,0.2598,0.0905
2025-08-02 08:00:00,0.2553,0.1116
2025-08-02 09:00:00,0.2313,0.1126
2025-08-02 10:00:00,0.2277,0.1077
2025-08-02 11:00:00,0.2072,0.0993
2025-08-02 12:00:00,0.2014,0.115
2025-08-02 13:00:00,0.1479,0.1169
2025-08-02 14:00:00,0.2147,0.1255
2025-08-02 15:00:00,0.1652,0.1242
2025-08-02 16:00:00,0.1743,0.1455
2025-08-02 17:00:00,0.197,0.1448
2025-08-02 18:00:00,0.2134,0.1758
2025-08-02 19:00:00,0.2055,0.164
2025-08-02 20:00:00,0.2096,0.1432
2025-08-02 21:00:00,0.264,0.1586
2025-08-02 22:00:00,0.2383,0.1561
2025-08-02 23:00:00,0.2635,0.1771
2025-08-03 00:00:00,0.2837,0.1424
2025-08-03 01:00:00,0.2973,0.1525
2025-08-03 02:00:00,0.2732,0.1436
2025-08-03 03:00:00,0.2999,0.1431
2025-08-03 04:00:00,0.2869,0.1
2025-08-03 05:00:00,0.2887,0.1126
2025-08-03 06:00:00,0.2763,0.1148
2025-08-03 07:00:00,0.2747,0.0897
2025-08-03 08:00:00,0.2576,0.1015
2025-08-03 09:00:00,0.2252,0.1106
2025-08-03 10:00:00,0.224,0.1044
2025-08-03 11:00:00,0.2194,0.1131
2025-08-03 12:00:00,0.1516,0.1188
2025-08-03 13:00:00,0.1686,0.0971
2025-08-03 14:00:00,0.1924,0.1575
2025-08-03 15:00:00,0.1726,0.1096
2025-08-03 16:00:00,0.1388,0.1437
2025-08-03 17:00:00,0.2076,0.1254
2025-08-03 18:00:00,0.2162,0.1581
2025-08-03 19:00:00,0.2169,0.1509
2025-08-03 20:00:00,0.2282,0.1459
2025-08-03 21:00:00,0.2966,0.1589
2025-08-03 22:00:00,0.2515,0.1578
2025-08-03 23:00:00,0.2949,0.153
2025-08-04 00:00:00,0.3099,0.1229
2025-08-04 01:00:00,0.3119,0.1351
2025-08-04 02:00:00,0.2891,0.1253
2025-08-04 03:00:00,0.3429,0.1144
2025-08-04 04:00:00,0.2641,0.1183
2025-08-04 05:00:00,0.2415,0.1021
2025-08-04 06:00:00,0.2313,0.0995
2025-08-04 07:00:00,0.2568,0.0886
2025-08-04 08:00:00,0.2215,0.0948
2025-08-04 09:00:00,0.2291,0.0988
2025-08-04 10:00:00,0.2103,0.1113
2025-08-04 11:00:00,0.2047,0.0975
2025-08-04 12:00:00,0.1946,0.1284
2025-08-04 13:00:00,0.1965,0.1324
2025-08-04 14:00:00,0.1783,0.1234
2025-08-04 15:00:00,0.2215,0.1344
2025-08-04 16:00:00,0.1979,0.1437
2025-08-04 17:00:00,0.1627,0.1588
2025-08-04 18:00:00,0.2074,0.1753
2025-08-04 19:00:00,0.2452,0.1628
2025-08-04 20:00:00,0.2449,0.1751
2025-08-04 21:00:00,0.2686,0.1659
2025-08-04 22:00:00,0.2463,0.1421
2025-08-04 23:00:00,0.2914,0.1346
2025-08-05 00:00:00,0.2825,0.149
2025-08-05 01:00:00,0.2383,0.1464
2025-08-05 02:00:00,0.2623,0.1347
2025-08-05 03:00:00,0.2783,0.1114
2025-08-05 04:00:00,0.3272,0.1298
2025-08-05 05:00:00,0.305,0.1174
2025-08-05 06:00:00,0.2802,0.1057
2025-08-05 07:00:00,0.2705,0.0848
2025-08-05 08:00:00,0.2742,0.117
2025-08-05 09:00:00,0.2449,0.1147
2025-08-05 10:00:00,0.21,0.1106
2025-08-05 11:00:00,0.1775,0.1081
2025-08-05 12:00:00,0.1695,0.1069
2025-08-05 13:00:00,0.2211,0.1227
2025-08-05 14:00:00,0.1761,0.1409
2025-08-05 15:00:00,0.174,0.1371
2025-08-05 16:00:00,0.2064,0.144
2025-08-05 17:00:00,0.2067,0.1532
2025-08-05 18:00:00,0.205,0.1561
2025-08-05 19:00:00,0.2435,0.1659
2025-08-05 20:00:00,0.2312,0.1485
2025-08-05 21:00:00,0.2573,0.1488
2025-08-05 22:00:00,0.2843,0.1403
2025-08-05 23:00:00,0.2831,0.1636
2025-08-06 00:00:00,0.3169,0.1479
2025-08-06 01:00:00,0.2982,0.1182
2025-08-06 02:00:00,0.2783,0.1231
2025-08-06 03:00:00,0.294,0.1088
2025-08-06 04:00:00,0.2702,0.1248
2025-08-06 05:00:00,0.2873,0.109
2025-08-06 06:00:00,0.2773,0.104
2025-08-06 07:00:00,0.227,0.098
2025-08-06 08:00:00,0.2167,0.0829
2025-08-06 09:00:00,0.2253,0.1093
2025-08-06 10:00:00,0.226,0.1153
2025-08-06 11:00:00,0.2188,0.1037
2025-08-06 12:00:00,0.1989,0.1148
2025-08-06 13:00:00,0.1631,0.1215
2025-08-06 14:00:00,0.2017,0.142
2025-08-06 15:00:00,0.2028,0.1228
2025-08-06 16:00:00,0.2148,0.1298
2025-08-06 17:00:00,0.2321,0.1541
2025-08-06 18:00:00,0.2044,0.1712
2025-08-06 19:00:00,0.1966,0.1591
2025-08-06 20:00:00,0.2716,0.1561
2025-08-06 21:00:00,0.2379,0.1552
2025-08-06 22:00:00,0.2606,0.126
2025-08-06 23:00:00,0.3026,0.1508
2025-08-07 00:00:00,0.3345,0.1319
2025-08-07 01:00:00,0.3017,0.1384
2025-08-07 02:00:00,0.3107,0.1159
2025-08-07 03:00:00,0.2594,0.1256
2025-08-07 04:00:00,0.2428,0.1228
2025-08-07 05:00:00,0.2933,0.0953
2025-08-07 06:00:00,0.3071,0.1138
2025-08-07 07:00:00,0.274,0.1055
2025-08-07 08:00:00,0.2466,0.0989
2025-08-07 09:00:00,0.2427,0.1119
2025-08-07 10:00:00,0.2154,0.1083
2025-08-07 11:00:00,0.1722,0.1029
2025-08-07 12:00:00,0.1867,0.1218
2025-08-07 13:00:00,0.1938,0.1256
2025-08-07 14:00:00,0.1287,0.1264
2025-08-07 15:00:00,0.2139,0.1505
2025-08-07 16:00:00,0.1493,0.1485
2025-08-07 17:00:00,0.1879,0.1584
2025-08-07 18:00:00,0.2165,0.1591
2025-08-07 19:00:00,0.2121,0.1769
2025-08-07 20:00:00,0.2934,0.1661
2025-08-07 21:00:00,0.2501,0.1503
2025-08-07 22:00:00,0.2605,0.1426
2025-08-07 23:00:00,0.2687,0.156
2025-08-08 00:00:00,0.3006,0.1482
2025-08-08 01:00:00,0.2724,0.1378
2025-08-08 02:00:00,0.2825,0.1234
2025-08-08 03:00:00,0.2856,0.1331
2025-08-08 04:00:00,0.2763,0.1034
2025-08-08 05:00:00,0.2913,0.0976
2025-08-08 06:00:00,0.2562,0.1074
2025-08-08 07:00:00,0.2265,0.1248
2025-08-08 08:00:00,0.2522,0.1116
2025-08-08 09:00:00,0.2099,0.1013
2025-08-08 10:00:00,0.1936,0.1152
2025-08-08 11:00:00,0.1804,0.0948
2025-08-08 12:00:00,0.1792,0.1371
2025-08-08 13:00:00,0.1922,0.1244
2025-08-08 14:00:00,0.1853,0.1314
2025-08-08 15:00:00,0.1669,0.1369
2025-08-08 16:00:00,0.1499,0.1285
2025-08-08 17:00:00,0.2032,0.1623
2025-08-08 18:00:00,0.2074,0.1552
2025-08-08 19:00:00,0.2217,0.1704
2025-08-08 20:00:00,0.2418,0.161
2025-08-08 21:00:00,0.2783,0.166
2025-08-08 22:00:00,0.2608,0.1481
2025-08-08 23:00:00,0.2666,0.1593
2025-08-09 00:00:00,0.2749,0.1364
2025-08-09 01:00:00,0.2864,0.1336
2025-08-09 02:00:00,0.3155,0.1317
2025-08-09 03:00:00,0.3016,0.1214
2025-08-09 04:00:00,0.292,0.1132
2025-08-09 05:00:00,0.2598,0.1117
2025-08-09 06:00:00,0.2836,0.1042
2025-08-09 07:00:00,0.2579,0.0945
2025-08-09 08:00:00,0.241,0.0994
2025-08-09 09:00:00,0.2128,0.1054
2025-08-09 10:00:00,0.2185,0.0917
2025-08-09 11:00:00,0.1942,0.1195
2025-08-09 12:00:00,0.1869,0.1126
2025-08-09 13:00:00,0.1991,0.1391
2025-08-09 14:00:00,0.1708,0.1205
2025-08-09 15:00:00,0.2037,0.1349
2025-08-09 16:00:00,0.1824,0.1399
2025-08-09 17:00:00,0.189,0.1746
2025-08-09 18:00:00,0.2113,0.1597
2025-08-09 19:00:00,0.2422,0.1695
2025-08-09 20:00:00,0.2109,0.1607
2025-08-09 21:00:00,0.2378,0.134
2025-08-09 22:00:00,0.3098,0.1583
2025-08-09 23:00:00,0.2714,0.1559
2025-08-10 00:00:00,0.3024,0.1475
2025-08-10 01:00:00,0.3035,0.1308
2025-08-10 02:00:00,0.2912,0.117
2025-08-10 03:00:00,0.311,0.1214
2025-08-10 04:00:00,0.3208,0.1219
2025-08-10 05:00:00,0.2748,0.113
2025-08-10 06:00:00,0.2708,0.1041
2025-08-10 07:00:00,0.2597,0.1052
2025-08-10 08:00:00,0.2156,0.0944
2025-08-10 09:00:00,0.2107,0.091
2025-08-10 10:00:00,0.2444,0.1011
2025-08-10 11:00:00,0.2201,0.1058
2025-08-10 12:00:00,0.1899,0.1044
2025-08-10 13:00:00,0.1727,0.1068
2025-08-10 14:00:00,0.171,0.136
2025-08-10 15:00:00,0.1723,0.1324
2025-08-10 16:00:00,0.1371,0.1272
2025-08-10 17:00:00,0.1743,0.1444
2025-08-10 18:00:00,0.2105,0.1606
2025-08-10 19:00:00,0.2203,0.1564
2025-08-10 20:00:00,0.2,0.1535
2025-08-10 21:00:00,0.2691,0.1586
2025-08-10 22:00:00,0.2492,0.1714
2025-08-10 23:00:00,0.2761,0.1707
2025-08-11 00:00:00,0.3094,0.1621
2025-08-11 01:00:00,0.3018,0.1367
2025-08-11 02:00:00,0.3125,0.1215
2025-08-11 03:00:00,0.2838,0.1291
2025-08-11 04:00:00,0.2968,0.1022
2025-08-11 05:00:00,0.2761,0.1036
2025-08-11 06:00:00,0.2775,0.1071
2025-08-11 07:00:00,0.2677,0.1041
2025-08-11 08:00:00,0.2402,0.0937
2025-08-11 09:00:00,0.2319,0.1129
2025-08-11 10:00:00,0.2437,0.1138
2025-08-11 11:00:00,0.1971,0.1061
2025-08-11 12:00:00,0.1598,0.1175
2025-08-11 13:00:00,0.1777,0.1219
2025-08-11 14:00:00,0.1803,0.1265
2025-08-11 15:00:00,0.1954,0.1296
2025-08-11 16:00:00,0.2163,0.1346
2025-08-11 17:00:00,0.1827,0.1567
2025-08-11 18:00:00,0.2115,0.154
2025-08-11 19:00:00,0.2482,0.1763
2025-08-11 20:00:00,0.1906,0.1565
2025-08-11 21:00:00,0.2776,0.1416
2025-08-11 22:00:00,0.2629,0.158
2025-08-11 23:00:00,0.3055,0.1385
2025-08-12 00:00:00,0.2765,0.1446
2025-08-12 01:00:00,0.2932,0.1458
2025-08-12 02:00:00,0.3093,0.1287
2025-08-12 03:00:00,0.2844,0.1191
2025-08-12 04:00:00,0.2958,0.1201
2025-08-12 05:00:00,0.2842,0.1162
2025-08-12 06:00:00,0.2934,0.0992
2025-08-12 07:00:00,0.2471,0.0986
2025-08-12 08:00:00,0.2173,0.1134
2025-08-12 09:00:00,0.2404,0.1038
2025-08-12 10:00:00,0.2089,0.1123
2025-08-12 11:00:00,0.1918,0.1071
2025-08-12 12:00:00,0.1915,0.101
2025-08-12 13:00:00,0.1858,0.1398
2025-08-12 14:00:00,0.1853,0.1295
2025-08-12 15:00:00,0.1883,0.1318
2025-08-12 16:00:00,0.1862,0.1414
2025-08-12 17:00:00,0.2277,0.1523
2025-08-12 18:00:00,0.199,0.1759
2025-08-12 19:00:00,0.2174,0.1649
2025-08-12 20:00:00,0.233,0.1617
2025-08-12 21:00:00,0.2439,0.1375
2025-08-12 22:00:00,0.2654,0.1396
2025-08-12 23:00:00,0.2625,0.145
2025-08-13 00:00:00,0.3,0.141
2025-08-13 01:00:00,0.2978,0.1276
2025-08-13 02:00:00,0.2885,0.1347
2025-08-13 03:00:00,0.3049,0.1268
2025-08-13 04:00:00,0.2997,0.1195
2025-08-13 05:00:00,0.277,0.1105
2025-08-13 06:00:00,0.2963,0.0976
2025-08-13 07:00:00,0.1965,0.1003
2025-08-13 08:00:00,0.2688,0.0832
2025-08-13 09:00:00,0.225,0.1021
2025-08-13 10:00:00,0.246,0.111
2025-08-13 11:00:00,0.2171,0.1044
2025-08-13 12:00:00,0.1975,0.1107
2025-08-13 13:00:00,0.1796,0.1256
2025-08-13 14:00:00,0.1757,0.1286
2025-08-13 15:00:00,0.1703,0.1563
2025-08-13 16:00:00,0.2044,0.1346
2025-08-13 17:00:00,0.2004,0.1495
2025-08-13 18:00:00,0.2044,0.1635
2025-08-13 19:00:00,0.2753,0.1534
2025-08-13 20:00:00,0.2293,0.1745
2025-08-13 21:00:00,0.2533,0.1622
2025-08-13 22:00:00,0.26,0.1492
2025-08-13 23:00:00,0.2815,0.1673
2025-08-14 00:00:00,0.2955,0.1326
2025-08-14 01:00:00,0.307,0.1337
2025-08-14 02:00:00,0.2878,0.1167
2025-08-14 03:00:00,0.2886,0.1232
2025-08-14 04:00:00,0.2882,0.127
2025-08-14 05:00:00,0.2901,0.0987
2025-08-14 06:00:00,0.257,0.0975
2025-08-14 07:00:00,0.2456,0.117
2025-08-14 08:00:00,0.2339,0.1049
2025-08-14 09:00:00,0.1994,0.0833
2025-08-14 10:00:00,0.2012,0.1003
2025-08-14 11:00:00,0.207,0.1013
2025-08-14 12:00:00,0.1714,0.1151
2025-08-14 13:00:00,0.1778,0.1256
2025-08-14 14:00:00,0.1781,0.1317
2025-08-14 15:00:00,0.1676,0.1396
2025-08-14 16:00:00,0.1618,0.1483
2025-08-14 17:00:00,0.2094,0.1298
2025-08-14 18:00:00,0.2584,0.1597
2025-08-14 19:00:00,0.2686,0.1528
2025-08-14 20:00:00,0.222,0.1511
2025-08-14 21:00:00,0.2692,0.1729
2025-08-14 22:00:00,0.2611,0.1651
2025-08-14 23:00:00,0.2569,0.142
2025-08-15 00:00:00,0.2925,0.1614
2025-08-15 01:00:00,0.2413,0.1202
2025-08-15 02:00:00,0.3012,0.1206
2025-08-15 03:00:00,0.3032,0.115
2025-08-15 04:00:00,0.2959,0.1211
2025-08-15 05:00:00,0.2998,0.0979
2025-08-15 06:00:00,0.2488,0.1105
2025-08-15 07:00:00,0.2595,0.104
2025-08-15 08:00:00,0.2206,0.0984
2025-08-15 09:00:00,0.2239,0.0956
2025-08-15 10:00:00,0.1933,0.0954
2025-08-15 11:00:00,0.189,0.1055
2025-08-15 12:00:00,0.151,0.1102
2025-08-15 13:00:00,0.1983,0.1242
2025-08-15 14:00:00,0.1881,0.1457
2025-08-15 15:00:00,0.1796,0.1402
2025-08-15 16:00:00,0.2226,0.1363
2025-08-15 17:00:00,0.2169,0.1522
2025-08-15 18:00:00,0.2213,0.1537
2025-08-15 19:00:00,0.2465,0.1669
2025-08-15 20:00:00,0.2514,0.1772
2025-08-15 21:00:00,0.2338,0.1577
2025-08-15 22:00:00,0.2334,0.1485
2025-08-15 23:00:00,0.2849,0.1465
2025-08-16 00:00:00,0.3101,0.1226
2025-08-16 01:00:00,0.2934,0.1435
2025-08-16 02:00:00,0.3354,0.1238
2025-08-16 03:00:00,0.2736,0.1101
2025-08-16 04:00:00,0.2812,0.1177
2025-08-16 05:00:00,0.2744,0.1147
2025-08-16 06:00:00,0.2763,0.1066
2025-08-16 07:00:00,0.2221,0.1067
2025-08-16 08:00:00,0.2162,0.1022
2025-08-16 09:00:00,0.1933,0.1038
2025-08-16 10:00:00,0.2362,0.1024
2025-08-16 11:00:00,0.176,0.0876
2025-08-16 12:00:00,0.2387,0.1146
2025-08-16 13:00:00,0.1402,0.1267
2025-08-16 14:00:00,0.1836,0.122
2025-08-16 15:00:00,0.1705,0.1363
2025-08-16 16:00:00,0.2204,0.1609
2025-08-16 17:00:00,0.182,0.1261
2025-08-16 18:00:00,0.2172,0.1633
2025-08-16 19:00:00,0.2071,0.1543
2025-08-16 20:00:00,0.1853,0.1476
2025-08-16 21:00:00,0.2079,0.1556
2025-08-16 22:00:00,0.2806,0.1653
2025-08-16 23:00:00,0.2655,0.1568
2025-08-17 00:00:00,0.2861,0.1524
2025-08-17 01:00:00,0.2921,0.1362
2025-08-17 02:00:00,0.3251,0.1345
2025-08-17 03:00:00,0.2905,0.1157
2025-08-17 04:00:00,0.316,0.1275
2025-08-17 05:00:00,0.2905,0.1143
2025-08-17 06:00:00,0.3013,0.1098
2025-08-17 07:00:00,0.2651,0.0907
2025-08-17 08:00:00,0.2036,0.1081
2025-08-17 09:00:00,0.251,0.0977
2025-08-17 10:00:00,0.1868,0.0947
2025-08-17 11:00:00,0.2392,0.1079
2025-08-17 12:00:00,0.171,0.1142
2025-08-17 13:00:00,0.168,0.1155
2025-08-17 14:00:00,0.1838,0.1162
2025-08-17 15:00:00,0.2151,0.1378
2025-08-17 16:00:00,0.1599,0.1423
2025-08-17 17:00:00,0.1906,0.1532
2025-08-17 18:00:00,0.1688,0.1481
2025-08-17 19:00:00,0.2341,0.17
2025-08-17 20:00:00,0.2485,0.1852
2025-08-17 21:00:00,0.2285,0.1525
2025-08-17 22:00:00,0.2504,0.1851
2025-08-17 23:00:00,0.2926,0.1593
2025-08-18 00:00:00,0.2844,0.1355
2025-08-18 01:00:00,0.28,0.1344
2025-08-18 02:00:00,0.2872,0.1367
2025-08-18 03:00:00,0.307,0.1079
2025-08-18 04:00:00,0.2809,0.1216
2025-08-18 05:00:00,0.332,0.1153
2025-08-18 06:00:00,0.3046,0.1189
2025-08-18 07:00:00,0.2446,0.0961
2025-08-18 08:00:00,0.2568,0.114
2025-08-18 09:00:00,0.2309,0.115
2025-08-18 10:00:00,0.2694,0.0923
2025-08-18 11:00:00,0.1675,0.111
2025-08-18 12:00:00,0.1904,0.1183
2025-08-18 13:00:00,0.1656,0.1346
2025-08-18 14:00:00,0.1833,0.1477
2025-08-18 15:00:00,0.1844,0.1298
2025-08-18 16:00:00,0.2042,0.1302
2025-08-18 17:00:00,0.1653,0.1654
2025-08-18 18:00:00,0.1969,0.158
2025-08-18 19:00:00,0.2309,0.1704
2025-08-18 20:00:00,0.2683,0.1574
2025-08-18 21:00:00,0.2741,0.1683
2025-08-18 22:00:00,0.2741,0.156
2025-08-18 23:00:00,0.2515,0.1453
2025-08-19 00:00:00,0.268,0.137
2025-08-19 01:00:00,0.2807,0.1598
2025-08-19 02:00:00,0.2877,0.1295
2025-08-19 03:00:00,0.3071,0.1137
2025-08-19 04:00:00,0.3141,0.1111
2025-08-19 05:00:00,0.2499,0.1154
2025-08-19 06:00:00,0.2646,0.1029
2025-08-19 07:00:00,0.2658,0.0998
2025-08-19 08:00:00,0.2868,0.0928
2025-08-19 09:00:00,0.239,0.1074
2025-08-19 10:00:00,0.2157,0.0999
2025-08-19 11:00:00,0.1868,0.1182
2025-08-19 12:00:00,0.173,0.1223
2025-08-19 13:00:00,0.2043,0.1325
2025-08-19 14:00:00,0.1649,0.128
2025-08-19 15:00:00,0.1517,0.1469
2025-08-19 16:00:00,0.1437,0.1457
2025-08-19 17:00:00,0.1494,0.139
2025-08-19 18:00:00,0.1924,0.1437
2025-08-19 19:00:00,0.2446,0.1666
2025-08-19 20:00:00,0.2621,0.1523
2025-08-19 21:00:00,0.22,0.1603
2025-08-19 22:00:00,0.258,0.1521
2025-08-19 23:00:00,0.2562,0.1492
2025-08-20 00:00:00,0.2996,0.1482
2025-08-20 01:00:00,0.3079,0.1377
2025-08-20 02:00:00,0.2934,0.1311
2025-08-20 03:00:00,0.2589,0.1091
2025-08-20 04:00:00,0.2802,0.1062
2025-08-20 05:00:00,0.302,0.0925
2025-08-20 06:00:00,0.2537,0.1076
2025-08-20 07:00:00,0.2436,0.1129
2025-08-20 08:00:00,0.2176,0.0884
2025-08-20 09:00:00,0.2586,0.1126
2025-08-20 10:00:00,0.2213,0.1163
2025-08-20 11:00:00,0.2224,0.094
2025-08-20 12:00:00,0.1709,0.1012
2025-08-20 13:00:00,0.1913,0.0905
2025-08-20 14:00:00,0.1698,0.1287
2025-08-20 15:00:00,0.179,0.1434
2025-08-20 16:00:00,0.1988,0.1387
2025-08-20 17:00:00,0.2551,0.1368
2025-08-20 18:00:00,0.2062,0.155
2025-08-20 19:00:00,0.2203,0.146
2025-08-20 20:00:00,0.2677,0.1599
2025-08-20 21:00:00,0.2511,0.1641
2025-08-20 22:00:00,0.2704,0.1589
2025-08-20 23:00:00,0.2486,0.16
2025-08-21 00:00:00,0.3086,0.1554
2025-08-21 01:00:00,0.3004,0.1444
2025-08-21 02:00:00,0.3292,0.1291
2025-08-21 03:00:00,0.2959,0.1163
2025-08-21 04:00:00,0.2535,0.1098
2025-08-21 05:00:00,0.2571,0.1222
2025-08-21 06:00:00,0.2689,0.0946
2025-08-21 07:00:00,0.3049,0.093
2025-08-21 08:00:00,0.2219,0.1092
2025-08-21 09:00:00,0.239,0.1049
2025-08-21 10:00:00,0.2053,0.1017
2025-08-21 11:00:00,0.1812,0.1191
2025-08-21 12:00:00,0.1928,0.1348
2025-08-21 13:00:00,0.2016,0.1115
2025-08-21 14:00:00,0.1712,0.1343
2025-08-21 15:00:00,0.2065,0.1342
2025-08-21 16:00:00,0.1618,0.1546
2025-08-21 17:00:00,0.2228,0.132
2025-08-21 18:00:00,0.212,0.1633
2025-08-21 19:00:00,0.2008,0.1596
2025-08-21 20:00:00,0.2288,0.1526
2025-08-21 21:00:00,0.2611,0.1662
2025-08-21 22:00:00,0.2837,0.1574
2025-08-21 23:00:00,0.2693,0.1401
2025-08-22 00:00:00,0.3201,0.1361
2025-08-22 01:00:00,0.3409,0.1399
2025-08-22 02:00:00,0.3072,0.1445
2025-08-22 03:00:00,0.2713,0.1331
2025-08-22 04:00:00,0.2758,0.1081
2025-08-22 05:00:00,0.2512,0.1115
2025-08-22 06:00:00,0.2765,0.1068
2025-08-22 07:00:00,0.2647,0.0925
2025-08-22 08:00:00,0.2339,0.0857
2025-08-22 09:00:00,0.2216,0.1135
2025-08-22 10:00:00,0.2423,0.1064
2025-08-22 11:00:00,0.1965,0.1041
2025-08-22 12:00:00,0.1651,0.1071
2025-08-22 13:00:00,0.2172,0.117
2025-08-22 14:00:00,0.1755,0.1467
2025-08-22 15:00:00,0.1495,0.1519
2025-08-22 16:00:00,0.1613,0.1557
2025-08-22 17:00:00,0.1868,0.1531
2025-08-22 18:00:00,0.2102,0.1405
2025-08-22 19:00:00,0.2177,0.1804
2025-08-22 20:00:00,0.2767,0.1658
2025-08-22 21:00:00,0.2717,0.1631
2025-08-22 22:00:00,0.2538,0.1633
2025-08-22 23:00:00,0.3003,0.1536
2025-08-23 00:00:00,0.2995,0.1453
2025-08-23 01:00:00,0.2934,0.159
2025-08-23 02:00:00,0.3262,0.1248
2025-08-23 03:00:00,0.3265,0.1244
2025-08-23 04:00:00,0.3137,0.1036
2025-08-23 05:00:00,0.2789,0.11
2025-08-23 06:00:00,0.2861,0.0978
2025-08-23 07:00:00,0.2668,0.1053
2025-08-23 08:00:00,0.2566,0.1002
2025-08-23 09:00:00,0.2093,0.0955
2025-08-23 10:00:00,0.1965,0.1071
2025-08-23 11:00:00,0.214,0.1259
2025-08-23 12:00:00,0.194,0.1071
2025-08-23 13:00:00,0.1919,0.1371
2025-08-23 14:00:00,0.1703,0.1257
2025-08-23 15:00:00,0.1943,0.1332
2025-08-23 16:00:00,0.2106,0.1514
2025-08-23 17:00:00,0.2338,0.1575
2025-08-23 18:00:00,0.2036,0.1426
2025-08-23 19:00:00,0.1987,0.1657
2025-08-23 20:00:00,0.2378,0.1566
2025-08-23 21:00:00,0.2252,0.1582
2025-08-23 22:00:00,0.2625,0.1522
2025-08-23 23:00:00,0.2737,0.1506
2025-08-24 00:00:00,0.2698,0.1498
2025-08-24 01:00:00,0.3241,0.1303
2025-08-24 02:00:00,0.294,0.139
2025-08-24 03:00:00,0.2969,0.1247
2025-08-24 04:00:00,0.2708,0.1132
2025-08-24 05:00:00,0.2904,0.115
2025-08-24 06:00:00,0.273,0.112
2025-08-24 07:00:00,0.2456,0.0946
2025-08-24 08:00:00,0.2499,0.1132
2025-08-24 09:00:00,0.2244,0.0818
2025-08-24 10:00:00,0.1875,0.1145
2025-08-24 11:00:00,0.1856,0.1093
2025-08-24 12:00:00,0.2207,0.1028
2025-08-24 13:00:00,0.2034,0.1115
2025-08-24 14:00:00,0.1739,0.1341
2025-08-24 15:00:00,0.1948,0.1315
2025-08-24 16:00:00,0.1512,0.1342
2025-08-24 17:00:00,0.2271,0.1498
2025-08-24 18:00:00,0.2083,0.1715
2025-08-24 19:00:00,0.2069,0.1657
2025-08-24 20:00:00,0.2537,0.155
2025-08-24 21:00:00,0.2844,0.1604
2025-08-24 22:00:00,0.2808,0.1412
2025-08-24 23:00:00,0.2785,0.1609
2025-08-25 00:00:00,0.2858,0.1384
2025-08-25 01:00:00,0.2927,0.1261
2025-08-25 02:00:00,0.2991,0.1151
2025-08-25 03:00:00,0.2791,0.119
2025-08-25 04:00:00,0.2888,0.0993
2025-08-25 05:00:00,0.2848,0.1101
2025-08-25 06:00:00,0.2554,0.1086
2025-08-25 07:00:00,0.245,0.086
2025-08-25 08:00:00,0.2335,0.1092
2025-08-25 09:00:00,0.2707,0.11
2025-08-25 10:00:00,0.2121,0.1049
2025-08-25 11:00:00,0.1903,0.1343
2025-08-25 12:00:00,0.199,0.1259
2025-08-25 13:00:00,0.168,0.0968
2025-08-25 14:00:00,0.1704,0.1289
2025-08-25 15:00:00,0.1579,0.1543
2025-08-25 16:00:00,0.1802,0.1514
2025-08-25 17:00:00,0.1822,0.1529
2025-08-25 18:00:00,0.1784,0.1564
2025-08-25 19:00:00,0.2519,0.1473
2025-08-25 20:00:00,0.2295,0.1657
2025-08-25 21:00:00,0.2941,0.1657
2025-08-25 22:00:00,0.2654,0.1632
2025-08-25 23:00:00,0.3172,0.1591
2025-08-26 00:00:00,0.3115,0.125
2025-08-26 01:00:00,0.3393,0.1397
2025-08-26 02:00:00,0.316,0.1274
2025-08-26 03:00:00,0.2979,0.1221
2025-08-26 04:00:00,0.2752,0.1332
2025-08-26 05:00:00,0.3015,0.1144
2025-08-26 06:00:00,0.2639,0.121
2025-08-26 07:00:00,0.2531,0.0995
2025-08-26 08:00:00,0.2466,0.1019
2025-08-26 09:00:00,0.2363,0.0978
2025-08-26 10:00:00,0.2051,0.1158
2025-08-26 11:00:00,0.1744,0.1081
2025-08-26 12:00:00,0.1998,0.1224
2025-08-26 13:00:00,0.127,0.1275
2025-08-26 14:00:00,0.1929,0.1263
2025-08-26 15:00:00,0.159,0.1369
2025-08-26 16:00:00,0.1739,0.1374
2025-08-26 17:00:00,0.1883,0.1674
2025-08-26 18:00:00,0.2001,0.1585
2025-08-26 19:00:00,0.1917,0.1724
2025-08-26 20:00:00,0.2436,0.1725
2025-08-26 21:00:00,0.2055,0.1569
2025-08-26 22:00:00,0.2888,0.1718
2025-08-26 23:00:00,0.2936,0.145
2025-08-27 00:00:00,0.2651,0.1486
2025-08-27 01:00:00,0.2912,0.1462
2025-08-27 02:00:00,0.3087,0.1208
2025-08-27 03:00:00,0.2785,0.1123
2025-08-27 04:00:00,0.2675,0.1224
2025-08-27 05:00:00,0.2998,0.122
2025-08-27 06:00:00,0.2864,0.0907
2025-08-27 07:00:00,0.2722,0.0865
2025-08-27 08:00:00,0.2642,0.098
2025-08-27 09:00:00,0.2298,0.0893
2025-08-27 10:00:00,0.23,0.0917
2025-08-27 11:00:00,0.1649,0.1061
2025-08-27 12:00:00,0.1882,0.107
2025-08-27 13:00:00,0.197,0.1142
2025-08-27 14:00:00,0.1719,0.1196
2025-08-27 15:00:00,0.2267,0.145
2025-08-27 16:00:00,0.1641,0.1502
2025-08-27 17:00:00,0.2021,0.1467
2025-08-27 18:00:00,0.1969,0.1433
2025-08-27 19:00:00,0.2082,0.1642
2025-08-27 20:00:00,0.2214,0.1569
2025-08-27 21:00:00,0.2302,0.1596
2025-08-27 22:00:00,0.2234,0.1528
2025-08-27 23:00:00,0.2762,0.1577
2025-08-28 00:00:00,0.3178,0.1429
2025-08-28 01:00:00,0.288,0.1214
2025-08-28 02:00:00,0.3388,0.128
2025-08-28 03:00:00,0.2991,0.115
2025-08-28 04:00:00,0.283,0.1077
2025-08-28 05:00:00,0.2752,0.0967
2025-08-28 06:00:00,0.2732,0.1303
2025-08-28 07:00:00,0.2464,0.108
2025-08-28 08:00:00,0.2501,0.1153
2025-08-28 09:00:00,0.2264,0.1011
2025-08-28 10:00:00,0.1875,0.0938
2025-08-28 11:00:00,0.1885,0.1071
2025-08-28 12:00:00,0.1775,0.1392
2025-08-28 13:00:00,0.1826,0.1329
2025-08-28 14:00:00,0.2253,0.1359
2025-08-28 15:00:00,0.1543,0.1338
2025-08-28 16:00:00,0.1877,0.1374
2025-08-28 17:00:00,0.2112,0.1593
2025-08-28 18:00:00,0.2117,0.1353
2025-08-28 19:00:00,0.2276,0.1573
2025-08-28 20:00:00,0.2338,0.1757
2025-08-28 21:00:00,0.2673,0.1593
2025-08-28 22:00:00,0.2942,0.1601
2025-08-28 23:00:00,0.2355,0.1578
2025-08-29 00:00:00,0.3255,0.1523
2025-08-29 01:00:00,0.2673,0.1293
2025-08-29 02:00:00,0.2942,0.1202
2025-08-29 03:00:00,0.311,0.1381
2025-08-29 04:00:00,0.292,0.1145
2025-08-29 05:00:00,0.2805,0.1027
2025-08-29 06:00:00,0.2373,0.0985
2025-08-29 07:00:00,0.2872,0.0964
2025-08-29 08:00:00,0.2595,0.1184
2025-08-29 09:00:00,0.2135,0.0996
2025-08-29 10:00:00,0.2042,0.1099
2025-08-29 11:00:00,0.196,0.1102
2025-08-29 12:00:00,0.1921,0.1064
2025-08-29 13:00:00,0.1605,0.1205
2025-08-29 14:00:00,0.1752,0.1352
2025-08-29 15:00:00,0.2134,0.1427
2025-08-29 16:00:00,0.1857,0.1407
2025-08-29 17:00:00,0.1999,0.1562
2025-08-29 18:00:00,0.2052,0.1622
2025-08-29 19:00:00,0.2089,0.1593
2025-08-29 20:00:00,0.2373,0.1504
2025-08-29 21:00:00,0.2929,0.1538
2025-08-29 22:00:00,0.2757,0.1688
2025-08-29 23:00:00,0.2929,0.1496
2025-08-30 00:00:00,0.2979,0.1371
2025-08-30 01:00:00,0.2809,0.1338
2025-08-30 02:00:00,0.2736,0.1254
2025-08-30 03:00:00,0.282,0.1322
2025-08-30 04:00:00,0.2957,0.1183
2025-08-30 05:00:00,0.2573,0.105
2025-08-30 06:00:00,0.273,0.1095
2025-08-30 07:00:00,0.2514,0.0991
2025-08-30 08:00:00,0.2131,0.0897
2025-08-30 09:00:00,0.2065,0.1207
2025-08-30 10:00:00,0.2044,0.0863
2025-08-30 11:00:00,0.2053,0.1154
2025-08-30 12:00:00,0.1854,0.1195
2025-08-30 13:00:00,0.1935,0.1501
2025-08-30 14:00:00,0.1909,0.136
2025-08-30 15:00:00,0.1636,0.1396
2025-08-30 16:00:00,0.2138,0.1449
2025-08-30 17:00:00,0.2131,0.1489
2025-08-30 18:00:00,0.2166,0.1508
2025-08-30 19:00:00,0.2243,0.1663
2025-08-30 20:00:00,0.249,0.1598
2025-08-30 21:00:00,0.2448,0.1646
2025-08-30 22:00:00,0.3,0.1605
2025-08-30 23:00:00,0.269,0.1622
2025-08-31 00:00:00,0.2988,0.1347
2025-08-31 01:00:00,0.2805,0.137
2025-08-31 02:00:00,0.2829,0.1183
2025-08-31 03:00:00,0.3209,0.149
2025-08-31 04:00:00,0.2875,0.1115
2025-08-31 05:00:00,0.2574,0.1091
2025-08-31 06:00:00,0.2699,0.097
2025-08-31 07:00:00,0.2651,0.0942
2025-08-31 08:00:00,0.2171,0.1162
2025-08-31 09:00:00,0.2452,0.121
2025-08-31 10:00:00,0.2291,0.1049
2025-08-31 11:00:00,0.2227,0.0986
2025-08-31 12:00:00,0.1821,0.1244
2025-08-31 13:00:00,0.145,0.1033
2025-08-31 14:00:00,0.1768,0.1242
2025-08-31 15:00:00,0.176,0.1442
2025-08-31 16:00:00,0.1961,0.1386
2025-08-31 17:00:00,0.198,0.171
2025-08-31 18:00:00,0.2237,0.1653
2025-08-31 19:00:00,0.2344,0.1743
2025-08-31 20:00:00,0.2654,0.1679
2025-08-31 21:00:00,0.2611,0.1556
2025-08-31 22:00:00,0.3063,0.1509
2025-08-31 23:00:00,0.2762,0.179
2025-09-01 00:00:00,0.3198,0.1366
2025-09-01 01:00:00,0.3079,0.1502
2025-09-01 02:00:00,0.3242,0.1345
2025-09-01 03:00:00,0.3066,0.1147
2025-09-01 04:00:00,0.2995,0.1069
2025-09-01 05:00:00,0.3001,0.1123
2025-09-01 06:00:00,0.2158,0.09
2025-09-01 07:00:00,0.2838,0.1017
2025-09-01 08:00:00,0.1901,0.1087
2025-09-01 09:00:00,0.2122,0.0971
2025-09-01 10:00:00,0.1892,0.1133
2025-09-01 11:00:00,0.2151,0.1109
2025-09-01 12:00:00,0.1776,0.1123
2025-09-01 13:00:00,0.2198,0.1248
2025-09-01 14:00:00,0.1811,0.1464
2025-09-01 15:00:00,0.1757,0.1417
2025-09-01 16:00:00,0.1799,0.1521
2025-09-01 17:00:00,0.1758,0.1523
2025-09-01 18:00:00,0.213,0.1597
2025-09-01 19:00:00,0.1787,0.139
2025-09-01 20:00:00,0.2717,0.1621
2025-09-01 21:00:00,0.2396,0.1491
2025-09-01 22:00:00,0.2361,0.1433
2025-09-01 23:00:00,0.2927,0.1539
2025-09-02 00:00:00,0.2623,0.1302
2025-09-02 01:00:00,0.3022,0.1367
2025-09-02 02:00:00,0.2504,0.1359
2025-09-02 03:00:00,0.2823,0.1217
2025-09-02 04:00:00,0.2851,0.1131
2025-09-02 05:00:00,0.2794,0.1009
2025-09-02 06:00:00,0.3015,0.11
2025-09-02 07:00:00,0.289,0.1092
2025-09-02 08:00:00,0.2552,0.1131
2025-09-02 09:00:00,0.2369,0.1119
2025-09-02 10:00:00,0.173,0.1134
2025-09-02 11:00:00,0.1754,0.0909
2025-09-02 12:00:00,0.1901,0.1196
2025-09-02 13:00:00,0.1672,0.1303
2025-09-02 14:00:00,0.1904,0.1274
2025-09-02 15:00:00,0.1931,0.1389
2025-09-02 16:00:00,0.2111,0.1311
2025-09-02 17:00:00,0.187,0.1487
2025-09-02 18:00:00,0.1803,0.1465
2025-09-02 19:00:00,0.2172,0.1676
2025-09-02 20:00:00,0.2529,0.1627
2025-09-02 21:00:00,0.251,0.1746
2025-09-02 22:00:00,0.2597,0.1394
2025-09-02 23:00:00,0.27,0.152
2025-09-03 00:00:00,0.2958,0.1356
2025-09-03 01:00:00,0.3269,0.1406
2025-09-03 02:00:00,0.2942,0.1184
2025-09-03 03:00:00,0.2943,0.1163
2025-09-03 04:00:00,0.2823,0.1249
2025-09-03 05:00:00,0.3049,0.1046
2025-09-03 06:00:00,0.2726,0.1034
2025-09-03 07:00:00,0.2145,0.1217
2025-09-03 08:00:00,0.2144,0.0972
2025-09-03 09:00:00,0.2289,0.0828
2025-09-03 10:00:00,0.2046,0.1009
2025-09-03 11:00:00,0.1821,0.1167
2025-09-03 12:00:00,0.122,0.1094
2025-09-03 13:00:00,0.1769,0.1269
2025-09-03 14:00:00,0.223,0.1278
2025-09-03 15:00:00,0.1385,0.1378
2025-09-03 16:00:00,0.2281,0.131
2025-09-03 17:00:00,0.1864,0.1506
2025-09-03 18:00:00,0.2301,0.1272
2025-09-03 19:00:00,0.2334,0.172
2025-09-03 20:00:00,0.2055,0.149
2025-09-03 21:00:00,0.2688,0.1483
2025-09-03 22:00:00,0.2478,0.162
2025-09-03 23:00:00,0.2612,0.1188
2025-09-04 00:00:00,0.2819,0.1505
2025-09-04 01:00:00,0.3033,0.1311
2025-09-04 02:00:00,0.3331,0.1194
2025-09-04 03:00:00,0.3071,0.1147
2025-09-04 04:00:00,0.2928,0.1073
2025-09-04 05:00:00,0.3122,0.1085
2025-09-04 06:00:00,0.2889,0.113
2025-09-04 07:00:00,0.2572,0.1162
2025-09-04 08:00:00,0.2079,0.0951
2025-09-04 09:00:00,0.1965,0.0958
2025-09-04 10:00:00,0.1937,0.1012
2025-09-04 11:00:00,0.1879,0.1058
2025-09-04 12:00:00,0.203,0.1089
2025-09-04 13:00:00,0.1796,0.1342
2025-09-04 14:00:00,0.2007,0.1381
2025-09-04 15:00:00,0.1957,0.1439
2025-09-04 16:00:00,0.1877,0.149
2025-09-04 17:00:00,0.2006,0.1522
2025-09-04 18:00:00,0.238,0.1508
2025-09-04 19:00:00,0.2587,0.1624
2025-09-04 20:00:00,0.2403,0.1552
2025-09-04 21:00:00,0.265,0.1667
2025-09-04 22:00:00,0.2722,0.1633
2025-09-04 23:00:00,0.3094,0.132
2025-09-05 00:00:00,0.2874,0.1294
2025-09-05 01:00:00,0.2987,0.1466
2025-09-05 02:00:00,0.3105,0.1368
2025-09-05 03:00:00,0.3136,0.141
2025-09-05 04:00:00,0.2672,0.1178
2025-09-05 05:00:00,0.2856,0.1126
2025-09-05 06:00:00,0.2806,0.1154
2025-09-05 07:00:00,0.2372,0.1087
2025-09-05 08:00:00,0.2562,0.1126
2025-09-05 09:00:00,0.2378,0.1152
2025-09-05 10:00:00,0.1833,0.1124
2025-09-05 11:00:00,0.1498,0.1191
2025-09-05 12:00:00,0.2016,0.1051
2025-09-05 13:00:00,0.1509,0.1187
2025-09-05 14:00:00,0.1874,0.1356
2025-09-05 15:00:00,0.1386,0.1398
2025-09-05 16:00:00,0.168,0.1486
2025-09-05 17:00:00,0.2305,0.1319
2025-09-05 18:00:00,0.2334,0.1602
2025-09-05 19:00:00,0.226,0.1638
2025-09-05 20:00:00,0.2903,0.1642
2025-09-05 21:00:00,0.2349,0.161
2025-09-05 22:00:00,0.3232,0.1463
2025-09-05 23:00:00,0.2615,0.1489
2025-09-06 00:00:00,0.3202,0.1317
2025-09-06 01:00:00,0.2508,0.1489
2025-09-06 02:00:00,0.3086,0.1251
2025-09-06 03:00:00,0.2782,0.1245
2025-09-06 04:00:00,0.2926,0.1007
2025-09-06 05:00:00,0.3172,0.1033
2025-09-06 06:00:00,0.2508,0.095
2025-09-06 07:00:00,0.275,0.1022
2025-09-06 08:00:00,0.2272,0.1099
2025-09-06 09:00:00,0.1965,0.1012
2025-09-06 10:00:00,0.2355,0.1034
2025-09-06 11:00:00,0.1655,0.1096
2025-09-06 12:00:00,0.1899,0.1115
2025-09-06 13:00:00,0.1785,0.1321
2025-09-06 14:00:00,0.1469,0.1347
2025-09-06 15:00:00,0.195,0.1397
2025-09-06 16:00:00,0.18,0.136
2025-09-06 17:00:00,0.216,0.1516
2025-09-06 18:00:00,0.1784,0.1563
2025-09-06 19:00:00,0.2077,0.1526
2025-09-06 20:00:00,0.2477,0.1677
2025-09-06 21:00:00,0.2465,0.1554
2025-09-06 22:00:00,0.2846,0.151
2025-09-06 23:00:00,0.2733,0.1635
2025-09-07 00:00:00,0.2722,0.1486
2025-09-07 01:00:00,0.328,0.1439
2025-09-07 02:00:00,0.3026,0.1379
2025-09-07 03:00:00,0.2964,0.1158
2025-09-07 04:00:00,0.286,0.1218
2025-09-07 05:00:00,0.2667,0.1072
2025-09-07 06:00:00,0.279,0.1008
2025-09-07 07:00:00,0.212,0.0991
2025-09-07 08:00:00,0.2396,0.086
2025-09-07 09:00:00,0.1871,0.0952
2025-09-07 10:00:00,0.2137,0.1138
2025-09-07 11:00:00,0.1962,0.1029
2025-09-07 12:00:00,0.1877,0.1097
2025-09-07 13:00:00,0.1656,0.1232
2025-09-07 14:00:00,0.1673,0.1247
2025-09-07 15:00:00,0.1941,0.1229
2025-09-07 16:00:00,0.1604,0.1411
2025-09-07 17:00:00,0.2202,0.1382
2025-09-07 18:00:00,0.2101,0.1578
2025-09-07 19:00:00,0.2143,0.1654
2025-09-07 20:00:00,0.2533,0.1662
2025-09-07 21:00:00,0.2719,0.1586
2025-09-07 22:00:00,0.2573,0.1661
2025-09-07 23:00:00,0.2747,0.1427
2025-09-08 00:00:00,0.2748,0.1147
2025-09-08 01:00:00,0.3139,0.128
2025-09-08 02:00:00,0.305,0.121
2025-09-08 03:00:00,0.2672,0.1289
2025-09-08 04:00:00,0.2988,0.1066
2025-09-08 05:00:00,0.3165,0.1117
2025-09-08 06:00:00,0.2606,0.1028
2025-09-08 07:00:00,0.2852,0.0934
2025-09-08 08:00:00,0.2299,0.0917
2025-09-08 09:00:00,0.2049,0.1075
2025-09-08 10:00:00,0.2169,0.09
2025-09-08 11:00:00,0.1499,0.1048
2025-09-08 12:00:00,0.2056,0.1429
2025-09-08 13:00:00,0.1245,0.1166
2025-09-08 14:00:00,0.1474,0.1415
2025-09-08 15:00:00,0.1667,0.1128
2025-09-08 16:00:00,0.1914,0.1563
2025-09-08 17:00:00,0.2214,0.1547
2025-09-08 18:00:00,0.1945,0.1436
2025-09-08 19:00:00,0.2324,0.1634
2025-09-08 20:00:00,0.2808,0.1666
2025-09-08 21:00:00,0.2672,0.1591
2025-09-08 22:00:00,0.2554,0.1568
2025-09-08 23:00:00,0.2566,0.1468
2025-09-09 00:00:00,0.244,0.1559
2025-09-09 01:00:00,0.2999,0.1373
2025-09-09 02:00:00,0.3113,0.126
2025-09-09 03:00:00,0.3029,0.1125
2025-09-09 04:00:00,0.262,0.1343
2025-09-09 05:00:00,0.3101,0.1071
2025-09-09 06:00:00,0.292,0.1064
2025-09-09 07:00:00,0.2529,0.0844
2025-09-09 08:00:00,0.2286,0.099
2025-09-09 09:00:00,0.2226,0.1083
2025-09-09 10:00:00,0.2098,0.1034
2025-09-09 11:00:00,0.2087,0.1091
2025-09-09 12:00:00,0.1956,0.126
2025-09-09 13:00:00,0.1781,0.1445
2025-09-09 14:00:00,0.1728,0.1268
2025-09-09 15:00:00,0.1695,0.1243
2025-09-09 16:00:00,0.1852,0.1507
2025-09-09 17:00:00,0.2132,0.1381
2025-09-09 18:00:00,0.2064,0.1464
2025-09-09 19:00:00,0.2457,0.1533
2025-09-09 20:00:00,0.2519,0.157
2025-09-09 21:00:00,0.2587,0.1716
2025-09-09 22:00:00,0.2916,0.1458
2025-09-09 23:00:00,0.2556,0.1647
2025-09-10 00:00:00,0.2796,0.1527
2025-09-10 01:00:00,0.2857,0.1222
2025-09-10 02:00:00,0.2794,0.1332
2025-09-10 03:00:00,0.2881,0.1199
2025-09-10 04:00:00,0.2993,0.1032
2025-09-10 05:00:00,0.2472,0.0962
2025-09-10 06:00:00,0.2538,0.1091
2025-09-10 07:00:00,0.2077,0.104
2025-09-10 08:00:00,0.2585,0.1088
2025-09-10 09:00:00,0.263,0.0905
2025-09-10 10:00:00,0.2385,0.0949
2025-09-10 11:00:00,0.2023,0.1064
2025-09-10 12:00:00,0.1907,0.1137
2025-09-10 13:00:00,0.1845,0.0988
2025-09-10 14:00:00,0.1802,0.1229
2025-09-10 15:00:00,0.2212,0.1344
2025-09-10 16:00:00,0.1901,0.1403
2025-09-10 17:00:00,0.183,0.1431
2025-09-10 18:00:00,0.2284,0.1795
2025-09-10 19:00:00,0.2099,0.1514
2025-09-10 20:00:00,0.2483,0.178
2025-09-10 21:00:00,0.2686,0.1509
2025-09-10 22:00:00,0.3237,0.1588
2025-09-10 23:00:00,0.2675,0.1616
2025-09-11 00:00:00,0.3411,0.1264
2025-09-11 01:00:00,0.2807,0.1511
2025-09-11 02:00:00,0.2958,0.124
2025-09-11 03:00:00,0.2883,0.1359
2025-09-11 04:00:00,0.284,0.1143
2025-09-11 05:00:00,0.2788,0.1034
2025-09-11 06:00:00,0.2809,0.0867
2025-09-11 07:00:00,0.2183,0.0988
2025-09-11 08:00:00,0.2824,0.0947
2025-09-11 09:00:00,0.2422,0.0886
2025-09-11 10:00:00,0.2287,0.0978
2025-09-11 11:00:00,0.1958,0.0857
2025-09-11 12:00:00,0.2121,0.1081
2025-09-11 13:00:00,0.1157,0.1459
2025-09-11 14:00:00,0.1828,0.1494
2025-09-11 15:00:00,0.1996,0.144
2025-09-11 16:00:00,0.1959,0.157
2025-09-11 17:00:00,0.2411,0.1481
2025-09-11 18:00:00,0.2432,0.1445
2025-09-11 19:00:00,0.238,0.1568
2025-09-11 20:00:00,0.2585,0.1447
2025-09-11 21:00:00,0.2745,0.166
2025-09-11 22:00:00,0.218,0.1672
2025-09-11 23:00:00,0.3002,0.1413
2025-09-12 00:00:00,0.3023,0.138
2025-09-12 01:00:00,0.3033,0.1273
2025-09-12 02:00:00,0.304,0.1467
2025-09-12 03:00:00,0.2875,0.1149
2025-09-12 04:00:00,0.2873,0.1108
2025-09-12 05:00:00,0.3149,0.1017
2025-09-12 06:00:00,0.2631,0.115
2025-09-12 07:00:00,0.2574,0.1163
2025-09-12 08:00:00,0.2314,0.0991
2025-09-12 09:00:00,0.2752,0.0978
2025-09-12 10:00:00,0.2269,0.0919
2025-09-12 11:00:00,0.1942,0.0983
2025-09-12 12:00:00,0.1969,0.1019
2025-09-12 13:00:00,0.2275,0.1284
2025-09-12 14:00:00,0.1899,0.1309
2025-09-12 15:00:00,0.1916,0.135
2025-09-12 16:00:00,0.1813,0.1384
2025-09-12 17:00:00,0.1977,0.1557
2025-09-12 18:00:00,0.2069,0.1575
2025-09-12 19:00:00,0.2636,0.1522
2025-09-12 20:00:00,0.2211,0.152
2025-09-12 21:00:00,0.2257,0.1517
2025-09-12 22:00:00,0.2857,0.1637
2025-09-12 23:00:00,0.2751,0.1406
2025-09-13 00:00:00,0.2714,0.1489
2025-09-13 01:00:00,0.3194,0.1451
2025-09-13 02:00:00,0.3138,0.1038
2025-09-13 03:00:00,0.269,0.1261
2025-09-13 04:00:00,0.2886,0.1147
2025-09-13 05:00:00,0.2672,0.1111
2025-09-13 06:00:00,0.2545,0.0909
2025-09-13 07:00:00,0.257,0.0938
2025-09-13 08:00:00,0.2441,0.087
2025-09-13 09:00:00,0.23,0.1006
2025-09-13 10:00:00,0.2081,0.1014
2025-09-13 11:00:00,0.1541,0.0959
2025-09-13 12:00:00,0.1989,0.1257
2025-09-13 13:00:00,0.1853,0.1383
2025-09-13 14:00:00,0.2029,0.1237
2025-09-13 15:00:00,0.1676,0.1373
2025-09-13 16:00:00,0.2138,0.1282
2025-09-13 17:00:00,0.1621,0.1532
2025-09-13 18:00:00,0.1918,0.1648
2025-09-13 19:00:00,0.2115,0.1484
2025-09-13 20:00:00,0.2621,0.1588
2025-09-13 21:00:00,0.2606,0.1657
2025-09-13 22:00:00,0.2462,0.1564
2025-09-13 23:00:00,0.3024,0.1662
2025-09-14 00:00:00,0.2936,0.1416
2025-09-14 01:00:00,0.2635,0.1435
2025-09-14 02:00:00,0.3044,0.1487
2025-09-14 03:00:00,0.2982,0.1122
2025-09-14 04:00:00,0.2818,0.1338
2025-09-14 05:00:00,0.31,0.1233
2025-09-14 06:00:00,0.2364,0.1075
2025-09-14 07:00:00,0.2844,0.0811
2025-09-14 08:00:00,0.2179,0.0939
2025-09-14 09:00:00,0.2067,0.1163
2025-09-14 10:00:00,0.2136,0.1006
2025-09-14 11:00:00,0.1764,0.114
2025-09-14 12:00:00,0.1872,0.1302
2025-09-14 13:00:00,0.1758,0.1091
2025-09-14 14:00:00,0.1702,0.1156
2025-09-14 15:00:00,0.198,0.1401
2025-09-14 16:00:00,0.1827,0.1346
2025-09-14 17:00:00,0.193,0.1358
2025-09-14 18:00:00,0.2348,0.1505
2025-09-14 19:00:00,0.2196,0.1538
2025-09-14 20:00:00,0.2246,0.1616
2025-09-14 21:00:00,0.2694,0.1499
2025-09-14 22:00:00,0.2867,0.1506
2025-09-14 23:00:00,0.251,0.1432
2025-09-15 00:00:00,0.3136,0.1263
2025-09-15 01:00:00,0.3075,0.1209
2025-09-15 02:00:00,0.2609,0.1365
2025-09-15 03:00:00,0.2682,0.1158
2025-09-15 04:00:00,0.2823,0.1051
2025-09-15 05:00:00,0.2929,0.1112
2025-09-15 06:00:00,0.2505,0.1011
2025-09-15 07:00:00,0.2833,0.1001
2025-09-15 08:00:00,0.2276,0.1123
2025-09-15 09:00:00,0.2629,0.1071
2025-09-15 10:00:00,0.2195,0.0955
2025-09-15 11:00:00,0.2012,0.1146
2025-09-15 12:00:00,0.2026,0.127
2025-09-15 13:00:00,0.2038,0.1106
2025-09-15 14:00:00,0.1809,0.1442
2025-09-15 15:00:00,0.1875,0.1418
2025-09-15 16:00:00,0.1592,0.1502
2025-09-15 17:00:00,0.2051,0.1499
2025-09-15 18:00:00,0.1863,0.1483
2025-09-15 19:00:00,0.2235,0.1625
2025-09-15 20:00:00,0.2619,0.1576
2025-09-15 21:00:00,0.2185,0.1701
2025-09-15 22:00:00,0.2619,0.1479
2025-09-15 23:00:00,0.2547,0.1506
2025-09-16 00:00:00,0.2796,0.1426
2025-09-16 01:00:00,0.3152,0.1401
2025-09-16 02:00:00,0.3088,0.1433
2025-09-16 03:00:00,0.2987,0.1122
2025-09-16 04:00:00,0.363,0.1176
2025-09-16 05:00:00,0.3053,0.0995
2025-09-16 06:00:00,0.2628,0.1093
2025-09-16 07:00:00,0.227,0.1025
2025-09-16 08:00:00,0.2353,0.1023
2025-09-16 09:00:00,0.2179,0.095
2025-09-16 10:00:00,0.1915,0.0851
2025-09-16 11:00:00,0.1744,0.089
2025-09-16 12:00:00,0.1729,0.1127
2025-09-16 13:00:00,0.1913,0.1255
2025-09-16 14:00:00,0.1759,0.1219
2025-09-16 15:00:00,0.1847,0.1487
2025-09-16 16:00:00,0.1809,0.1585
2025-09-16 17:00:00,0.1994,0.1575
2025-09-16 18:00:00,0.1908,0.1558
2025-09-16 19:00:00,0.2455,0.1579
2025-09-16 20:00:00,0.2473,0.1709
2025-09-16 21:00:00,0.2428,0.1454
2025-09-16 22:00:00,0.2476,0.1668
2025-09-16 23:00:00,0.2673,0.1483
2025-09-17 00:00:00,0.3034,0.1505
2025-09-17 01:00:00,0.2939,0.1415
2025-09-17 02:00:00,0.2844,0.1293
2025-09-17 03:00:00,0.3183,0.124
2025-09-17 04:00:00,0.2896,0.123
2025-09-17 05:00:00,0.2844,0.1132
2025-09-17 06:00:00,0.2846,0.1033
2025-09-17 07:00:00,0.2642,0.1016
2025-09-17 08:00:00,0.2391,0.1134
2025-09-17 09:00:00,0.2138,0.0842
2025-09-17 10:00:00,0.2154,0.1016
2025-09-17 11:00:00,0.1675,0.1086
2025-09-17 12:00:00,0.2005,0.1172
2025-09-17 13:00:00,0.2092,0.1401
2025-09-17 14:00:00,0.1663,0.1176
2025-09-17 15:00:00,0.1692,0.1329
2025-09-17 16:00:00,0.1788,0.1427
2025-09-17 17:00:00,0.2377,0.1553
2025-09-17 18:00:00,0.2343,0.1651
2025-09-17 19:00:00,0.216,0.1373
2025-09-17 20:00:00,0.2162,0.155
2025-09-17 21:00:00,0.2623,0.1577
2025-09-17 22:00:00,0.2677,0.1451
2025-09-17 23:00:00,0.2677,0.1418
2025-09-18 00:00:00,0.2849,0.1393
2025-09-18 01:00:00,0.284,0.1467
2025-09-18 02:00:00,0.2884,0.1316
2025-09-18 03:00:00,0.324,0.1161
2025-09-18 04:00:00,0.2841,0.1104
2025-09-18 05:00:00,0.3027,0.1118
2025-09-18 06:00:00,0.2823,0.1084
2025-09-18 07:00:00,0.232,0.0938
2025-09-18 08:00:00,0.2317,0.0962
2025-09-18 09:00:00,0.2339,0.1017
2025-09-18 10:00:00,0.2046,0.1056
2025-09-18 11:00:00,0.178,0.1075
2025-09-18 12:00:00,0.1716,0.1144
2025-09-18 13:00:00,0.2056,0.1292
2025-09-18 14:00:00,0.1681,0.1292
2025-09-18 15:00:00,0.1473,0.155
2025-09-18 16:00:00,0.2076,0.1425
2025-09-18 17:00:00,0.2069,0.1615
2025-09-18 18:00:00,0.2188,0.151
2025-09-18 19:00:00,0.2545,0.1599
2025-09-18 20:00:00,0.2211,0.1569
2025-09-18 21:00:00,0.2693,0.1537
2025-09-18 22:00:00,0.2837,0.1475
2025-09-18 23:00:00,0.2853,0.1467
2025-09-19 00:00:00,0.3058,0.1417
2025-09-19 01:00:00,0.2789,0.1312
2025-09-19 02:00:00,0.2847,0.1389
2025-09-19 03:00:00,0.319,0.1198
2025-09-19 04:00:00,0.3023,0.1115
2025-09-19 05:00:00,0.2722,0.1014
2025-09-19 06:00:00,0.2684,0.1163
2025-09-19 07:00:00,0.264,0.0869
2025-09-19 08:00:00,0.2502,0.1049
2025-09-19 09:00:00,0.2287,0.0924
2025-09-19 10:00:00,0.1964,0.1046
2025-09-19 11:00:00,0.2102,0.1168
2025-09-19 12:00:00,0.2255,0.124
2025-09-19 13:00:00,0.1933,0.1312
2025-09-19 14:00:00,0.1665,0.1341
2025-09-19 15:00:00,0.1662,0.1457
2025-09-19 16:00:00,0.2376,0.139
2025-09-19 17:00:00,0.18,0.1462
2025-09-19 18:00:00,0.201,0.1354
2025-09-19 19:00:00,0.2034,0.1521
2025-09-19 20:00:00,0.2365,0.1747
2025-09-19 21:00:00,0.2373,0.1658
2025-09-19 22:00:00,0.2639,0.1651
2025-09-19 23:00:00,0.2516,0.158
2025-09-20 00:00:00,0.3539,0.1526
2025-09-20 01:00:00,0.3058,0.1346
2025-09-20 02:00:00,0.3099,0.1301
2025-09-20 03:00:00,0.2979,0.1216
2025-09-20 04:00:00,0.2909,0.1393
2025-09-20 05:00:00,0.2965,0.1099
2025-09-20 06:00:00,0.2842,0.0899
2025-09-20 07:00:00,0.2982,0.102
2025-09-20 08:00:00,0.201,0.1034
2025-09-20 09:00:00,0.2056,0.0988
2025-09-20 10:00:00,0.1901,0.116
2025-09-20 11:00:00,0.1631,0.0976
2025-09-20 12:00:00,0.1913,0.1081
2025-09-20 13:00:00,0.1613,0.1137
2025-09-20 14:00:00,0.1965,0.1182
2025-09-20 15:00:00,0.1785,0.1284
2025-09-20 16:00:00,0.1765,0.1527
2025-09-20 17:00:00,0.1988,0.1643
2025-09-20 18:00:00,0.1763,0.1579
2025-09-20 19:00:00,0.2194,0.1491
2025-09-20 20:00:00,0.2452,0.1554
2025-09-20 21:00:00,0.286,0.152
2025-09-20 22:00:00,0.2601,0.162
2025-09-20 23:00:00,0.2616,0.1481
2025-09-21 00:00:00,0.2614,0.1321
2025-09-21 01:00:00,0.3037,0.1419
2025-09-21 02:00:00,0.2708,0.1374
2025-09-21 03:00:00,0.2868,0.1225
2025-09-21 04:00:00,0.2988,0.1169
2025-09-21 05:00:00,0.2817,0.1025
2025-09-21 06:00:00,0.2461,0.115
2025-09-21 07:00:00,0.2452,0.1191
2025-09-21 08:00:00,0.233,0.1218
2025-09-21 09:00:00,0.2394,0.1086
2025-09-21 10:00:00,0.1958,0.1077
2025-09-21 11:00:00,0.22,0.099
2025-09-21 12:00:00,0.1442,0.1296
2025-09-21 13:00:00,0.1575,0.1339
2025-09-21 14:00:00,0.1729,0.143
2025-09-21 15:00:00,0.1717,0.1375
2025-09-21 16:00:00,0.1857,0.1458
2025-09-21 17:00:00,0.1739,0.1457
2025-09-21 18:00:00,0.1811,0.1779
2025-09-21 19:00:00,0.2562,0.1709
2025-09-21 20:00:00,0.2119,0.1623
2025-09-21 21:00:00,0.2584,0.1434
2025-09-21 22:00:00,0.2798,0.1618
2025-09-21 23:00:00,0.2865,0.1485
2025-09-22 00:00:00,0.2799,0.1315
2025-09-22 01:00:00,0.3144,0.1438
2025-09-22 02:00:00,0.3041,0.1331
2025-09-22 03:00:00,0.3162,0.1269
2025-09-22 04:00:00,0.253,0.1244
2025-09-22 05:00:00,0.2495,0.1112
2025-09-22 06:00:00,0.2779,0.0995
2025-09-22 07:00:00,0.2578,0.1094
2025-09-22 08:00:00,0.2208,0.1013
2025-09-22 09:00:00,0.2302,0.1122
2025-09-22 10:00:00,0.2429,0.1164
2025-09-22 11:00:00,0.1638,0.1156
2025-09-22 12:00:00,0.1722,0.1241
2025-09-22 13:00:00,0.1743,0.1072
2025-09-22 14:00:00,0.1365,0.1383
2025-09-22 15:00:00,0.1679,0.1287
2025-09-22 16:00:00,0.1979,0.1505
2025-09-22 17:00:00,0.2185,0.1277
2025-09-22 18:00:00,0.1735,0.1509
2025-09-22 19:00:00,0.2021,0.1606
2025-09-22 20:00:00,0.2561,0.1611
2025-09-22 21:00:00,0.2699,0.1727
2025-09-22 22:00:00,0.313,0.1622
2025-09-22 23:00:00,0.2841,0.1506
2025-09-23 00:00:00,0.2975,0.1654
2025-09-23 01:00:00,0.2824,0.1393
2025-09-23 02:00:00,0.3034,0.1284
2025-09-23 03:00:00,0.2848,0.1266
2025-09-23 04:00:00,0.3133,0.1131
2025-09-23 05:00:00,0.2997,0.1171
2025-09-23 06:00:00,0.2747,0.1202
2025-09-23 07:00:00,0.2533,0.1003
2025-09-23 08:00:00,0.1988,0.1002
2025-09-23 09:00:00,0.2642,0.0863
2025-09-23 10:00:00,0.1921,0.1099
2025-09-23 11:00:00,0.2064,0.1262
2025-09-23 12:00:00,0.1631,0.0998
2025-09-23 13:00:00,0.1543,0.1176
2025-09-23 14:00:00,0.1798,0.1478
2025-09-23 15:00:00,0.1987,0.1276
2025-09-23 16:00:00,0.1688,0.1376
2025-09-23 17:00:00,0.1838,0.1612
2025-09-23 18:00:00,0.2287,0.1391
2025-09-23 19:00:00,0.2066,0.1546
2025-09-23 20:00:00,0.2621,0.1724
2025-09-23 21:00:00,0.293,0.1698
2025-09-23 22:00:00,0.2971,0.1707
2025-09-23 23:00:00,0.298,0.1468
2025-09-24 00:00:00,0.2436,0.1455
2025-09-24 01:00:00,0.2852,0.1442
2025-09-24 02:00:00,0.3083,0.1302
2025-09-24 03:00:00,0.3004,0.1135
2025-09-24 04:00:00,0.2841,0.1142
2025-09-24 05:00:00,0.2459,0.1051
2025-09-24 06:00:00,0.3059,0.103
2025-09-24 07:00:00,0.2495,0.0951
2025-09-24 08:00:00,0.221,0.1032
2025-09-24 09:00:00,0.2231,0.1105
2025-09-24 10:00:00,0.1822,0.0916
2025-09-24 11:00:00,0.2363,0.0975
2025-09-24 12:00:00,0.1952,0.1161
2025-09-24 13:00:00,0.2009,0.1221
2025-09-24 14:00:00,0.1901,0.1262
2025-09-24 15:00:00,0.1802,0.1308
2025-09-24 16:00:00,0.1995,0.1492
2025-09-24 17:00:00,0.2249,0.1368
2025-09-24 18:00:00,0.1972,0.1689
2025-09-24 19:00:00,0.2121,0.151
2025-09-24 20:00:00,0.2142,0.1557
2025-09-24 21:00:00,0.24,0.1668
2025-09-24 22:00:00,0.254,0.1521
2025-09-24 23:00:00,0.2868,0.1449
2025-09-25 00:00:00,0.2892,0.1456
2025-09-25 01:00:00,0.3196,0.147
2025-09-25 02:00:00,0.3048,0.1276
2025-09-25 03:00:00,0.2883,0.1185
2025-09-25 04:00:00,0.288,0.1184
2025-09-25 05:00:00,0.2633,0.0956
2025-09-25 06:00:00,0.2731,0.1021
2025-09-25 07:00:00,0.2414,0.0986
2025-09-25 08:00:00,0.2237,0.1068
2025-09-25 09:00:00,0.2466,0.095
2025-09-25 10:00:00,0.1656,0.0874
2025-09-25 11:00:00,0.1919,0.1231
2025-09-25 12:00:00,0.1686,0.1082
2025-09-25 13:00:00,0.1651,0.1249
2025-09-25 14:00:00,0.1654,0.115
2025-09-25 15:00:00,0.2189,0.1271
2025-09-25 16:00:00,0.1697,0.1503
2025-09-25 17:00:00,0.1966,0.1519
2025-09-25 18:00:00,0.2249,0.1671
2025-09-25 19:00:00,0.2073,0.1782
2025-09-25 20:00:00,0.2415,0.1567
2025-09-25 21:00:00,0.2797,0.1405
2025-09-25 22:00:00,0.2645,0.174
2025-09-25 23:00:00,0.291,0.1579
2025-09-26 00:00:00,0.2753,0.1361
2025-09-26 01:00:00,0.3123,0.1483
2025-09-26 02:00:00,0.2719,0.1121
2025-09-26 03:00:00,0.3142,0.124
2025-09-26 04:00:00,0.3204,0.1294
2025-09-26 05:00:00,0.2662,0.1264
2025-09-26 06:00:00,0.2787,0.0948
2025-09-26 07:00:00,0.2804,0.1003
2025-09-26 08:00:00,0.2141,0.0991
2025-09-26 09:00:00,0.1969,0.112
2025-09-26 10:00:00,0.2364,0.0978
2025-09-26 11:00:00,0.2135,0.0975
2025-09-26 12:00:00,0.1924,0.1305
2025-09-26 13:00:00,0.1466,0.1321
2025-09-26 14:00:00,0.1535,0.1302
2025-09-26 15:00:00,0.2108,0.1392
2025-09-26 16:00:00,0.1848,0.1405
2025-09-26 17:00:00,0.1927,0.1599
2025-09-26 18:00:00,0.1905,0.1593
2025-09-26 19:00:00,0.2183,0.1748
2025-09-26 20:00:00,0.2698,0.1646
2025-09-26 21:00:00,0.2415,0.1535
2025-09-26 22:00:00,0.2732,0.174
2025-09-26 23:00:00,0.2767,0.15
2025-09-27 00:00:00,0.2811,0.1298
2025-09-27 01:00:00,0.3152,0.1387
2025-09-27 02:00:00,0.3186,0.1254
2025-09-27 03:00:00,0.2927,0.115
2025-09-27 04:00:00,0.2853,0.114
2025-09-27 05:00:00,0.2792,0.1079
2025-09-27 06:00:00,0.2575,0.0973
2025-09-27 07:00:00,0.2837,0.0852
2025-09-27 08:00:00,0.2333,0.1154
2025-09-27 09:00:00,0.2195,0.1092
2025-09-27 10:00:00,0.2253,0.1061
2025-09-27 11:00:00,0.2103,0.103
2025-09-27 12:00:00,0.1807,0.1426
2025-09-27 13:00:00,0.1401,0.1166
2025-09-27 14:00:00,0.1682,0.1263
2025-09-27 15:00:00,0.1492,0.1508
2025-09-27 16:00:00,0.2121,0.1505
2025-09-27 17:00:00,0.2128,0.1458
2025-09-27 18:00:00,0.1955,0.1483
2025-09-27 19:00:00,0.2258,0.1623
2025-09-27 20:00:00,0.2462,0.1551
2025-09-27 21:00:00,0.2314,0.1548
2025-09-27 22:00:00,0.2778,0.157
2025-09-27 23:00:00,0.3004,0.1499
2025-09-28 00:00:00,0.3283,0.1394
2025-09-28 01:00:00,0.2785,0.125
2025-09-28 02:00:00,0.3164,0.1285
2025-09-28 03:00:00,0.285,0.1306
2025-09-28 04:00:00,0.3264,0.1205
2025-09-28 05:00:00,0.2582,0.1124
2025-09-28 06:00:00,0.2864,0.0807
2025-09-28 07:00:00,0.2174,0.1015
2025-09-28 08:00:00,0.2677,0.0848
2025-09-28 09:00:00,0.2255,0.1128
2025-09-28 10:00:00,0.2004,0.1205
2025-09-28 11:00:00,0.203,0.1169
2025-09-28 12:00:00,0.1706,0.1119
2025-09-28 13:00:00,0.2053,0.1001
2025-09-28 14:00:00,0.1883,0.1364
2025-09-28 15:00:00,0.1878,0.1423
2025-09-28 16:00:00,0.1885,0.1323
2025-09-28 17:00:00,0.1743,0.1657
2025-09-28 18:00:00,0.2287,0.1472
2025-09-28 19:00:00,0.2169,0.1525
2025-09-28 20:00:00,0.2491,0.1572
2025-09-28 21:00:00,0.2509,0.1526
2025-09-28 22:00:00,0.2894,0.1612
2025-09-28 23:00:00,0.2699,0.1675
2025-09-29 00:00:00,0.304,0.134
2025-09-29 01:00:00,0.3541,0.1309
2025-09-29 02:00:00,0.273,0.1166
2025-09-29 03:00:00,0.308,0.1376
2025-09-29 04:00:00,0.3042,0.1097
2025-09-29 05:00:00,0.2669,0.1066
2025-09-29 06:00:00,0.2656,0.1078
2025-09-29 07:00:00,0.2603,0.0837
2025-09-29 08:00:00,0.2632,0.1008
2025-09-29 09:00:00,0.2248,0.0992
2025-09-29 10:00:00,0.2072,0.1217
2025-09-29 11:00:00,0.1644,0.1035
2025-09-29 12:00:00,0.203,0.1237
2025-09-29 13:00:00,0.1679,0.1266
2025-09-29 14:00:00,0.1832,0.1184
2025-09-29 15:00:00,0.1953,0.1326
2025-09-29 16:00:00,0.1665,0.1507
2025-09-29 17:00:00,0.2042,0.1512
2025-09-29 18:00:00,0.2402,0.1649
2025-09-29 19:00:00,0.246,0.1401
2025-09-29 20:00:00,0.2358,0.1438
2025-09-29 21:00:00,0.2588,0.1544
2025-09-29 22:00:00,0.3055,0.16
2025-09-29 23:00:00,0.2686,0.1516
2025-09-30 00:00:00,0.2991,0.1479
2025-09-30 01:00:00,0.2493,0.1296
2025-09-30 02:00:00,0.2921,0.142
2025-09-30 03:00:00,0.3393,0.1149
2025-09-30 04:00:00,0.2738,0.1248
2025-09-30 05:00:00,0.2508,0.102
2025-09-30 06:00:00,0.254,0.0859
2025-09-30 07:00:00,0.2391,0.0843
2025-09-30 08:00:00,0.245,0.1247
2025-09-30 09:00:00,0.2305,0.1002
2025-09-30 10:00:00,0.1585,0.0898
2025-09-30 11:00:00,0.194,0.1048
2025-09-30 12:00:00,0.1489,0.109
2025-09-30 13:00:00,0.1776,0.1445
2025-09-30 14:00:00,0.1869,0.1328
2025-09-30 15:00:00,0.1948,0.1278
2025-09-30 16:00:00,0.2021,0.1471
2025-09-30 17:00:00,0.1888,0.1528
2025-09-30 18:00:00,0.1993,0.1486
2025-09-30 19:00:00,0.2644,0.1701
2025-09-30 20:00:00,0.2556,0.1686
2025-09-30 21:00:00,0.2903,0.1595
2025-09-30 22:00:00,0.2874,0.1415
2025-09-30 23:00:00,0.2678,0.1489
2025-10-01 00:00:00,0.3047,0.1536
2025-10-01 01:00:00,0.2722,0.1399
2025-10-01 02:00:00,0.3083,0.1283
2025-10-01 03:00:00,0.2906,0.1222
2025-10-01 04:00:00,0.2999,0.1022
2025-10-01 05:00:00,0.2661,0.0995
2025-10-01 06:00:00,0.2679,0.1028
2025-10-01 07:00:00,0.2507,0.0917
2025-10-01 08:00:00,0.2424,0.1079
2025-10-01 09:00:00,0.2512,0.0877
2025-10-01 10:00:00,0.2072,0.1035
2025-10-01 11:00:00,0.2075,0.1114
2025-10-01 12:00:00,0.1938,0.1173
2025-10-01 13:00:00,0.1761,0.1087
2025-10-01 14:00:00,0.1807,0.1436
2025-10-01 15:00:00,0.2209,0.1536
2025-10-01 16:00:00,0.1846,0.1334
2025-10-01 17:00:00,0.229,0.15
2025-10-01 18:00:00,0.2112,0.1453
2025-10-01 19:00:00,0.2328,0.1595
2025-10-01 20:00:00,0.2221,0.1485
2025-10-01 21:00:00,0.2578,0.1492
2025-10-01 22:00:00,0.2824,0.1567
2025-10-01 23:00:00,0.2452,0.1643
2025-10-02 00:00:00,0.2907,0.1647
2025-10-02 01:00:00,0.2952,0.1404
2025-10-02 02:00:00,0.32,0.1247
2025-10-02 03:00:00,0.2773,0.1181
2025-10-02 04:00:00,0.3285,0.1075
2025-10-02 05:00:00,0.3059,0.1097
2025-10-02 06:00:00,0.2595,0.1256
2025-10-02 07:00:00,0.2652,0.1
2025-10-02 08:00:00,0.2444,0.1126
2025-10-02 09:00:00,0.194,0.1002
2025-10-02 10:00:00,0.182,0.1055
2025-10-02 11:00:00,0.212,0.0958
2025-10-02 12:00:00,0.1869,0.1193
2025-10-02 13:00:00,0.1946,0.1139
2025-10-02 14:00:00,0.1657,0.1334
2025-10-02 15:00:00,0.1921,0.1265
2025-10-02 16:00:00,0.2155,0.1706
2025-10-02 17:00:00,0.1936,0.156
2025-10-02 18:00:00,0.2429,0.1573
2025-10-02 19:00:00,0.2191,0.1504
2025-10-02 20:00:00,0.2734,0.1769
2025-10-02 21:00:00,0.2653,0.1554
2025-10-02 22:00:00,0.2736,0.1627
2025-10-02 23:00:00,0.3048,0.157
2025-10-03 00:00:00,0.2956,0.1576
2025-10-03 01:00:00,0.3191,0.1148
2025-10-03 02:00:00,0.289,0.1158
2025-10-03 03:00:00,0.2886,0.1189
2025-10-03 04:00:00,0.2843,0.0982
2025-10-03 05:00:00,0.2716,0.0971
2025-10-03 06:00:00,0.2589,0.1042
2025-10-03 07:00:00,0.2831,0.1008
2025-10-03 08:00:00,0.2333,0.1085
2025-10-03 09:00:00,0.1785,0.0882
2025-10-03 10:00:00,0.1899,0.1086
2025-10-03 11:00:00,0.1853,0.1256
2025-10-03 12:00:00,0.1984,0.1281
2025-10-03 13:00:00,0.1848,0.1049
2025-10-03 14:00:00,0.1736,0.1466
2025-10-03 15:00:00,0.1546,0.1504
2025-10-03 16:00:00,0.178,0.1356
2025-10-03 17:00:00,0.2147,0.1564
2025-10-03 18:00:00,0.2418,0.1576
2025-10-03 19:00:00,0.2176,0.1694
2025-10-03 20:00:00,0.2231,0.1623
2025-10-03 21:00:00,0.2501,0.1501
2025-10-03 22:00:00,0.3066,0.1475
2025-10-03 23:00:00,0.2804,0.1696
2025-10-04 00:00:00,0.285,0.1391
2025-10-04 01:00:00,0.3106,0.1419
2025-10-04 02:00:00,0.2924,0.1427
2025-10-04 03:00:00,0.3217,0.1079
2025-10-04 04:00:00,0.2893,0.1091
2025-10-04 05:00:00,0.3049,0.1128
2025-10-04 06:00:00,0.2472,0.0937
2025-10-04 07:00:00,0.3055,0.1073
2025-10-04 08:00:00,0.2137,0.0791
2025-10-04 09:00:00,0.1949,0.103
2025-10-04 10:00:00,0.2254,0.119
2025-10-04 11:00:00,0.1609,0.0991
2025-10-04 12:00:00,0.1469,0.1071
2025-10-04 13:00:00,0.1971,0.1237
2025-10-04 14:00:00,0.1751,0.1396
2025-10-04 15:00:00,0.1714,0.1499
2025-10-04 16:00:00,0.1952,0.174
2025-10-04 17:00:00,0.206,0.1474
2025-10-04 18:00:00,0.2316,0.1526
2025-10-04 19:00:00,0.241,0.1578
2025-10-04 20:00:00,0.215,0.1456
2025-10-04 21:00:00,0.2505,0.1476
2025-10-04 22:00:00,0.2785,0.142
2025-10-04 23:00:00,0.2627,0.1407
2025-10-05 00:00:00,0.298,0.1483
2025-10-05 01:00:00,0.3126,0.1509
2025-10-05 02:00:00,0.2916,0.1259
2025-10-05 03:00:00,0.303,0.1312
2025-10-05 04:00:00,0.3196,0.1208
2025-10-05 05:00:00,0.2492,0.1052
2025-10-05 06:00:00,0.2648,0.121
2025-10-05 07:00:00,0.2447,0.0924
2025-10-05 08:00:00,0.2512,0.0938
2025-10-05 09:00:00,0.1614,0.0887
2025-10-05 10:00:00,0.2013,0.1027
2025-10-05 11:00:00,0.1788,0.1099
2025-10-05 12:00:00,0.2163,0.1283
2025-10-05 13:00:00,0.1905,0.1173
2025-10-05 14:00:00,0.1764,0.1292
2025-10-05 15:00:00,0.2085,0.1339
2025-10-05 16:00:00,0.1959,0.1435
2025-10-05 17:00:00,0.1826,0.1555
2025-10-05 18:00:00,0.2027,0.1423
2025-10-05 19:00:00,0.1806,0.1675
2025-10-05 20:00:00,0.2544,0.1552
2025-10-05 21:00:00,0.2329,0.1543
2025-10-05 22:00:00,0.2812,0.1673
2025-10-05 23:00:00,0.2863,0.148
2025-10-06 00:00:00,0.325,0.1575
2025-10-06 01:00:00,0.2989,0.1348
2025-10-06 02:00:00,0.299,0.1238
2025-10-06 03:00:00,0.2741,0.1276
2025-10-06 04:00:00,0.3311,0.1089
2025-10-06 05:00:00,0.2819,0.1139
2025-10-06 06:00:00,0.2594,0.1167
2025-10-06 07:00:00,0.2842,0.1252
2025-10-06 08:00:00,0.2666,0.0852
2025-10-06 09:00:00,0.1866,0.0845
2025-10-06 10:00:00,0.1799,0.1095
2025-10-06 11:00:00,0.2004,0.1174
2025-10-06 12:00:00,0.1901,0.1206
2025-10-06 13:00:00,0.2212,0.1268
2025-10-06 14:00:00,0.1878,0.1202
2025-10-06 15:00:00,0.1998,0.1203
2025-10-06 16:00:00,0.2065,0.1486
2025-10-06 17:00:00,0.2111,0.1477
2025-10-06 18:00:00,0.2011,0.1607
2025-10-06 19:00:00,0.2318,0.1586
2025-10-06 20:00:00,0.2264,0.1707
2025-10-06 21:00:00,0.2756,0.1485
2025-10-06 22:00:00,0.2634,0.1651
2025-10-06 23:00:00,0.2813,0.145
2025-10-07 00:00:00,0.2847,0.1542
2025-10-07 01:00:00,0.3111,0.1279
2025-10-07 02:00:00,0.3244,0.145
2025-10-07 03:00:00,0.2727,0.1255
2025-10-07 04:00:00,0.2877,0.125
2025-10-07 05:00:00,0.2304,0.1146
2025-10-07 06:00:00,0.2609,0.0953
2025-10-07 07:00:00,0.2581,0.1047
2025-10-07 08:00:00,0.206,0.1138
2025-10-07 09:00:00,0.2488,0.1081
2025-10-07 10:00:00,0.2003,0.1067
2025-10-07 11:00:00,0.2016,0.11
2025-10-07 12:00:00,0.1793,0.1239
2025-10-07 13:00:00,0.1982,0.1311
2025-10-07 14:00:00,0.2031,0.1226
2025-10-07 15:00:00,0.1987,0.1352
2025-10-07 16:00:00,0.1655,0.1474
2025-10-07 17:00:00,0.2588,0.1471
2025-10-07 18:00:00,0.2316,0.1614
2025-10-07 19:00:00,0.2203,0.1515
2025-10-07 20:00:00,0.2127,0.1617
2025-10-07 21:00:00,0.2551,0.1653
2025-10-07 22:00:00,0.2613,0.1299
2025-10-07 23:00:00,0.2955,0.1408
2025-10-08 00:00:00,0.2703,0.1441
2025-10-08 01:00:00,0.3153,0.1385
2025-10-08 02:00:00,0.3009,0.1305
2025-10-08 03:00:00,0.3142,0.1157
2025-10-08 04:00:00,0.2874,0.1104
2025-10-08 05:00:00,0.2615,0.0881
2025-10-08 06:00:00,0.2631,0.1002
2025-10-08 07:00:00,0.2634,0.0967
2025-10-08 08:00:00,0.2547,0.0939
2025-10-08 09:00:00,0.2322,0.1021
2025-10-08 10:00:00,0.1785,0.1177
2025-10-08 11:00:00,0.234,0.1017
2025-10-08 12:00:00,0.1785,0.1084
2025-10-08 13:00:00,0.1636,0.1279
2025-10-08 14:00:00,0.1925,0.125
2025-10-08 15:00:00,0.2043,0.1552
2025-10-08 16:00:00,0.1847,0.1447
2025-10-08 17:00:00,0.1712,0.156
2025-10-08 18:00:00,0.1893,0.1624
2025-10-08 19:00:00,0.2104,0.1283
2025-10-08 20:00:00,0.2399,0.1676
2025-10-08 21:00:00,0.2819,0.1533
2025-10-08 22:00:00,0.2709,0.1594
2025-10-08 23:00:00,0.284,0.1423
2025-10-09 00:00:00,0.2702,0.1539
2025-10-09 01:00:00,0.299,0.1547
2025-10-09 02:00:00,0.3017,0.1214
2025-10-09 03:00:00,0.3272,0.1404
2025-10-09 04:00:00,0.2978,0.1014
2025-10-09 05:00:00,0.2625,0.1007
2025-10-09 06:00:00,0.2689,0.1084
2025-10-09 07:00:00,0.2142,0.1058
2025-10-09 08:00:00,0.2561,0.0845
2025-10-09 09:00:00,0.2059,0.1077
2025-10-09 10:00:00,0.2365,0.1067
2025-10-09 11:00:00,0.1866,0.1185
2025-10-09 12:00:00,0.1771,0.1335
2025-10-09 13:00:00,0.1765,0.1107
2025-10-09 14:00:00,0.2056,0.134
2025-10-09 15:00:00,0.1735,0.1396
2025-10-09 16:00:00,0.1825,0.1539
2025-10-09 17:00:00,0.1546,0.1547
2025-10-09 18:00:00,0.2191,0.1601
2025-10-09 19:00:00,0.193,0.1397
2025-10-09 20:00:00,0.2579,0.1565
2025-10-09 21:00:00,0.239,0.1646
2025-10-09 22:00:00,0.2574,0.1669
2025-10-09 23:00:00,0.3044,0.1573
2025-10-10 00:00:00,0.3015,0.1522
2025-10-10 01:00:00,0.3224,0.1512
2025-10-10 02:00:00,0.2496,0.1487
2025-10-10 03:00:00,0.2532,0.1212
2025-10-10 04:00:00,0.2817,0.1198
2025-10-10 05:00:00,0.3025,0.1
2025-10-10 06:00:00,0.2529,0.0914
2025-10-10 07:00:00,0.2498,0.0989
2025-10-10 08:00:00,0.2269,0.1028
2025-10-10 09:00:00,0.2034,0.1047
2025-10-10 10:00:00,0.2258,0.0937
2025-10-10 11:00:00,0.1928,0.1032
2025-10-10 12:00:00,0.1841,0.111
2025-10-10 13:00:00,0.1968,0.122
2025-10-10 14:00:00,0.1466,0.1274
2025-10-10 15:00:00,0.1803,0.1386
2025-10-10 16:00:00,0.1825,0.1475
2025-10-10 17:00:00,0.2165,0.157
2025-10-10 18:00:00,0.2497,0.1579
2025-10-10 19:00:00,0.2253,0.1593
2025-10-10 20:00:00,0.2347,0.1671
2025-10-10 21:00:00,0.2521,0.1521
2025-10-10 22:00:00,0.2733,0.1578
2025-10-10 23:00:00,0.2534,0.1625
2025-10-11 00:00:00,0.2666,0.1471
2025-10-11 01:00:00,0.2941,0.1294
2025-10-11 02:00:00,0.3224,0.1379
2025-10-11 03:00:00,0.3056,0.1114
2025-10-11 04:00:00,0.2947,0.1194
2025-10-11 05:00:00,0.2861,0.0943
2025-10-11 06:00:00,0.2723,0.1053
2025-10-11 07:00:00,0.2456,0.1231
2025-10-11 08:00:00,0.2544,0.1009
2025-10-11 09:00:00,0.2068,0.0847
2025-10-11 10:00:00,0.1756,0.0896
2025-10-11 11:00:00,0.2094,0.113
2025-10-11 12:00:00,0.1699,0.1152
2025-10-11 13:00:00,0.1849,0.1256
2025-10-11 14:00:00,0.1752,0.1229
2025-10-11 15:00:00,0.1901,0.1204
2025-10-11 16:00:00,0.2122,0.1566
2025-10-11 17:00:00,0.1892,0.1456
2025-10-11 18:00:00,0.1569,0.1553
2025-10-11 19:00:00,0.2149,0.1505
2025-10-11 20:00:00,0.222,0.1631
2025-10-11 21:00:00,0.2021,0.1479
2025-10-11 22:00:00,0.2632,0.1646
2025-10-11 23:00:00,0.3125,0.1604
2025-10-12 00:00:00,0.2713,0.1252
2025-10-12 01:00:00,0.2575,0.1489
2025-10-12 02:00:00,0.2809,0.1405
2025-10-12 03:00:00,0.3114,0.1203
2025-10-12 04:00:00,0.2703,0.1102
2025-10-12 05:00:00,0.2443,0.098
2025-10-12 06:00:00,0.2727,0.1073
2025-10-12 07:00:00,0.2667,0.0942
2025-10-12 08:00:00,0.2487,0.0922
2025-10-12 09:00:00,0.2279,0.0892
2025-10-12 10:00:00,0.2151,0.0996
2025-10-12 11:00:00,0.2097,0.1086
2025-10-12 12:00:00,0.1785,0.1155
2025-10-12 13:00:00,0.2038,0.1211
2025-10-12 14:00:00,0.1783,0.1347
2025-10-12 15:00:00,0.1969,0.1452
2025-10-12 16:00:00,0.1967,0.1386
2025-10-12 17:00:00,0.2378,0.1625
2025-10-12 18:00:00,0.1798,0.1623
2025-10-12 19:00:00,0.2359,0.1634
2025-10-12 20:00:00,0.2093,0.1671
2025-10-12 21:00:00,0.2461,0.1649
2025-10-12 22:00:00,0.2615,0.18
2025-10-12 23:00:00,0.2885,0.1448
2025-10-13 00:00:00,0.2642,0.1541
2025-10-13 01:00:00,0.2824,0.155
2025-10-13 02:00:00,0.2898,0.1418
2025-10-13 03:00:00,0.2816,0.1086
2025-10-13 04:00:00,0.2687,0.1065
2025-10-13 05:00:00,0.2893,0.1041
2025-10-13 06:00:00,0.2934,0.1136
2025-10-13 07:00:00,0.2682,0.1166
2025-10-13 08:00:00,0.2331,0.0886
2025-10-13 09:00:00,0.1823,0.0877
2025-10-13 10:00:00,0.2255,0.0911
2025-10-13 11:00:00,0.2066,0.0805
2025-10-13 12:00:00,0.1623,0.0996
2025-10-13 13:00:00,0.1684,0.1279
2025-10-13 14:00:00,0.1744,0.1261
2025-10-13 15:00:00,0.1788,0.1297
2025-10-13 16:00:00,0.2054,0.1497
2025-10-13 17:00:00,0.184,0.1686
2025-10-13 18:00:00,0.1897,0.164
2025-10-13 19:00:00,0.226,0.1517
2025-10-13 20:00:00,0.2198,0.1712
2025-10-13 21:00:00,0.2344,0.1729
2025-10-13 22:00:00,0.2555,0.1582
2025-10-13 23:00:00,0.2989,0.1532
2025-10-14 00:00:00,0.2907,0.1462
2025-10-14 01:00:00,0.2938,0.1321
2025-10-14 02:00:00,0.3119,0.1294
2025-10-14 03:00:00,0.3052,0.123
2025-10-14 04:00:00,0.3139,0.1181
2025-10-14 05:00:00,0.287,0.0991
2025-10-14 06:00:00,0.2766,0.1221
2025-10-14 07:00:00,0.244,0.0733
2025-10-14 08:00:00,0.2612,0.093
2025-10-14 09:00:00,0.2327,0.1015
2025-10-14 10:00:00,0.2208,0.1084
2025-10-14 11:00:00,0.2306,0.1059
2025-10-14 12:00:00,0.1882,0.1174
2025-10-14 13:00:00,0.2007,0.1205
2025-10-14 14:00:00,0.2141,0.1297
2025-10-14 15:00:00,0.1777,0.1426
2025-10-14 16:00:00,0.199,0.1631
2025-10-14 17:00:00,0.1826,0.1456
2025-10-14 18:00:00,0.2556,0.1515
2025-10-14 19:00:00,0.2297,0.159
2025-10-14 20:00:00,0.2518,0.1581
2025-10-14 21:00:00,0.2625,0.1554
2025-10-14 22:00:00,0.2724,0.1489
2025-10-14 23:00:00,0.2644,0.1476
2025-10-15 00:00:00,0.3244,0.136
2025-10-15 01:00:00,0.2811,0.1537
2025-10-15 02:00:00,0.2818,0.1333
2025-10-15 03:00:00,0.3081,0.1301
2025-10-15 04:00:00,0.3126,0.1183
2025-10-15 05:00:00,0.2397,0.1016
2025-10-15 06:00:00,0.3045,0.0961
2025-10-15 07:00:00,0.2833,0.0821
2025-10-15 08:00:00,0.1917,0.1164
2025-10-15 09:00:00,0.2214,0.104
2025-10-15 10:00:00,0.2312,0.1014
2025-10-15 11:00:00,0.1741,0.1095
2025-10-15 12:00:00,0.1856,0.1157
2025-10-15 13:00:00,0.1947,0.103
2025-10-15 14:00:00,0.1992,0.1303
2025-10-15 15:00:00,0.1675,0.1418
2025-10-15 16:00:00,0.2091,0.1361
2025-10-15 17:00:00,0.1838,0.1397
2025-10-15 18:00:00,0.1973,0.1561
2025-10-15 19:00:00,0.2156,0.1576
2025-10-15 20:00:00,0.2149,0.1558
2025-10-15 21:00:00,0.2406,0.153
2025-10-15 22:00:00,0.29,0.1476
2025-10-15 23:00:00,0.2638,0.1473
2025-10-16 00:00:00,0.3059,0.1362
2025-10-16 01:00:00,0.2985,0.1415
2025-10-16 02:00:00,0.2933,0.1156
2025-10-16 03:00:00,0.2846,0.128
2025-10-16 04:00:00,0.2916,0.1192
2025-10-16 05:00:00,0.2565,0.0921
2025-10-16 06:00:00,0.2242,0.1052
2025-10-16 07:00:00,0.256,0.1084
2025-10-16 08:00:00,0.2712,0.1137
2025-10-16 09:00:00,0.2345,0.1145
2025-10-16 10:00:00,0.2369,0.1078
2025-10-16 11:00:00,0.2012,0.1019
2025-10-16 12:00:00,0.1724,0.1115
2025-10-16 13:00:00,0.1936,0.1399
2025-10-16 14:00:00,0.1745,0.1297
2025-10-16 15:00:00,0.1559,0.1262
2025-10-16 16:00:00,0.1427,0.1502
2025-10-16 17:00:00,0.2087,0.1498
2025-10-16 18:00:00,0.1969,0.1498
2025-10-16 19:00:00,0.2134,0.1573
2025-10-16 20:00:00,0.2183,0.1413
2025-10-16 21:00:00,0.2248,0.1657
2025-10-16 22:00:00,0.2735,0.1521
2025-10-16 23:00:00,0.2829,0.1553
2025-10-17 00:00:00,0.3177,0.1596
2025-10-17 01:00:00,0.304,0.1446
2025-10-17 02:00:00,0.3208,0.1309
2025-10-17 03:00:00,0.2647,0.1395
2025-10-17 04:00:00,0.2883,0.1102
2025-10-17 05:00:00,0.2642,0.1066
2025-10-17 06:00:00,0.253,0.0947
2025-10-17 07:00:00,0.2705,0.1022
2025-10-17 08:00:00,0.2893,0.1057
2025-10-17 09:00:00,0.2199,0.0987
2025-10-17 10:00:00,0.2177,0.1
2025-10-17 11:00:00,0.2142,0.1029
2025-10-17 12:00:00,0.1864,0.1201
2025-10-17 13:00:00,0.1862,0.1284
2025-10-17 14:00:00,0.1846,0.1305
2025-10-17 15:00:00,0.1919,0.1215
2025-10-17 16:00:00,0.1622,0.1463
2025-10-17 17:00:00,0.1977,0.149
2025-10-17 18:00:00,0.2292,0.1744
2025-10-17 19:00:00,0.2358,0.1592
2025-10-17 20:00:00,0.2639,0.1713
2025-10-17 21:00:00,0.2636,0.1541
2025-10-17 22:00:00,0.2725,0.1471
2025-10-17 23:00:00,0.267,0.1484
2025-10-18 00:00:00,0.3045,0.142
2025-10-18 01:00:00,0.3118,0.1159
2025-10-18 02:00:00,0.2885,0.1146
2025-10-18 03:00:00,0.3016,0.1405
2025-10-18 04:00:00,0.2774,0.117
2025-10-18 05:00:00,0.2662,0.1268
2025-10-18 06:00:00,0.3014,0.1073
2025-10-18 07:00:00,0.2668,0.1096
2025-10-18 08:00:00,0.2222,0.0681
2025-10-18 09:00:00,0.2075,0.0997
2025-10-18 10:00:00,0.2109,0.1147
2025-10-18 11:00:00,0.2076,0.098
2025-10-18 12:00:00,0.1859,0.1254
2025-10-18 13:00:00,0.1733,0.1221
2025-10-18 14:00:00,0.2214,0.1486
2025-10-18 15:00:00,0.1939,0.1401
2025-10-18 16:00:00,0.2049,0.147
2025-10-18 17:00:00,0.2282,0.1553
2025-10-18 18:00:00,0.224,0.1517
2025-10-18 19:00:00,0.2345,0.1431
2025-10-18 20:00:00,0.2232,0.1736
2025-10-18 21:00:00,0.2619,0.1588
2025-10-18 22:00:00,0.2792,0.1465
2025-10-18 23:00:00,0.2834,0.1562
2025-10-19 00:00:00,0.2968,0.1546
2025-10-19 01:00:00,0.3584,0.1423
2025-10-19 02:00:00,0.3378,0.1428
2025-10-19 03:00:00,0.2825,0.1157
2025-10-19 04:00:00,0.2769,0.1085
2025-10-19 05:00:00,0.2739,0.1272
2025-10-19 06:00:00,0.2992,0.1157
2025-10-19 07:00:00,0.2249,0.1104
2025-10-19 08:00:00,0.2322,0.0929
2025-10-19 09:00:00,0.2215,0.1011
2025-10-19 10:00:00,0.2023,0.091
2025-10-19 11:00:00,0.2129,0.1133
2025-10-19 12:00:00,0.2044,0.1071
2025-10-19 13:00:00,0.1784,0.1213
2025-10-19 14:00:00,0.176,0.1451
2025-10-19 15:00:00,0.1779,0.1482
2025-10-19 16:00:00,0.183,0.1195
2025-10-19 17:00:00,0.2263,0.1652
2025-10-19 18:00:00,0.2022,0.1722
2025-10-19 19:00:00,0.2395,0.1654
2025-10-19 20:00:00,0.2257,0.1703
2025-10-19 21:00:00,0.2682,0.1527
2025-10-19 22:00:00,0.2562,0.1663
2025-10-19 23:00:00,0.2668,0.1605
2025-10-20 00:00:00,0.2814,0.1361
2025-10-20 01:00:00,0.2847,0.1281
2025-10-20 02:00:00,0.3066,0.1041
2025-10-20 03:00:00,0.285,0.1216
2025-10-20 04:00:00,0.3018,0.105
2025-10-20 05:00:00,0.2605,0.1077
2025-10-20 06:00:00,0.3273,0.0832
2025-10-20 07:00:00,0.2304,0.0938
2025-10-20 08:00:00,0.2512,0.0896
2025-10-20 09:00:00,0.2374,0.0887
2025-10-20 10:00:00,0.193,0.1032
2025-10-20 11:00:00,0.1844,0.1064
2025-10-20 12:00:00,0.172,0.1048
2025-10-20 13:00:00,0.1826,0.1429
2025-10-20 14:00:00,0.1858,0.1105
2025-10-20 15:00:00,0.2096,0.1328
2025-10-20 16:00:00,0.1679,0.1374
2025-10-20 17:00:00,0.1984,0.1352
2025-10-20 18:00:00,0.2209,0.1628
2025-10-20 19:00:00,0.2509,0.1607
2025-10-20 20:00:00,0.2715,0.1571
2025-10-20 21:00:00,0.246,0.1617
2025-10-20 22:00:00,0.2596,0.1591
2025-10-20 23:00:00,0.2981,0.1565
2025-10-21 00:00:00,0.2896,0.1425
2025-10-21 01:00:00,0.2957,0.1417
2025-10-21 02:00:00,0.2906,0.1305
2025-10-21 03:00:00,0.2873,0.122
2025-10-21 04:00:00,0.3391,0.0953
2025-10-21 05:00:00,0.2766,0.115
2025-10-21 06:00:00,0.2814,0.0936
2025-10-21 07:00:00,0.2509,0.0973
2025-10-21 08:00:00,0.2418,0.0993
2025-10-21 09:00:00,0.2226,0.1173
2025-10-21 10:00:00,0.197,0.1114
2025-10-21 11:00:00,0.1996,0.1156
2025-10-21 12:00:00,0.1929,0.1176
2025-10-21 13:00:00,0.1633,0.1207
2025-10-21 14:00:00,0.1962,0.1162
2025-10-21 15:00:00,0.2057,0.1371
2025-10-21 16:00:00,0.19,0.1471
2025-10-21 17:00:00,0.1911,0.1577
2025-10-21 18:00:00,0.2345,0.1482
2025-10-21 19:00:00,0.2113,0.1499
2025-10-21 20:00:00,0.24,0.1446
2025-10-21 21:00:00,0.2441,0.1568
2025-10-21 22:00:00,0.2595,0.1699
2025-10-21 23:00:00,0.2838,0.1549
2025-10-22 00:00:00,0.2906,0.1331
2025-10-22 01:00:00,0.2713,0.1384
2025-10-22 02:00:00,0.3348,0.1339
2025-10-22 03:00:00,0.2806,0.1143
2025-10-22 04:00:00,0.2807,0.1266
2025-10-22 05:00:00,0.257,0.1007
2025-10-22 06:00:00,0.259,0.1079
2025-10-22 07:00:00,0.2511,0.0872
2025-10-22 08:00:00,0.2283,0.1011
2025-10-22 09:00:00,0.2343,0.0873
2025-10-22 10:00:00,0.2567,0.1049
2025-10-22 11:00:00,0.1996,0.1173
2025-10-22 12:00:00,0.186,0.1162
2025-10-22 13:00:00,0.1996,0.121
2025-10-22 14:00:00,0.1969,0.1358
2025-10-22 15:00:00,0.1833,0.1291
2025-10-22 16:00:00,0.1956,0.1679
2025-10-22 17:00:00,0.1734,0.1589
2025-10-22 18:00:00,0.1826,0.1506
2025-10-22 19:00:00,0.2356,0.1597
2025-10-22 20:00:00,0.2459,0.1608
2025-10-22 21:00:00,0.263,0.1465
2025-10-22 22:00:00,0.2591,0.1547
2025-10-22 23:00:00,0.2742,0.149
2025-10-23 00:00:00,0.2902,0.1451
2025-10-23 01:00:00,0.3225,0.1198
2025-10-23 02:00:00,0.3123,0.109
2025-10-23 03:00:00,0.3064,0.1228
2025-10-23 04:00:00,0.2932,0.1226
2025-10-23 05:00:00,0.3103,0.117
2025-10-23 06:00:00,0.2659,0.0973
2025-10-23 07:00:00,0.2529,0.1036
2025-10-23 08:00:00,0.2451,0.0956
2025-10-23 09:00:00,0.238,0.1156
2025-10-23 10:00:00,0.2256,0.1125
2025-10-23 11:00:00,0.2275,0.1086
2025-10-23 12:00:00,0.1743,0.1015
2025-10-23 13:00:00,0.1384,0.1302
2025-10-23 14:00:00,0.1636,0.1261
2025-10-23 15:00:00,0.1886,0.1354
2025-10-23 16:00:00,0.199,0.1405
2025-10-23 17:00:00,0.1988,0.1352
2025-10-23 18:00:00,0.2303,0.1633
2025-10-23 19:00:00,0.2243,0.1665
2025-10-23 20:00:00,0.2547,0.1538
2025-10-23 21:00:00,0.2645,0.1578
2025-10-23 22:00:00,0.2923,0.1694
2025-10-23 23:00:00,0.2491,0.1437
2025-10-24 00:00:00,0.3035,0.1406
2025-10-24 01:00:00,0.3097,0.1389
2025-10-24 02:00:00,0.2696,0.1306
2025-10-24 03:00:00,0.2856,0.1263
2025-10-24 04:00:00,0.2622,0.1274
2025-10-24 05:00:00,0.287,0.1234
2025-10-24 06:00:00,0.2072,0.1054
2025-10-24 07:00:00,0.2399,0.1237
2025-10-24 08:00:00,0.2315,0.0945
2025-10-24 09:00:00,0.2505,0.1077
2025-10-24 10:00:00,0.1788,0.091
2025-10-24 11:00:00,0.2039,0.1161
2025-10-24 12:00:00,0.1748,0.1239
2025-10-24 13:00:00,0.1891,0.1111
2025-10-24 14:00:00,0.1959,0.1329
2025-10-24 15:00:00,0.1748,0.1386
2025-10-24 16:00:00,0.1904,0.1406
2025-10-24 17:00:00,0.193,0.1521
2025-10-24 18:00:00,0.1827,0.15
2025-10-24 19:00:00,0.2079,0.1459
2025-10-24 20:00:00,0.1978,0.1569
2025-10-24 21:00:00,0.2478,0.1494
2025-10-24 22:00:00,0.2956,0.1555
2025-10-24 23:00:00,0.2501,0.1507
2025-10-25 00:00:00,0.2849,0.141
2025-10-25 01:00:00,0.2803,0.1312
2025-10-25 02:00:00,0.3028,0.1416
2025-10-25 03:00:00,0.3127,0.123
2025-10-25 04:00:00,0.3039,0.1279
2025-10-25 05:00:00,0.2942,0.1069
2025-10-25 06:00:00,0.2473,0.1172
2025-10-25 07:00:00,0.2587,0.0958
2025-10-25 08:00:00,0.2507,0.0977
2025-10-25 09:00:00,0.235,0.0941
2025-10-25 10:00:00,0.1902,0.1047
2025-10-25 11:00:00,0.1805,0.1042
2025-10-25 12:00:00,0.1517,0.1116
2025-10-25 13:00:00,0.1945,0.1228
2025-10-25 14:00:00,0.1686,0.1301
2025-10-25 15:00:00,0.1477,0.1573
2025-10-25 16:00:00,0.1875,0.1484
2025-10-25 17:00:00,0.1982,0.1475
2025-10-25 18:00:00,0.201,0.1771
2025-10-25 19:00:00,0.2636,0.1568
2025-10-25 20:00:00,0.2307,0.1593
2025-10-25 21:00:00,0.2138,0.1473
2025-10-25 22:00:00,0.2763,0.1405
2025-10-25 23:00:00,0.2836,0.1536
2025-10-26 00:00:00,0.2912,0.1648
2025-10-26 01:00:00,0.316,0.12
2025-10-26 02:00:00,0.3231,0.1276
2025-10-26 03:00:00,0.3091,0.1239
2025-10-26 04:00:00,0.2573,0.1144
2025-10-26 05:00:00,0.2746,0.1084
2025-10-26 06:00:00,0.2459,0.102
2025-10-26 07:00:00,0.2738,0.1035
2025-10-26 08:00:00,0.2186,0.1026
2025-10-26 09:00:00,0.1806,0.0904
2025-10-26 10:00:00,0.1981,0.0858
2025-10-26 11:00:00,0.1975,0.1125
2025-10-26 12:00:00,0.1523,0.1169
2025-10-26 13:00:00,0.1664,0.1329
2025-10-26 14:00:00,0.2017,0.129
2025-10-26 15:00:00,0.166,0.1591
2025-10-26 16:00:00,0.1779,0.1411
2025-10-26 17:00:00,0.1992,0.1412
2025-10-26 18:00:00,0.1922,0.1643
2025-10-26 19:00:00,0.213,0.1562
2025-10-26 20:00:00,0.2444,0.1571
2025-10-26 21:00:00,0.2668,0.1564
2025-10-26 22:00:00,0.2869,0.1632
2025-10-26 23:00:00,0.3102,0.155
2025-10-27 00:00:00,0.3286,0.1451
2025-10-27 01:00:00,0.2656,0.1479
2025-10-27 02:00:00,0.3118,0.1224
2025-10-27 03:00:00,0.2783,0.1144
2025-10-27 04:00:00,0.3185,0.1197
2025-10-27 05:00:00,0.2585,0.0966
2025-10-27 06:00:00,0.2691,0.0906
2025-10-27 07:00:00,0.2426,0.0912
2025-10-27 08:00:00,0.2716,0.0914
2025-10-27 09:00:00,0.2172,0.09
2025-10-27 10:00:00,0.2104,0.0975
2025-10-27 11:00:00,0.2207,0.1187
2025-10-27 12:00:00,0.2218,0.1227
2025-10-27 13:00:00,0.1701,0.1253
2025-10-27 14:00:00,0.1547,0.1182
2025-10-27 15:00:00,0.1507,0.1188
2025-10-27 16:00:00,0.2047,0.1527
2025-10-27 17:00:00,0.2172,0.1433
2025-10-27 18:00:00,0.2049,0.1746
2025-10-27 19:00:00,0.2008,0.1651
2025-10-27 20:00:00,0.221,0.1599
2025-10-27 21:00:00,0.2244,0.1544
2025-10-27 22:00:00,0.2717,0.1528
2025-10-27 23:00:00,0.2739,0.1471
2025-10-28 00:00:00,0.2907,0.1398
2025-10-28 01:00:00,0.2669,0.1542
2025-10-28 02:00:00,0.2942,0.129
2025-10-28 03:00:00,0.2428,0.1117
2025-10-28 04:00:00,0.3216,0.1322
2025-10-28 05:00:00,0.3028,0.0997
2025-10-28 06:00:00,0.2596,0.0937
2025-10-28 07:00:00,0.2648,0.0679
2025-10-28 08:00:00,0.2203,0.1123
2025-10-28 09:00:00,0.2066,0.1063
2025-10-28 10:00:00,0.2038,0.085
2025-10-28 11:00:00,0.1996,0.1045
2025-10-28 12:00:00,0.2058,0.1186
2025-10-28 13:00:00,0.1853,0.1169
2025-10-28 14:00:00,0.1751,0.1112
2025-10-28 15:00:00,0.2214,0.1344
2025-10-28 16:00:00,0.217,0.1457
2025-10-28 17:00:00,0.1964,0.1383
2025-10-28 18:00:00,0.2082,0.1431
2025-10-28 19:00:00,0.2266,0.163
2025-10-28 20:00:00,0.2799,0.1678
2025-10-28 21:00:00,0.2681,0.1569
2025-10-28 22:00:00,0.279,0.1612
2025-10-28 23:00:00,0.2916,0.1487
2025-10-29 00:00:00,0.3282,0.1552
2025-10-29 01:00:00,0.2895,0.1396
2025-10-29 02:00:00,0.2903,0.134
2025-10-29 03:00:00,0.3154,0.1129
2025-10-29 04:00:00,0.3152,0.1199
2025-10-29 05:00:00,0.2796,0.1038
2025-10-29 06:00:00,0.247,0.1043
2025-10-29 07:00:00,0.2563,0.0929
2025-10-29 08:00:00,0.2598,0.1129
2025-10-29 09:00:00,0.2197,0.1051
2025-10-29 10:00:00,0.1889,0.1086
2025-10-29 11:00:00,0.178,0.1128
2025-10-29 12:00:00,0.1975,0.1015
2025-10-29 13:00:00,0.1579,0.1191
2025-10-29 14:00:00,0.1643,0.1273
2025-10-29 15:00:00,0.1515,0.1389
2025-10-29 16:00:00,0.2169,0.1392
2025-10-29 17:00:00,0.1732,0.1523
2025-10-29 18:00:00,0.2103,0.1403
2025-10-29 19:00:00,0.1988,0.156
2025-10-29 20:00:00,0.2578,0.161
2025-10-29 21:00:00,0.2715,0.153
2025-10-29 22:00:00,0.2661,0.1571
2025-10-29 23:00:00,0.3348,0.1496
2025-10-30 00:00:00,0.2715,0.1457
2025-10-30 01:00:00,0.3338,0.1407
2025-10-30 02:00:00,0.3177,0.1083
2025-10-30 03:00:00,0.291,0.1501
2025-10-30 04:00:00,0.2956,0.1245
2025-10-30 05:00:00,0.2604,0.1129
2025-10-30 06:00:00,0.2737,0.0896
2025-10-30 07:00:00,0.2627,0.095
2025-10-30 08:00:00,0.2266,0.0655
2025-10-30 09:00:00,0.249,0.0952
2025-10-30 10:00:00,0.1931,0.0929
2025-10-30 11:00:00,0.2123,0.098
2025-10-30 12:00:00,0.1913,0.118
2025-10-30 13:00:00,0.1925,0.1043
2025-10-30 14:00:00,0.1704,0.1299
2025-10-30 15:00:00,0.1907,0.1138
2025-10-30 16:00:00,0.1811,0.1394
2025-10-30 17:00:00,0.1714,0.1578
2025-10-30 18:00:00,0.2393,0.1424
2025-10-30 19:00:00,0.2437,0.1484
2025-10-30 20:00:00,0.2428,0.1695
2025-10-30 21:00:00,0.2285,0.1586
2025-10-30 22:00:00,0.2584,0.1664
2025-10-30 23:00:00,0.2974,0.1442
2025-10-31 00:00:00,0.2678,0.1511
2025-10-31 01:00:00,0.3046,0.1367
2025-10-31 02:00:00,0.3003,0.118
2025-10-31 03:00:00,0.3165,0.1036
2025-10-31 04:00:00,0.2898,0.0936
2025-10-31 05:00:00,0.2776,0.1091
2025-10-31 06:00:00,0.3074,0.0971
2025-10-31 07:00:00,0.2343,0.0996
2025-10-31 08:00:00,0.2509,0.0948
2025-10-31 09:00:00,0.1724,0.0954
2025-10-31 10:00:00,0.2282,0.1034
2025-10-31 11:00:00,0.2069,0.1074
2025-10-31 12:00:00,0.1813,0.1221
2025-10-31 13:00:00,0.198,0.1104
2025-10-31 14:00:00,0.1906,0.1248
2025-10-31 15:00:00,0.2043,0.1483
2025-10-31 16:00:00,0.1908,0.1398
2025-10-31 17:00:00,0.2082,0.1504
2025-10-31 18:00:00,0.2224,0.1546
2025-10-31 19:00:00,0.2332,0.1779
2025-10-31 20:00:00,0.229,0.1542
2025-10-31 21:00:00,0.2544,0.1606
2025-10-31 22:00:00,0.2398,0.1556
2025-10-31 23:00:00,0.3148,0.1558
2025-11-01 00:00:00,0.2773,0.1521
2025-11-01 01:00:00,0.3225,0.123
2025-11-01 02:00:00,0.2737,0.1372
2025-11-01 03:00:00,0.2848,0.1195
2025-11-01 04:00:00,0.246,0.1233
2025-11-01 05:00:00,0.2675,0.0957
2025-11-01 06:00:00,0.2416,0.1094
2025-11-01 07:00:00,0.2318,0.1007
2025-11-01 08:00:00,0.2678,0.096
2025-11-01 09:00:00,0.2043,0.1121
2025-11-01 10:00:00,0.2275,0.1028
2025-11-01 11:00:00,0.2274,0.1093
2025-11-01 12:00:00,0.1842,0.0956
2025-11-01 13:00:00,0.1832,0.1338
2025-11-01 14:00:00,0.221,0.1384
2025-11-01 15:00:00,0.1877,0.1367
2025-11-01 16:00:00,0.1771,0.1316
2025-11-01 17:00:00,0.2041,0.1586
2025-11-01 18:00:00,0.2466,0.1606
2025-11-01 19:00:00,0.2281,0.1609
2025-11-01 20:00:00,0.2388,0.14
2025-11-01 21:00:00,0.2393,0.1556
2025-11-01 22:00:00,0.265,0.153
2025-11-01 23:00:00,0.2999,0.1524
2025-11-02 00:00:00,0.2709,0.1675
2025-11-02 01:00:00,0.2968,0.1336
2025-11-02 02:00:00,0.3164,0.1175
2025-11-02 03:00:00,0.2834,0.132
2025-11-02 04:00:00,0.2913,0.1183
2025-11-02 05:00:00,0.2856,0.0985
2025-11-02 06:00:00,0.277,0.11
2025-11-02 07:00:00,0.2692,0.1152
2025-11-02 08:00:00,0.2569,0.1084
2025-11-02 09:00:00,0.2606,0.0965
2025-11-02 10:00:00,0.1935,0.0849
2025-11-02 11:00:00,0.2145,0.1163
2025-11-02 12:00:00,0.1828,0.1135
2025-11-02 13:00:00,0.1984,0.1238
2025-11-02 14:00:00,0.2024,0.147
2025-11-02 15:00:00,0.1475,0.1594
2025-11-02 16:00:00,0.2057,0.1366
2025-11-02 17:00:00,0.1597,0.1562
2025-11-02 18:00:00,0.2076,0.1537
2025-11-02 19:00:00,0.2553,0.15
2025-11-02 20:00:00,0.2489,0.1663
2025-11-02 21:00:00,0.2761,0.1557
2025-11-02 22:00:00,0.2508,0.1607
2025-11-02 23:00:00,0.2742,0.1451
2025-11-03 00:00:00,0.2788,0.1399
2025-11-03 01:00:00,0.2741,0.1326
2025-11-03 02:00:00,0.2667,0.1234
2025-11-03 03:00:00,0.2968,0.1118
2025-11-03 04:00:00,0.311,0.0936
2025-11-03 05:00:00,0.2988,0.0989
2025-11-03 06:00:00,0.224,0.1019
2025-11-03 07:00:00,0.2652,0.1027
2025-11-03 08:00:00,0.2446,0.0987
2025-11-03 09:00:00,0.2072,0.1172
2025-11-03 10:00:00,0.1736,0.1035
2025-11-03 11:00:00,0.1652,0.1121
2025-11-03 12:00:00,0.1675,0.1111
2025-11-03 13:00:00,0.1528,0.1181
2025-11-03 14:00:00,0.18,0.115
2025-11-03 15:00:00,0.2057,0.153
2025-11-03 16:00:00,0.1589,0.1438
2025-11-03 17:00:00,0.2005,0.1541
2025-11-03 18:00:00,0.2213,0.1662
2025-11-03 19:00:00,0.2448,0.1454
2025-11-03 20:00:00,0.2129,0.1538
2025-11-03 21:00:00,0.2511,0.1683
2025-11-03 22:00:00,0.2508,0.1694
2025-11-03 23:00:00,0.3239,0.1552
2025-11-04 00:00:00,0.2665,0.1388
2025-11-04 01:00:00,0.2888,0.1458
2025-11-04 02:00:00,0.3177,0.1259
2025-11-04 03:00:00,0.2645,0.1269
2025-11-04 04:00:00,0.3173,0.1117
2025-11-04 05:00:00,0.3216,0.1119
2025-11-04 06:00:00,0.2769,0.0973
2025-11-04 07:00:00,0.2385,0.0877
2025-11-04 08:00:00,0.2402,0.1017
2025-11-04 09:00:00,0.2336,0.1192
2025-11-04 10:00:00,0.2559,0.0971
2025-11-04 11:00:00,0.1999,0.1238
2025-11-04 12:00:00,0.1955,0.1116
2025-11-04 13:00:00,0.1557,0.1359
2025-11-04 14:00:00,0.2005,0.1284
2025-11-04 15:00:00,0.1699,0.1365
2025-11-04 16:00:00,0.168,0.1453
2025-11-04 17:00:00,0.2103,0.1353
2025-11-04 18:00:00,0.1762,0.1469
2025-11-04 19:00:00,0.2402,0.1666
2025-11-04 20:00:00,0.2557,0.1719
2025-11-04 21:00:00,0.2388,0.1473
2025-11-04 22:00:00,0.2862,0.1364
2025-11-04 23:00:00,0.26,0.1648
2025-11-05 00:00:00,0.2836,0.1474
2025-11-05 01:00:00,0.3091,0.1306
2025-11-05 02:00:00,0.2818,0.1282
2025-11-05 03:00:00,0.3513,0.1259
2025-11-05 04:00:00,0.3002,0.1245
2025-11-05 05:00:00,0.2757,0.1124
2025-11-05 06:00:00,0.266,0.0916
2025-11-05 07:00:00,0.251,0.1107
2025-11-05 08:00:00,0.2604,0.092
2025-11-05 09:00:00,0.1963,0.1029
2025-11-05 10:00:00,0.1924,0.0996
2025-11-05 11:00:00,0.2126,0.1062
2025-11-05 12:00:00,0.1907,0.1253
2025-11-05 13:00:00,0.1989,0.134
2025-11-05 14:00:00,0.1855,0.1347
2025-11-05 15:00:00,0.1828,0.1522
2025-11-05 16:00:00,0.1886,0.1363
2025-11-05 17:00:00,0.1961,0.1433
2025-11-05 18:00:00,0.1996,0.1574
2025-11-05 19:00:00,0.2367,0.1606
2025-11-05 20:00:00,0.2387,0.1736
2025-11-05 21:00:00,0.2549,0.1569
2025-11-05 22:00:00,0.2725,0.16
2025-11-05 23:00:00,0.2602,0.1434
2025-11-06 00:00:00,0.2628,0.1473
2025-11-06 01:00:00,0.3151,0.1517
2025-11-06 02:00:00,0.299,0.139
2025-11-06 03:00:00,0.2881,0.1142
2025-11-06 04:00:00,0.3234,0.1183
2025-11-06 05:00:00,0.2479,0.1023
2025-11-06 06:00:00,0.2627,0.1175
2025-11-06 07:00:00,0.2912,0.1142
2025-11-06 08:00:00,0.2691,0.1174
2025-11-06 09:00:00,0.2176,0.1233
2025-11-06 10:00:00,0.2398,0.1056
2025-11-06 11:00:00,0.1761,0.0974
2025-11-06 12:00:00,0.1796,0.115
2025-11-06 13:00:00,0.1715,0.1161
2025-11-06 14:00:00,0.1613,0.1287
2025-11-06 15:00:00,0.186,0.1291
2025-11-06 16:00:00,0.1842,0.1759
2025-11-06 17:00:00,0.2224,0.152
2025-11-06 18:00:00,0.2296,0.1475
2025-11-06 19:00:00,0.2248,0.1668
2025-11-06 20:00:00,0.2456,0.1479
2025-11-06 21:00:00,0.2509,0.1704
2025-11-06 22:00:00,0.2506,0.1603
2025-11-06 23:00:00,0.2797,0.1561
2025-11-07 00:00:00,0.3059,0.1623
2025-11-07 01:00:00,0.3009,0.1444
2025-11-07 02:00:00,0.3165,0.1344
2025-11-07 03:00:00,0.3088,0.1325
2025-11-07 04:00:00,0.2632,0.1067
2025-11-07 05:00:00,0.2773,0.108
2025-11-07 06:00:00,0.2679,0.1101
2025-11-07 07:00:00,0.2621,0.0988
2025-11-07 08:00:00,0.2367,0.0959
2025-11-07 09:00:00,0.199,0.1011
2025-11-07 10:00:00,0.211,0.1109
2025-11-07 11:00:00,0.1849,0.1134
2025-11-07 12:00:00,0.1831,0.1144
2025-11-07 13:00:00,0.1741,0.1158
2025-11-07 14:00:00,0.1669,0.1351
2025-11-07 15:00:00,0.1793,0.1513
2025-11-07 16:00:00,0.2192,0.1414
2025-11-07 17:00:00,0.1742,0.1451
2025-11-07 18:00:00,0.1811,0.1329
2025-11-07 19:00:00,0.2206,0.1659
2025-11-07 20:00:00,0.2393,0.1668
2025-11-07 21:00:00,0.2588,0.1609
2025-11-07 22:00:00,0.2615,0.159
2025-11-07 23:00:00,0.2804,0.138
2025-11-08 00:00:00,0.3062,0.1317
2025-11-08 01:00:00,0.2773,0.1426
2025-11-08 02:00:00,0.2884,0.132
2025-11-08 03:00:00,0.3124,0.1364
2025-11-08 04:00:00,0.284,0.1114
2025-11-08 05:00:00,0.2745,0.1094
2025-11-08 06:00:00,0.2482,0.0984
2025-11-08 07:00:00,0.2641,0.0972
2025-11-08 08:00:00,0.2147,0.09
2025-11-08 09:00:00,0.2095,0.0969
2025-11-08 10:00:00,0.2322,0.0909
2025-11-08 11:00:00,0.2126,0.1052
2025-11-08 12:00:00,0.1926,0.1143
2025-11-08 13:00:00,0.1848,0.1308
2025-11-08 14:00:00,0.1849,0.118
2025-11-08 15:00:00,0.1579,0.1358
2025-11-08 16:00:00,0.1771,0.1517
2025-11-08 17:00:00,0.1981,0.1411
2025-11-08 18:00:00,0.1733,0.1555
2025-11-08 19:00:00,0.1959,0.1625
2025-11-08 20:00:00,0.2368,0.1594
2025-11-08 21:00:00,0.2699,0.1477
2025-11-08 22:00:00,0.2593,0.1573
2025-11-08 23:00:00,0.2428,0.1638
2025-11-09 00:00:00,0.2559,0.1404
2025-11-09 01:00:00,0.2761,0.1382
2025-11-09 02:00:00,0.3036,0.1215
2025-11-09 03:00:00,0.3124,0.0978
2025-11-09 04:00:00,0.2867,0.1188
2025-11-09 05:00:00,0.2356,0.0943
2025-11-09 06:00:00,0.2402,0.131
2025-11-09 07:00:00,0.2806,0.0929
2025-11-09 08:00:00,0.2185,0.1066
2025-11-09 09:00:00,0.2315,0.092
2025-11-09 10:00:00,0.1882,0.1065
2025-11-09 11:00:00,0.2102,0.1008
2025-11-09 12:00:00,0.1523,0.1085
2025-11-09 13:00:00,0.1742,0.1122
2025-11-09 14:00:00,0.148,0.1396
2025-11-09 15:00:00,0.1657,0.1463
2025-11-09 16:00:00,0.1766,0.133
2025-11-09 17:00:00,0.2067,0.164
2025-11-09 18:00:00,0.2481,0.1462
2025-11-09 19:00:00,0.241,0.1523
2025-11-09 20:00:00,0.2138,0.1463
2025-11-09 21:00:00,0.2261,0.1686
2025-11-09 22:00:00,0.2586,0.1486
2025-11-09 23:00:00,0.2611,0.1368
2025-11-10 00:00:00,0.3153,0.1275
2025-11-10 01:00:00,0.3078,0.1433
2025-11-10 02:00:00,0.3121,0.1433
2025-11-10 03:00:00,0.3016,0.1193
2025-11-10 04:00:00,0.2898,0.1034
2025-11-10 05:00:00,0.3042,0.1279
2025-11-10 06:00:00,0.25,0.0773
2025-11-10 07:00:00,0.2949,0.0922
2025-11-10 08:00:00,0.2247,0.0953
2025-11-10 09:00:00,0.2329,0.0832
2025-11-10 10:00:00,0.1888,0.1153
2025-11-10 11:00:00,0.2005,0.0932
2025-11-10 12:00:00,0.2185,0.1258
2025-11-10 13:00:00,0.1919,0.1245
2025-11-10 14:00:00,0.1642,0.1196
2025-11-10 15:00:00,0.2056,0.134
2025-11-10 16:00:00,0.1876,0.136
2025-11-10 17:00:00,0.2341,0.1625
2025-11-10 18:00:00,0.2047,0.1613
2025-11-10 19:00:00,0.2176,0.1608
2025-11-10 20:00:00,0.2074,0.1694
2025-11-10 21:00:00,0.2068,0.151
2025-11-10 22:00:00,0.2698,0.1606
2025-11-10 23:00:00,0.2844,0.1487
2025-11-11 00:00:00,0.3167,0.1248
2025-11-11 01:00:00,0.2683,0.1304
2025-11-11 02:00:00,0.2836,0.1378
2025-11-11 03:00:00,0.307,0.1113
2025-11-11 04:00:00,0.2991,0.11
2025-11-11 05:00:00,0.2762,0.1167
2025-11-11 06:00:00,0.2625,0.1048
2025-11-11 07:00:00,0.2793,0.0989
2025-11-11 08:00:00,0.2461,0.095
2025-11-11 09:00:00,0.2344,0.1128
2025-11-11 10:00:00,0.2258,0.127
2025-11-11 11:00:00,0.176,0.1094
2025-11-11 12:00:00,0.1702,0.1106
2025-11-11 13:00:00,0.1674,0.1216
2025-11-11 14:00:00,0.1918,0.13
2025-11-11 15:00:00,0.1761,0.1383
2025-11-11 16:00:00,0.1775,0.1502
2025-11-11 17:00:00,0.1783,0.1304
2025-11-11 18:00:00,0.2062,0.1369
2025-11-11 19:00:00,0.2434,0.1631
2025-11-11 20:00:00,0.2586,0.1578
2025-11-11 21:00:00,0.2774,0.1875
2025-11-11 22:00:00,0.2458,0.1649
2025-11-11 23:00:00,0.3057,0.1599
2025-11-12 00:00:00,0.3182,0.1452
2025-11-12 01:00:00,0.2378,0.1373
2025-11-12 02:00:00,0.3215,0.1107
2025-11-12 03:00:00,0.2936,0.1209
2025-11-12 04:00:00,0.2933,0.1173
2025-11-12 05:00:00,0.2914,0.1148
2025-11-12 06:00:00,0.2526,0.0981
2025-11-12 07:00:00,0.26,0.0918
2025-11-12 08:00:00,0.2384,0.0901
2025-11-12 09:00:00,0.2253,0.101
2025-11-12 10:00:00,0.2148,0.1234
2025-11-12 11:00:00,0.2495,0.0998
2025-11-12 12:00:00,0.1481,0.112
2025-11-12 13:00:00,0.1755,0.1074
2025-11-12 14:00:00,0.197,0.1361
2025-11-12 15:00:00,0.1781,0.1436
2025-11-12 16:00:00,0.2197,0.134
2025-11-12 17:00:00,0.2467,0.1746
2025-11-12 18:00:00,0.1878,0.1645
2025-11-12 19:00:00,0.2142,0.1654
2025-11-12 20:00:00,0.2342,0.1527
2025-11-12 21:00:00,0.2778,0.1554
2025-11-12 22:00:00,0.2728,0.1589
2025-11-12 23:00:00,0.3038,0.1503
2025-11-13 00:00:00,0.3029,0.1543
2025-11-13 01:00:00,0.2866,0.1374
2025-11-13 02:00:00,0.2997,0.1272
2025-11-13 03:00:00,0.3065,0.1336
2025-11-13 04:00:00,0.2813,0.1051
2025-11-13 05:00:00,0.3245,0.1044
2025-11-13 06:00:00,0.2497,0.1019
2025-11-13 07:00:00,0.2708,0.1155
2025-11-13 08:00:00,0.2374,0.0769
2025-11-13 09:00:00,0.2308,0.1013
2025-11-13 10:00:00,0.2561,0.1081
2025-11-13 11:00:00,0.2064,0.1147
2025-11-13 12:00:00,0.2012,0.1229
2025-11-13 13:00:00,0.1893,0.1113
2025-11-13 14:00:00,0.1314,0.1319
2025-11-13 15:00:00,0.1918,0.1353
2025-11-13 16:00:00,0.2133,0.1535
2025-11-13 17:00:00,0.21,0.1659
2025-11-13 18:00:00,0.1929,0.1521
2025-11-13 19:00:00,0.2222,0.1604
2025-11-13 20:00:00,0.215,0.1599
2025-11-13 21:00:00,0.2623,0.1526
2025-11-13 22:00:00,0.2717,0.1414
2025-11-13 23:00:00,0.2981,0.1603
2025-11-14 00:00:00,0.3307,0.1222
2025-11-14 01:00:00,0.2758,0.1163
2025-11-14 02:00:00,0.2951,0.1189
2025-11-14 03:00:00,0.2714,0.1173
2025-11-14 04:00:00,0.2917,0.1188
2025-11-14 05:00:00,0.2926,0.1147
2025-11-14 06:00:00,0.2654,0.1197
2025-11-14 07:00:00,0.2665,0.1023
2025-11-14 08:00:00,0.2412,0.0964
2025-11-14 09:00:00,0.1902,0.0907
2025-11-14 10:00:00,0.236,0.0923
2025-11-14 11:00:00,0.1957,0.0904
2025-11-14 12:00:00,0.151,0.1103
2025-11-14 13:00:00,0.1729,0.1348
2025-11-14 14:00:00,0.1878,0.1224
2025-11-14 15:00:00,0.1955,0.1417
2025-11-14 16:00:00,0.1997,0.1648
2025-11-14 17:00:00,0.2121,0.1528
2025-11-14 18:00:00,0.2255,0.1523
2025-11-14 19:00:00,0.2547,0.1632
2025-11-14 20:00:00,0.206,0.1603
2025-11-14 21:00:00,0.3069,0.1452
2025-11-14 22:00:00,0.2795,0.1556
2025-11-14 23:00:00,0.3109,0.1535
2025-11-15 00:00:00,0.2792,0.1456
2025-11-15 01:00:00,0.3072,0.1285
2025-11-15 02:00:00,0.2596,0.1329
2025-11-15 03:00:00,0.3286,0.1274
2025-11-15 04:00:00,0.2861,0.1264
2025-11-15 05:00:00,0.2719,0.1111
2025-11-15 06:00:00,0.2301,0.1116
2025-11-15 07:00:00,0.2494,0.1043
2025-11-15 08:00:00,0.2109,0.1058
2025-11-15 09:00:00,0.1944,0.0986
2025-11-15 10:00:00,0.213,0.1112
2025-11-15 11:00:00,0.1979,0.1112
2025-11-15 12:00:00,0.1637,0.1241
2025-11-15 13:00:00,0.1798,0.1358
2025-11-15 14:00:00,0.1682,0.1402
2025-11-15 15:00:00,0.1661,0.1398
2025-11-15 16:00:00,0.2091,0.144
2025-11-15 17:00:00,0.1716,0.1646
2025-11-15 18:00:00,0.2315,0.1777
2025-11-15 19:00:00,0.1964,0.1387
2025-11-15 20:00:00,0.2249,0.1525
2025-11-15 21:00:00,0.2717,0.1821
2025-11-15 22:00:00,0.2627,0.1591
2025-11-15 23:00:00,0.3019,0.1586
2025-11-16 00:00:00,0.2333,0.1473
2025-11-16 01:00:00,0.2701,0.1307
2025-11-16 02:00:00,0.2951,0.1347
2025-11-16 03:00:00,0.2973,0.1195
2025-11-16 04:00:00,0.3043,0.1092
2025-11-16 05:00:00,0.3025,0.1086
2025-11-16 06:00:00,0.2841,0.086
2025-11-16 07:00:00,0.2378,0.1049
2025-11-16 08:00:00,0.2551,0.0915
2025-11-16 09:00:00,0.215,0.0853
2025-11-16 10:00:00,0.1995,0.1164
2025-11-16 11:00:00,0.2184,0.0999
2025-11-16 12:00:00,0.2024,0.1202
2025-11-16 13:00:00,0.1524,0.1486
2025-11-16 14:00:00,0.1661,0.1177
2025-11-16 15:00:00,0.2196,0.1279
2025-11-16 16:00:00,0.1947,0.1425
2025-11-16 17:00:00,0.2188,0.1669
2025-11-16 18:00:00,0.2196,0.1567
2025-11-16 19:00:00,0.2004,0.1616
2025-11-16 20:00:00,0.2515,0.1602
2025-11-16 21:00:00,0.2644,0.1491
2025-11-16 22:00:00,0.2804,0.1611
2025-11-16 23:00:00,0.2809,0.1397
2025-11-17 00:00:00,0.3055,0.1322
2025-11-17 01:00:00,0.3467,0.1429
2025-11-17 02:00:00,0.2803,0.1228
2025-11-17 03:00:00,0.2937,0.1164
2025-11-17 04:00:00,0.3148,0.1287
2025-11-17 05:00:00,0.2677,0.1127
2025-11-17 06:00:00,0.2492,0.0902
2025-11-17 07:00:00,0.2193,0.0942
2025-11-17 08:00:00,0.224,0.102
2025-11-17 09:00:00,0.22,0.1001
2025-11-17 10:00:00,0.247,0.091
2025-11-17 11:00:00,0.2229,0.1111
2025-11-17 12:00:00,0.1977,0.123
2025-11-17 13:00:00,0.1867,0.1282
2025-11-17 14:00:00,0.1711,0.1432
2025-11-17 15:00:00,0.1889,0.1435
2025-11-17 16:00:00,0.1696,0.145
2025-11-17 17:00:00,0.1643,0.1587
2025-11-17 18:00:00,0.2186,0.1517
2025-11-17 19:00:00,0.2233,0.1522
2025-11-17 20:00:00,0.2689,0.1539
2025-11-17 21:00:00,0.2487,0.1557
2025-11-17 22:00:00,0.2642,0.1556
2025-11-17 23:00:00,0.2902,0.1498
2025-11-18 00:00:00,0.2834,0.1521
2025-11-18 01:00:00,0.3377,0.1381
2025-11-18 02:00:00,0.2981,0.1165
2025-11-18 03:00:00,0.272,0.1287
2025-11-18 04:00:00,0.296,0.099
2025-11-18 05:00:00,0.2716,0.1016
2025-11-18 06:00:00,0.3023,0.108
2025-11-18 07:00:00,0.2222,0.0913
2025-11-18 08:00:00,0.2249,0.0877
2025-11-18 09:00:00,0.2244,0.1096
2025-11-18 10:00:00,0.2126,0.1061
2025-11-18 11:00:00,0.1808,0.0965
2025-11-18 12:00:00,0.1921,0.0993
2025-11-18 13:00:00,0.1641,0.1197
2025-11-18 14:00:00,0.1771,0.1252
2025-11-18 15:00:00,0.1837,0.1235
2025-11-18 16:00:00,0.1919,0.1459
2025-11-18 17:00:00,0.1859,0.137
2025-11-18 18:00:00,0.2392,0.14
2025-11-18 19:00:00,0.269,0.1583
2025-11-18 20:00:00,0.2532,0.1628
2025-11-18 21:00:00,0.2684,0.173
2025-11-18 22:00:00,0.268,0.1488
2025-11-18 23:00:00,0.2411,0.1417
2025-11-19 00:00:00,0.3017,0.1374
2025-11-19 01:00:00,0.2717,0.1448
2025-11-19 02:00:00,0.2652,0.1275
2025-11-19 03:00:00,0.3347,0.1167
2025-11-19 04:00:00,0.2886,0.1213
2025-11-19 05:00:00,0.2934,0.1082
2025-11-19 06:00:00,0.261,0.0964
2025-11-19 07:00:00,0.2769,0.0867
2025-11-19 08:00:00,0.2639,0.0928
2025-11-19 09:00:00,0.2009,0.1015
2025-11-19 10:00:00,0.2555,0.0995
2025-11-19 11:00:00,0.182,0.1068
2025-11-19 12:00:00,0.1769,0.114
2025-11-19 13:00:00,0.1869,0.1134
2025-11-19 14:00:00,0.2038,0.1253
2025-11-19 15:00:00,0.165,0.142
2025-11-19 16:00:00,0.2009,0.1508
2025-11-19 17:00:00,0.1803,0.156
2025-11-19 18:00:00,0.1944,0.1505
2025-11-19 19:00:00,0.2215,0.174
2025-11-19 20:00:00,0.2472,0.1688
2025-11-19 21:00:00,0.2599,0.1624
2025-11-19 22:00:00,0.3129,0.1711
2025-11-19 23:00:00,0.2879,0.1515
2025-11-20 00:00:00,0.3215,0.1377
2025-11-20 01:00:00,0.2809,0.1332
2025-11-20 02:00:00,0.2767,0.1364
2025-11-20 03:00:00,0.3283,0.1099
2025-11-20 04:00:00,0.3111,0.1187
2025-11-20 05:00:00,0.3165,0.128
2025-11-20 06:00:00,0.2543,0.1141
2025-11-20 07:00:00,0.2397,0.1006
2025-11-20 08:00:00,0.2387,0.1089
2025-11-20 09:00:00,0.1958,0.0813
2025-11-20 10:00:00,0.2052,0.1021
2025-11-20 11:00:00,0.2181,0.1095
2025-11-20 12:00:00,0.2199,0.1213
2025-11-20 13:00:00,0.1837,0.1042
2025-11-20 14:00:00,0.194,0.1221
2025-11-20 15:00:00,0.2014,0.1547
2025-11-20 16:00:00,0.2121,0.1402
2025-11-20 17:00:00,0.1882,0.1499
2025-11-20 18:00:00,0.1754,0.1517
2025-11-20 19:00:00,0.222,0.1698
2025-11-20 20:00:00,0.2405,0.1616
2025-11-20 21:00:00,0.2589,0.1367
2025-11-20 22:00:00,0.2674,0.1385
2025-11-20 23:00:00,0.2583,0.1579
2025-11-21 00:00:00,0.3111,0.1515
2025-11-21 01:00:00,0.267,0.1273
2025-11-21 02:00:00,0.2906,0.1332
2025-11-21 03:00:00,0.3115,0.1296
2025-11-21 04:00:00,0.2669,0.1166
2025-11-21 05:00:00,0.2678,0.1059
2025-11-21 06:00:00,0.2588,0.1122
2025-11-21 07:00:00,0.2712,0.1088
2025-11-21 08:00:00,0.2144,0.089
2025-11-21 09:00:00,0.2284,0.0924
2025-11-21 10:00:00,0.2188,0.1015
2025-11-21 11:00:00,0.2036,0.0822
2025-11-21 12:00:00,0.1995,0.1288
2025-11-21 13:00:00,0.198,0.1219
2025-11-21 14:00:00,0.1805,0.1109
2025-11-21 15:00:00,0.2148,0.132
2025-11-21 16:00:00,0.186,0.1567
2025-11-21 17:00:00,0.1779,0.1667
2025-11-21 18:00:00,0.2164,0.1494
2025-11-21 19:00:00,0.181,0.1577
2025-11-21 20:00:00,0.2302,0.1635
2025-11-21 21:00:00,0.2406,0.1626
2025-11-21 22:00:00,0.2781,0.1418
2025-11-21 23:00:00,0.2898,0.1409
2025-11-22 00:00:00,0.2633,0.1533
2025-11-22 01:00:00,0.2964,0.1335
2025-11-22 02:00:00,0.3023,0.135
2025-11-22 03:00:00,0.3198,0.1155
2025-11-22 04:00:00,0.2702,0.1119
2025-11-22 05:00:00,0.2663,0.1078
2025-11-22 06:00:00,0.2428,0.1024
2025-11-22 07:00:00,0.267,0.0993
2025-11-22 08:00:00,0.2623,0.099
2025-11-22 09:00:00,0.2067,0.0959
2025-11-22 10:00:00,0.2251,0.1054
2025-11-22 11:00:00,0.1913,0.1199
2025-11-22 12:00:00,0.1999,0.1137
2025-11-22 13:00:00,0.1223,0.11
2025-11-22 14:00:00,0.196,0.1165
2025-11-22 15:00:00,0.1641,0.1327
2025-11-22 16:00:00,0.1674,0.151
2025-11-22 17:00:00,0.2071,0.1689
2025-11-22 18:00:00,0.2155,0.1612
2025-11-22 19:00:00,0.246,0.151
2025-11-22 20:00:00,0.2264,0.1767
2025-11-22 21:00:00,0.269,0.1578
2025-11-22 22:00:00,0.2771,0.1577
2025-11-22 23:00:00,0.293,0.1511
2025-11-23 00:00:00,0.3122,0.1327
2025-11-23 01:00:00,0.2985,0.1321
2025-11-23 02:00:00,0.2843,0.1312
2025-11-23 03:00:00,0.3054,0.1266
2025-11-23 04:00:00,0.2404,0.1208
2025-11-23 05:00:00,0.2747,0.1167
2025-11-23 06:00:00,0.3102,0.1123
2025-11-23 07:00:00,0.2916,0.094
2025-11-23 08:00:00,0.2488,0.1256
2025-11-23 09:00:00,0.2259,0.0834
2025-11-23 10:00:00,0.2069,0.0865
2025-11-23 11:00:00,0.1682,0.0991
2025-11-23 12:00:00,0.1712,0.116
2025-11-23 13:00:00,0.1992,0.1296
2025-11-23 14:00:00,0.1985,0.1139
2025-11-23 15:00:00,0.2026,0.1483
2025-11-23 16:00:00,0.1842,0.1358
2025-11-23 17:00:00,0.1867,0.1638
2025-11-23 18:00:00,0.1667,0.1528
2025-11-23 19:00:00,0.2133,0.1548
2025-11-23 20:00:00,0.2475,0.1538
2025-11-23 21:00:00,0.2675,0.1672
2025-11-23 22:00:00,0.2446,0.1568
2025-11-23 23:00:00,0.28,0.1543
2025-11-24 00:00:00,0.2985,0.1363
2025-11-24 01:00:00,0.3189,0.1534
2025-11-24 02:00:00,0.2872,0.1204
2025-11-24 03:00:00,0.3141,0.1252
2025-11-24 04:00:00,0.3093,0.1365
2025-11-24 05:00:00,0.242,0.109
2025-11-24 06:00:00,0.2581,0.1043
2025-11-24 07:00:00,0.2704,0.1085
2025-11-24 08:00:00,0.2463,0.084
2025-11-24 09:00:00,0.1868,0.0972
2025-11-24 10:00:00,0.221,0.1032
2025-11-24 11:00:00,0.2098,0.1051
2025-11-24 12:00:00,0.1992,0.1199
2025-11-24 13:00:00,0.1792,0.1274
2025-11-24 14:00:00,0.1838,0.1495
2025-11-24 15:00:00,0.1596,0.1458
2025-11-24 16:00:00,0.1814,0.1366
2025-11-24 17:00:00,0.187,0.1528
2025-11-24 18:00:00,0.1952,0.1603
2025-11-24 19:00:00,0.2433,0.1488
2025-11-24 20:00:00,0.2541,0.1631
2025-11-24 21:00:00,0.2529,0.1551
2025-11-24 22:00:00,0.2867,0.1629
2025-11-24 23:00:00,0.2692,0.1513
2025-11-25 00:00:00,0.3002,0.1508
2025-11-25 01:00:00,0.2929,0.1372
2025-11-25 02:00:00,0.2999,0.1281
2025-11-25 03:00:00,0.2667,0.1118
2025-11-25 04:00:00,0.26,0.1125
2025-11-25 05:00:00,0.2614,0.1162
2025-11-25 06:00:00,0.257,0.11
2025-11-25 07:00:00,0.2555,0.0914
2025-11-25 08:00:00,0.2347,0.1177
2025-11-25 09:00:00,0.1996,0.088
2025-11-25 10:00:00,0.2158,0.102
2025-11-25 11:00:00,0.17,0.1101
2025-11-25 12:00:00,0.2176,0.1002
2025-11-25 13:00:00,0.2048,0.1262
2025-11-25 14:00:00,0.1942,0.1174
2025-11-25 15:00:00,0.1693,0.1324
2025-11-25 16:00:00,0.2055,0.1452
2025-11-25 17:00:00,0.1911,0.1492
2025-11-25 18:00:00,0.2437,0.1419
2025-11-25 19:00:00,0.2298,0.1524
2025-11-25 20:00:00,0.2416,0.1683
2025-11-25 21:00:00,0.2843,0.1503
2025-11-25 22:00:00,0.2204,0.1689
2025-11-25 23:00:00,0.288,0.1676
2025-11-26 00:00:00,0.3166,0.1461
2025-11-26 01:00:00,0.2548,0.1368
2025-11-26 02:00:00,0.2822,0.1428
2025-11-26 03:00:00,0.2873,0.1159
2025-11-26 04:00:00,0.3252,0.1041
2025-11-26 05:00:00,0.2591,0.0958
2025-11-26 06:00:00,0.2342,0.1173
2025-11-26 07:00:00,0.2703,0.0974
2025-11-26 08:00:00,0.243,0.1069
2025-11-26 09:00:00,0.2353,0.0986
2025-11-26 10:00:00,0.1859,0.11
2025-11-26 11:00:00,0.2017,0.1139
2025-11-26 12:00:00,0.2082,0.1111
2025-11-26 13:00:00,0.2227,0.127
2025-11-26 14:00:00,0.1886,0.1219
2025-11-26 15:00:00,0.1861,0.1238
2025-11-26 16:00:00,0.2059,0.1532
2025-11-26 17:00:00,0.1634,0.1507
2025-11-26 18:00:00,0.2204,0.1526
2025-11-26 19:00:00,0.22,0.1556
2025-11-26 20:00:00,0.2153,0.1697
2025-11-26 21:00:00,0.2531,0.1552
2025-11-26 22:00:00,0.2749,0.1615
2025-11-26 23:00:00,0.2835,0.1513
2025-11-27 00:00:00,0.3072,0.1516
2025-11-27 01:00:00,0.3109,0.1378
2025-11-27 02:00:00,0.2584,0.1387
2025-11-27 03:00:00,0.2685,0.1236
2025-11-27 04:00:00,0.271,0.1161
2025-11-27 05:00:00,0.2774,0.0999
2025-11-27 06:00:00,0.2573,0.1074
2025-11-27 07:00:00,0.266,0.1105
2025-11-27 08:00:00,0.2402,0.0865
2025-11-27 09:00:00,0.1931,0.1067
2025-11-27 10:00:00,0.2146,0.1018
2025-11-27 11:00:00,0.1919,0.1059
2025-11-27 12:00:00,0.2048,0.1056
2025-11-27 13:00:00,0.1746,0.1225
2025-11-27 14:00:00,0.1658,0.1174
2025-11-27 15:00:00,0.1969,0.1317
2025-11-27 16:00:00,0.2224,0.1462
2025-11-27 17:00:00,0.1988,0.1448
2025-11-27 18:00:00,0.1958,0.1759
2025-11-27 19:00:00,0.2124,0.1549
2025-11-27 20:00:00,0.2349,0.1545
2025-11-27 21:00:00,0.284,0.1823
2025-11-27 22:00:00,0.2608,0.1589
2025-11-27 23:00:00,0.2896,0.164
2025-11-28 00:00:00,0.3058,0.1393
2025-11-28 01:00:00,0.2644,0.1508
2025-11-28 02:00:00,0.3065,0.1195
2025-11-28 03:00:00,0.3012,0.1439
2025-11-28 04:00:00,0.3153,0.1035
2025-11-28 05:00:00,0.2919,0.1184
2025-11-28 06:00:00,0.2342,0.1087
2025-11-28 07:00:00,0.2424,0.0919
2025-11-28 08:00:00,0.2446,0.0917
2025-11-28 09:00:00,0.2222,0.11
2025-11-28 10:00:00,0.2187,0.108
2025-11-28 11:00:00,0.1995,0.0998
2025-11-28 12:00:00,0.2056,0.1169
2025-11-28 13:00:00,0.1382,0.1166
2025-11-28 14:00:00,0.1855,0.1269
2025-11-28 15:00:00,0.2115,0.1452
2025-11-28 16:00:00,0.1895,0.1452
2025-11-28 17:00:00,0.1806,0.1608
2025-11-28 18:00:00,0.1895,0.1663
2025-11-28 19:00:00,0.2376,0.168
2025-11-28 20:00:00,0.2418,0.1645
2025-11-28 21:00:00,0.2552,0.1467
2025-11-28 22:00:00,0.2731,0.139
2025-11-28 23:00:00,0.2697,0.1572
2025-11-29 00:00:00,0.3141,0.1435
2025-11-29 01:00:00,0.2958,0.1551
2025-11-29 02:00:00,0.2913,0.127
2025-11-29 03:00:00,0.2659,0.1159
2025-11-29 04:00:00,0.3126,0.1008
2025-11-29 05:00:00,0.2659,0.1215
2025-11-29 06:00:00,0.2617,0.1057
2025-11-29 07:00:00,0.2405,0.1022
2025-11-29 08:00:00,0.2761,0.1089
2025-11-29 09:00:00,0.2323,0.106
2025-11-29 10:00:00,0.1977,0.1001
2025-11-29 11:00:00,0.1994,0.0975
2025-11-29 12:00:00,0.1823,0.1248
2025-11-29 13:00:00,0.1908,0.1169
2025-11-29 14:00:00,0.1897,0.1309
2025-11-29 15:00:00,0.1903,0.1504
2025-11-29 16:00:00,0.168,0.1413
2025-11-29 17:00:00,0.2014,0.155
2025-11-29 18:00:00,0.1771,0.157
2025-11-29 19:00:00,0.2551,0.1522
2025-11-29 20:00:00,0.223,0.1585
2025-11-29 21:00:00,0.2513,0.166
2025-11-29 22:00:00,0.2491,0.1354
2025-11-29 23:00:00,0.2472,0.1564
2025-11-30 00:00:00,0.2758,0.1494
2025-11-30 01:00:00,0.273,0.1255
2025-11-30 02:00:00,0.2975,0.1145
2025-11-30 03:00:00,0.2614,0.1331
2025-11-30 04:00:00,0.3052,0.1058
2025-11-30 05:00:00,0.2872,0.1177
2025-11-30 06:00:00,0.2998,0.1026
2025-11-30 07:00:00,0.2505,0.0909
2025-11-30 08:00:00,0.2264,0.1
2025-11-30 09:00:00,0.2313,0.0845
2025-11-30 10:00:00,0.1872,0.1118
2025-11-30 11:00:00,0.2011,0.104
2025-11-30 12:00:00,0.1829,0.1037
2025-11-30 13:00:00,0.1695,0.1395
2025-11-30 14:00:00,0.1672,0.1257
2025-11-30 15:00:00,0.1571,0.1222
2025-11-30 16:00:00,0.1818,0.1561
2025-11-30 17:00:00,0.2008,0.1414
2025-11-30 18:00:00,0.2036,0.1557
2025-11-30 19:00:00,0.2007,0.1608
2025-11-30 20:00:00,0.2227,0.1491
2025-11-30 21:00:00,0.2553,0.1615
2025-11-30 22:00:00,0.2656,0.1669
2025-11-30 23:00:00,0.2936,0.1579
2025-12-01 00:00:00,0.3101,0.1364
2025-12-01 01:00:00,0.3038,0.134
2025-12-01 02:00:00,0.3214,0.1423
2025-12-01 03:00:00,0.2923,0.1198
2025-12-01 04:00:00,0.2956,0.1004
2025-12-01 05:00:00,0.2547,0.1063
2025-12-01 06:00:00,0.262,0.1091
2025-12-01 07:00:00,0.2623,0.1135
2025-12-01 08:00:00,0.234,0.1063
2025-12-01 09:00:00,0.2411,0.1013
2025-12-01 10:00:00,0.1944,0.1083
2025-12-01 11:00:00,0.1998,0.1173
2025-12-01 12:00:00,0.1973,0.1018
2025-12-01 13:00:00,0.1881,0.1328
2025-12-01 14:00:00,0.2134,0.1279
2025-12-01 15:00:00,0.1576,0.1297
2025-12-01 16:00:00,0.175,0.139
2025-12-01 17:00:00,0.2237,0.1492
2025-12-01 18:00:00,0.1936,0.1489
2025-12-01 19:00:00,0.2151,0.1632
2025-12-01 20:00:00,0.219,0.1438
2025-12-01 21:00:00,0.2592,0.1572
2025-12-01 22:00:00,0.2246,0.1565
2025-12-01 23:00:00,0.3068,0.1435
2025-12-02 00:00:00,0.3043,0.1375
2025-12-02 01:00:00,0.3299,0.1358
2025-12-02 02:00:00,0.2811,0.1459
2025-12-02 03:00:00,0.2809,0.1134
2025-12-02 04:00:00,0.2911,0.1163
2025-12-02 05:00:00,0.2562,0.0922
2025-12-02 06:00:00,0.2312,0.1175
2025-12-02 07:00:00,0.2403,0.102
2025-12-02 08:00:00,0.2457,0.1042
2025-12-02 09:00:00,0.2141,0.1146
2025-12-02 10:00:00,0.2001,0.0921
2025-12-02 11:00:00,0.2252,0.1035
2025-12-02 12:00:00,0.2235,0.1188
2025-12-02 13:00:00,0.1592,0.1271
2025-12-02 14:00:00,0.1757,0.1464
2025-12-02 15:00:00,0.1727,0.131
2025-12-02 16:00:00,0.2179,0.1513
2025-12-02 17:00:00,0.2217,0.1575
2025-12-02 18:00:00,0.2237,0.1612
2025-12-02 19:00:00,0.2559,0.1596
2025-12-02 20:00:00,0.2515,0.1547
2025-12-02 21:00:00,0.2402,0.1529
2025-12-02 22:00:00,0.2452,0.1663
2025-12-02 23:00:00,0.3374,0.1512
2025-12-03 00:00:00,0.2929,0.1436
2025-12-03 01:00:00,0.2708,0.1565
2025-12-03 02:00:00,0.3419,0.1244
2025-12-03 03:00:00,0.3201,0.1144
2025-12-03 04:00:00,0.3181,0.1083
2025-12-03 05:00:00,0.3327,0.1184
2025-12-03 06:00:00,0.2602,0.1008
2025-12-03 07:00:00,0.2451,0.0979
2025-12-03 08:00:00,0.2235,0.0969
2025-12-03 09:00:00,0.2018,0.1102
2025-12-03 10:00:00,0.183,0.1094
2025-12-03 11:00:00,0.1834,0.1023
2025-12-03 12:00:00,0.1821,0.1213
2025-12-03 13:00:00,0.1807,0.1164
2025-12-03 14:00:00,0.1529,0.1293
2025-12-03 15:00:00,0.2074,0.1331
2025-12-03 16:00:00,0.2071,0.1382
2025-12-03 17:00:00,0.1924,0.1423
2025-12-03 18:00:00,0.1688,0.1388
2025-12-03 19:00:00,0.2088,0.1636
2025-12-03 20:00:00,0.2056,0.1487
2025-12-03 21:00:00,0.2439,0.145
2025-12-03 22:00:00,0.256,0.1671
2025-12-03 23:00:00,0.2658,0.1621
2025-12-04 00:00:00,0.2827,0.1479
2025-12-04 01:00:00,0.2862,0.1486
2025-12-04 02:00:00,0.317,0.142
2025-12-04 03:00:00,0.3038,0.132
2025-12-04 04:00:00,0.3124,0.1248
2025-12-04 05:00:00,0.2714,0.1097
2025-12-04 06:00:00,0.2819,0.1163
2025-12-04 07:00:00,0.2639,0.094
2025-12-04 08:00:00,0.2046,0.1103
2025-12-04 09:00:00,0.2244,0.1139
2025-12-04 10:00:00,0.2049,0.0922
2025-12-04 11:00:00,0.2246,0.0993
2025-12-04 12:00:00,0.1617,0.132
2025-12-04 13:00:00,0.1892,0.1175
2025-12-04 14:00:00,0.1537,0.1389
2025-12-04 15:00:00,0.192,0.1391
2025-12-04 16:00:00,0.1927,0.1245
2025-12-04 17:00:00,0.1954,0.1498
2025-12-04 18:00:00,0.2177,0.1552
2025-12-04 19:00:00,0.2222,0.1687
2025-12-04 20:00:00,0.2498,0.153
2025-12-04 21:00:00,0.2843,0.1645
2025-12-04 22:00:00,0.2767,0.1509
2025-12-04 23:00:00,0.2725,0.1214
2025-12-05 00:00:00,0.2658,0.1477
2025-12-05 01:00:00,0.2991,0.1396
2025-12-05 02:00:00,0.3212,0.1268
2025-12-05 03:00:00,0.3092,0.1224
2025-12-05 04:00:00,0.2451,0.1143
2025-12-05 05:00:00,0.2964,0.1332
2025-12-05 06:00:00,0.2849,0.1098
2025-12-05 07:00:00,0.2956,0.0938
2025-12-05 08:00:00,0.2365,0.1198
2025-12-05 09:00:00,0.2345,0.0907
2025-12-05 10:00:00,0.2203,0.1085
2025-12-05 11:00:00,0.2012,0.101
2025-12-05 12:00:00,0.1592,0.1283
2025-12-05 13:00:00,0.1982,0.1292
2025-12-05 14:00:00,0.1993,0.1267
2025-12-05 15:00:00,0.1849,0.1349
2025-12-05 16:00:00,0.2462,0.1571
2025-12-05 17:00:00,0.1585,0.1435
2025-12-05 18:00:00,0.229,0.163
2025-12-05 19:00:00,0.2214,0.1581
2025-12-05 20:00:00,0.2308,0.1644
2025-12-05 21:00:00,0.291,0.1508
2025-12-05 22:00:00,0.2342,0.1438
2025-12-05 23:00:00,0.2786,0.1491
2025-12-06 00:00:00,0.3082,0.1366
2025-12-06 01:00:00,0.3178,0.1347
2025-12-06 02:00:00,0.272,0.128
2025-12-06 03:00:00,0.2777,0.1196
2025-12-06 04:00:00,0.2964,0.1255
2025-12-06 05:00:00,0.2803,0.1181
2025-12-06 06:00:00,0.2678,0.1077
2025-12-06 07:00:00,0.2852,0.102
2025-12-06 08:00:00,0.2352,0.0858
2025-12-06 09:00:00,0.2314,0.1055
2025-12-06 10:00:00,0.2041,0.1175
2025-12-06 11:00:00,0.1688,0.1217
2025-12-06 12:00:00,0.2252,0.1162
2025-12-06 13:00:00,0.1979,0.1364
2025-12-06 14:00:00,0.1953,0.1344
2025-12-06 15:00:00,0.1667,0.1227
2025-12-06 16:00:00,0.2359,0.1587
2025-12-06 17:00:00,0.2094,0.1367
2025-12-06 18:00:00,0.2153,0.1358
2025-12-06 19:00:00,0.1823,0.1427
2025-12-06 20:00:00,0.2188,0.1624
2025-12-06 21:00:00,0.24,0.1531
2025-12-06 22:00:00,0.2891,0.1463
2025-12-06 23:00:00,0.2769,0.1467
2025-12-07 00:00:00,0.2943,0.1405
2025-12-07 01:00:00,0.302,0.1546
2025-12-07 02:00:00,0.329,0.1285
2025-12-07 03:00:00,0.3284,0.1295
2025-12-07 04:00:00,0.3094,0.1231
2025-12-07 05:00:00,0.3009,0.1282
2025-12-07 06:00:00,0.3193,0.107
2025-12-07 07:00:00,0.2479,0.1147
2025-12-07 08:00:00,0.2454,0.0946
2025-12-07 09:00:00,0.2373,0.11
2025-12-07 10:00:00,0.2104,0.108
2025-12-07 11:00:00,0.1652,0.1168
2025-12-07 12:00:00,0.1953,0.1099
2025-12-07 13:00:00,0.1642,0.1218
2025-12-07 14:00:00,0.176,0.1309
2025-12-07 15:00:00,0.1922,0.1423
2025-12-07 16:00:00,0.1998,0.1604
2025-12-07 17:00:00,0.1697,0.1464
2025-12-07 18:00:00,0.2087,0.1503
2025-12-07 19:00:00,0.2012,0.1522
2025-12-07 20:00:00,0.2323,0.1597
2025-12-07 21:00:00,0.2511,0.1539
2025-12-07 22:00:00,0.2607,0.1606
2025-12-07 23:00:00,0.2594,0.144
2025-12-08 00:00:00,0.3054,0.1472
2025-12-08 01:00:00,0.3115,0.124
2025-12-08 02:00:00,0.263,0.1306
2025-12-08 03:00:00,0.2859,0.119
2025-12-08 04:00:00,0.2922,0.11
2025-12-08 05:00:00,0.3096,0.1133
2025-12-08 06:00:00,0.2715,0.0955
2025-12-08 07:00:00,0.2514,0.0942
2025-12-08 08:00:00,0.2335,0.0925
2025-12-08 09:00:00,0.1993,0.104
2025-12-08 10:00:00,0.2243,0.1
2025-12-08 11:00:00,0.1947,0.1112
2025-12-08 12:00:00,0.1925,0.1143
2025-12-08 13:00:00,0.1668,0.1104
2025-12-08 14:00:00,0.1881,0.1277
2025-12-08 15:00:00,0.2034,0.1537
2025-12-08 16:00:00,0.2005,0.1566
2025-12-08 17:00:00,0.1678,0.1626
2025-12-08 18:00:00,0.1994,0.1786
2025-12-08 19:00:00,0.2141,0.1649
2025-12-08 20:00:00,0.2558,0.1427
2025-12-08 21:00:00,0.2652,0.1405
2025-12-08 22:00:00,0.2718,0.1618
2025-12-08 23:00:00,0.2961,0.1554
2025-12-09 00:00:00,0.3136,0.1413
2025-12-09 01:00:00,0.292,0.1418
2025-12-09 02:00:00,0.2935,0.1159
2025-12-09 03:00:00,0.2836,0.1206
2025-12-09 04:00:00,0.2722,0.1096
2025-12-09 05:00:00,0.2869,0.0914
2025-12-09 06:00:00,0.2968,0.1076
2025-12-09 07:00:00,0.2419,0.0852
2025-12-09 08:00:00,0.2594,0.0915
2025-12-09 09:00:00,0.2152,0.1178
2025-12-09 10:00:00,0.1752,0.1081
2025-12-09 11:00:00,0.1737,0.0985
2025-12-09 12:00:00,0.2072,0.1376
2025-12-09 13:00:00,0.185,0.1243
2025-12-09 14:00:00,0.1934,0.1384
2025-12-09 15:00:00,0.161,0.1489
2025-12-09 16:00:00,0.2026,0.1531
2025-12-09 17:00:00,0.2094,0.1488
2025-12-09 18:00:00,0.1993,0.1626
2025-12-09 19:00:00,0.2236,0.168
2025-12-09 20:00:00,0.2351,0.1431
2025-12-09 21:00:00,0.2527,0.1412
2025-12-09 22:00:00,0.2676,0.153
2025-12-09 23:00:00,0.2902,0.1373
2025-12-10 00:00:00,0.2703,0.1411
2025-12-10 01:00:00,0.3277,0.1458
2025-12-10 02:00:00,0.2811,0.1344
2025-12-10 03:00:00,0.3473,0.125
2025-12-10 04:00:00,0.2506,0.1028
2025-12-10 05:00:00,0.2648,0.0984
2025-12-10 06:00:00,0.2645,0.1051
2025-12-10 07:00:00,0.2713,0.1019
2025-12-10 08:00:00,0.2111,0.1191
2025-12-10 09:00:00,0.1954,0.0906
2025-12-10 10:00:00,0.1967,0.0982
2025-12-10 11:00:00,0.1778,0.1086
2025-12-10 12:00:00,0.1958,0.1034
2025-12-10 13:00:00,0.1774,0.1239
2025-12-10 14:00:00,0.1706,0.1165
2025-12-10 15:00:00,0.2004,0.1435
2025-12-10 16:00:00,0.1995,0.1593
2025-12-10 17:00:00,0.1941,0.1625
2025-12-10 18:00:00,0.2266,0.1457
2025-12-10 19:00:00,0.2037,0.1536
2025-12-10 20:00:00,0.2814,0.1396
2025-12-10 21:00:00,0.2465,0.1391
2025-12-10 22:00:00,0.3005,0.1631
2025-12-10 23:00:00,0.2828,0.1698
2025-12-11 00:00:00,0.2545,0.1451
2025-12-11 01:00:00,0.3192,0.1461
2025-12-11 02:00:00,0.3073,0.1362
2025-12-11 03:00:00,0.2955,0.1203
2025-12-11 04:00:00,0.2626,0.1198
2025-12-11 05:00:00,0.3092,0.1232
2025-12-11 06:00:00,0.2907,0.0871
2025-12-11 07:00:00,0.2661,0.1127
2025-12-11 08:00:00,0.1942,0.1083
2025-12-11 09:00:00,0.2319,0.0972
2025-12-11 10:00:00,0.2352,0.1105
2025-12-11 11:00:00,0.2074,0.1066
2025-12-11 12:00:00,0.1986,0.1198
2025-12-11 13:00:00,0.1767,0.1376
2025-12-11 14:00:00,0.1678,0.1279
2025-12-11 15:00:00,0.173,0.1375
2025-12-11 16:00:00,0.2098,0.1493
2025-12-11 17:00:00,0.2002,0.1703
2025-12-11 18:00:00,0.1902,0.1476
2025-12-11 19:00:00,0.2302,0.165
2025-12-11 20:00:00,0.2407,0.1548
2025-12-11 21:00:00,0.2754,0.165
2025-12-11 22:00:00,0.2702,0.1424
2025-12-11 23:00:00,0.2787,0.1369
2025-12-12 00:00:00,0.286,0.1579
2025-12-12 01:00:00,0.3058,0.1306
2025-12-12 02:00:00,0.2787,0.1273
2025-12-12 03:00:00,0.3004,0.1137
2025-12-12 04:00:00,0.2678,0.124
2025-12-12 05:00:00,0.2751,0.1123
2025-12-12 06:00:00,0.2527,0.1273
2025-12-12 07:00:00,0.2602,0.1011
2025-12-12 08:00:00,0.2466,0.1001
2025-12-12 09:00:00,0.2369,0.1055
2025-12-12 10:00:00,0.2029,0.1167
2025-12-12 11:00:00,0.2147,0.1129
2025-12-12 12:00:00,0.1812,0.1051
2025-12-12 13:00:00,0.1708,0.1284
2025-12-12 14:00:00,0.1701,0.1145
2025-12-12 15:00:00,0.1931,0.1375
2025-12-12 16:00:00,0.2055,0.1543
2025-12-12 17:00:00,0.2305,0.1619
2025-12-12 18:00:00,0.2455,0.156
2025-12-12 19:00:00,0.2671,0.1657
2025-12-12 20:00:00,0.251,0.1553
2025-12-12 21:00:00,0.2724,0.1541
2025-12-12 22:00:00,0.2929,0.1493
2025-12-12 23:00:00,0.2843,0.1478
2025-12-13 00:00:00,0.2882,0.1493
2025-12-13 01:00:00,0.2755,0.1212
2025-12-13 02:00:00,0.3221,0.1375
2025-12-13 03:00:00,0.3299,0.1129
2025-12-13 04:00:00,0.2767,0.1163
2025-12-13 05:00:00,0.291,0.1075
2025-12-13 06:00:00,0.281,0.091
2025-12-13 07:00:00,0.2838,0.09
2025-12-13 08:00:00,0.2239,0.1011
2025-12-13 09:00:00,0.2126,0.1036
2025-12-13 10:00:00,0.2034,0.0923
2025-12-13 11:00:00,0.1909,0.0931
2025-12-13 12:00:00,0.1945,0.1315
2025-12-13 13:00:00,0.1742,0.1072
2025-12-13 14:00:00,0.1669,0.1281
2025-12-13 15:00:00,0.1812,0.1371
2025-12-13 16:00:00,0.1762,0.1455
2025-12-13 17:00:00,0.2356,0.1621
2025-12-13 18:00:00,0.2216,0.1554
2025-12-13 19:00:00,0.241,0.1561
2025-12-13 20:00:00,0.2291,0.1533
2025-12-13 21:00:00,0.264,0.1604
2025-12-13 22:00:00,0.2346,0.1627
2025-12-13 23:00:00,0.2735,0.1471
2025-12-14 00:00:00,0.2867,0.1465
2025-12-14 01:00:00,0.3026,0.1281
2025-12-14 02:00:00,0.2966,0.1309
2025-12-14 03:00:00,0.3038,0.1259
2025-12-14 04:00:00,0.2736,0.1201
2025-12-14 05:00:00,0.3164,0.122
2025-12-14 06:00:00,0.2952,0.1155
2025-12-14 07:00:00,0.2588,0.1063
2025-12-14 08:00:00,0.231,0.0977
2025-12-14 09:00:00,0.2327,0.0986
2025-12-14 10:00:00,0.2217,0.1057
2025-12-14 11:00:00,0.1924,0.1058
2025-12-14 12:00:00,0.1881,0.1064
2025-12-14 13:00:00,0.1928,0.1136
2025-12-14 14:00:00,0.1814,0.1544
2025-12-14 15:00:00,0.1683,0.1514
2025-12-14 16:00:00,0.2002,0.135
2025-12-14 17:00:00,0.1905,0.1423
2025-12-14 18:00:00,0.1914,0.1589
2025-12-14 19:00:00,0.2359,0.1815
2025-12-14 20:00:00,0.2329,0.1473
2025-12-14 21:00:00,0.2856,0.1636
2025-12-14 22:00:00,0.2975,0.1525
2025-12-14 23:00:00,0.293,0.1701
2025-12-15 00:00:00,0.2732,0.1311
2025-12-15 01:00:00,0.279,0.1439
2025-12-15 02:00:00,0.2798,0.1292
2025-12-15 03:00:00,0.3027,0.12
2025-12-15 04:00:00,0.2766,0.1174
2025-12-15 05:00:00,0.2512,0.117
2025-12-15 06:00:00,0.2663,0.1054
2025-12-15 07:00:00,0.22,0.1141
2025-12-15 08:00:00,0.2131,0.11
2025-12-15 09:00:00,0.2444,0.1075
2025-12-15 10:00:00,0.1947,0.1218
2025-12-15 11:00:00,0.194,0.087
2025-12-15 12:00:00,0.1799,0.112
2025-12-15 13:00:00,0.2112,0.1243
2025-12-15 14:00:00,0.1557,0.1296
2025-12-15 15:00:00,0.1723,0.1429
2025-12-15 16:00:00,0.1884,0.145
2025-12-15 17:00:00,0.1896,0.1543
2025-12-15 18:00:00,0.1797,0.1541
2025-12-15 19:00:00,0.2581,0.1708
2025-12-15 20:00:00,0.2697,0.155
2025-12-15 21:00:00,0.2745,0.1629
2025-12-15 22:00:00,0.2786,0.156
2025-12-15 23:00:00,0.2852,0.1553
2025-12-16 00:00:00,0.295,0.1438
2025-12-16 01:00:00,0.2901,0.1288
2025-12-16 02:00:00,0.3043,0.1369
2025-12-16 03:00:00,0.2932,0.1295
2025-12-16 04:00:00,0.3193,0.1073
2025-12-16 05:00:00,0.253,0.1067
2025-12-16 06:00:00,0.289,0.0916
2025-12-16 07:00:00,0.2665,0.0882
2025-12-16 08:00:00,0.251,0.0959
2025-12-16 09:00:00,0.2402,0.114
2025-12-16 10:00:00,0.2133,0.0873
2025-12-16 11:00:00,0.1841,0.1107
2025-12-16 12:00:00,0.2005,0.1139
2025-12-16 13:00:00,0.1696,0.1133
2025-12-16 14:00:00,0.1982,0.1392
2025-12-16 15:00:00,0.1742,0.1187
2025-12-16 16:00:00,0.2009,0.1525
2025-12-16 17:00:00,0.1984,0.14
2025-12-16 18:00:00,0.2064,0.1567
2025-12-16 19:00:00,0.2042,0.1612
2025-12-16 20:00:00,0.1876,0.1552
2025-12-16 21:00:00,0.2486,0.171
2025-12-16 22:00:00,0.2624,0.1402
2025-12-16 23:00:00,0.313,0.1721
2025-12-17 00:00:00,0.283,0.1441
2025-12-17 01:00:00,0.3075,0.1246
2025-12-17 02:00:00,0.3046,0.1452
2025-12-17 03:00:00,0.3021,0.1333
2025-12-17 04:00:00,0.309,0.1151
2025-12-17 05:00:00,0.2813,0.0967
2025-12-17 06:00:00,0.2833,0.0985
2025-12-17 07:00:00,0.2609,0.1021
2025-12-17 08:00:00,0.2436,0.0876
2025-12-17 09:00:00,0.1995,0.0934
2025-12-17 10:00:00,0.2286,0.0887
2025-12-17 11:00:00,0.184,0.1107
2025-12-17 12:00:00,0.1742,0.1301
2025-12-17 13:00:00,0.1749,0.1218
2025-12-17 14:00:00,0.2031,0.1202
2025-12-17 15:00:00,0.1768,0.1452
2025-12-17 16:00:00,0.1525,0.1249
2025-12-17 17:00:00,0.2074,0.159
2025-12-17 18:00:00,0.204,0.1499
2025-12-17 19:00:00,0.2357,0.1602
2025-12-17 20:00:00,0.2583,0.1625
2025-12-17 21:00:00,0.2681,0.1689
2025-12-17 22:00:00,0.2837,0.1643
2025-12-17 23:00:00,0.2821,0.142
2025-12-18 00:00:00,0.2678,0.1599
2025-12-18 01:00:00,0.3216,0.128
2025-12-18 02:00:00,0.3423,0.1364
2025-12-18 03:00:00,0.2543,0.1142
2025-12-18 04:00:00,0.2728,0.1359
2025-12-18 05:00:00,0.2993,0.1077
2025-12-18 06:00:00,0.2915,0.1052
2025-12-18 07:00:00,0.2322,0.0902
2025-12-18 08:00:00,0.2548,0.0929
2025-12-18 09:00:00,0.2138,0.1099
2025-12-18 10:00:00,0.2014,0.1062
2025-12-18 11:00:00,0.1925,0.1148
2025-12-18 12:00:00,0.2146,0.1249
2025-12-18 13:00:00,0.2065,0.1303
2025-12-18 14:00:00,0.1955,0.131
2025-12-18 15:00:00,0.1843,0.1299
2025-12-18 16:00:00,0.1953,0.1633
2025-12-18 17:00:00,0.1964,0.1407
2025-12-18 18:00:00,0.2157,0.1501
2025-12-18 19:00:00,0.2064,0.1729
2025-12-18 20:00:00,0.2157,0.174
2025-12-18 21:00:00,0.2652,0.1732
2025-12-18 22:00:00,0.2823,0.1501
2025-12-18 23:00:00,0.2983,0.1423
2025-12-19 00:00:00,0.2964,0.1433
2025-12-19 01:00:00,0.3106,0.1298
2025-12-19 02:00:00,0.3153,0.119
2025-12-19 03:00:00,0.2947,0.1253
2025-12-19 04:00:00,0.3129,0.1189
2025-12-19 05:00:00,0.3048,0.1023
2025-12-19 06:00:00,0.2489,0.1075
2025-12-19 07:00:00,0.2473,0.0943
2025-12-19 08:00:00,0.2414,0.0913
2025-12-19 09:00:00,0.2151,0.1053
2025-12-19 10:00:00,0.2027,0.1121
2025-12-19 11:00:00,0.1667,0.0932
2025-12-19 12:00:00,0.1889,0.1149
2025-12-19 13:00:00,0.2057,0.12
2025-12-19 14:00:00,0.2024,0.1289
2025-12-19 15:00:00,0.2083,0.1241
2025-12-19 16:00:00,0.2045,0.1522
2025-12-19 17:00:00,0.2188,0.1566
2025-12-19 18:00:00,0.2001,0.1568
2025-12-19 19:00:00,0.2176,0.142
2025-12-19 20:00:00,0.2327,0.1505
2025-12-19 21:00:00,0.2611,0.1532
2025-12-19 22:00:00,0.2657,0.1628
2025-12-19 23:00:00,0.2894,0.1387
2025-12-20 00:00:00,0.2624,0.1374
2025-12-20 01:00:00,0.3188,0.1423
2025-12-20 02:00:00,0.2951,0.1221
2025-12-20 03:00:00,0.3148,0.1297
2025-12-20 04:00:00,0.2848,0.129
2025-12-20 05:00:00,0.2459,0.1057
2025-12-20 06:00:00,0.276,0.1068
2025-12-20 07:00:00,0.2188,0.0948
2025-12-20 08:00:00,0.2241,0.087
2025-12-20 09:00:00,0.2229,0.0931
2025-12-20 10:00:00,0.1842,0.0989
2025-12-20 11:00:00,0.1892,0.1123
2025-12-20 12:00:00,0.1553,0.1301
2025-12-20 13:00:00,0.2074,0.1124
2025-12-20 14:00:00,0.2042,0.1365
2025-12-20 15:00:00,0.2024,0.1274
2025-12-20 16:00:00,0.147,0.1483
2025-12-20 17:00:00,0.1805,0.1434
2025-12-20 18:00:00,0.2187,0.1478
2025-12-20 19:00:00,0.2078,0.1607
2025-12-20 20:00:00,0.251,0.1527
2025-12-20 21:00:00,0.2678,0.1604
2025-12-20 22:00:00,0.2813,0.1591
2025-12-20 23:00:00,0.2856,0.1552
2025-12-21 00:00:00,0.2918,0.1544
2025-12-21 01:00:00,0.2707,0.1412
2025-12-21 02:00:00,0.3294,0.1299
2025-12-21 03:00:00,0.2719,0.1324
2025-12-21 04:00:00,0.2692,0.1028
2025-12-21 05:00:00,0.2825,0.1199
2025-12-21 06:00:00,0.2813,0.1123
2025-12-21 07:00:00,0.2705,0.0847
2025-12-21 08:00:00,0.2345,0.103
2025-12-21 09:00:00,0.2086,0.1079
2025-12-21 10:00:00,0.1999,0.103
2025-12-21 11:00:00,0.2025,0.103
2025-12-21 12:00:00,0.1709,0.1139
2025-12-21 13:00:00,0.1462,0.136
2025-12-21 14:00:00,0.1764,0.1347
2025-12-21 15:00:00,0.203,0.1257
2025-12-21 16:00:00,0.2177,0.1424
2025-12-21 17:00:00,0.2151,0.1422
2025-12-21 18:00:00,0.1977,0.151
2025-12-21 19:00:00,0.2216,0.1464
2025-12-21 20:00:00,0.2392,0.1546
2025-12-21 21:00:00,0.2625,0.1596
2025-12-21 22:00:00,0.2428,0.1603
2025-12-21 23:00:00,0.2606,0.1444
2025-12-22 00:00:00,0.2521,0.1487
2025-12-22 01:00:00,0.3047,0.1335
2025-12-22 02:00:00,0.3424,0.1099
2025-12-22 03:00:00,0.3057,0.1197
2025-12-22 04:00:00,0.3182,0.1344
2025-12-22 05:00:00,0.3022,0.1204
2025-12-22 06:00:00,0.2714,0.1001
2025-12-22 07:00:00,0.2393,0.1116
2025-12-22 08:00:00,0.2514,0.1145
2025-12-22 09:00:00,0.2333,0.0903
2025-12-22 10:00:00,0.2267,0.1041
2025-12-22 11:00:00,0.1823,0.1107
2025-12-22 12:00:00,0.2016,0.1258
2025-12-22 13:00:00,0.147,0.1162
2025-12-22 14:00:00,0.1721,0.135
2025-12-22 15:00:00,0.1669,0.1421
2025-12-22 16:00:00,0.2043,0.129
2025-12-22 17:00:00,0.1656,0.1433
2025-12-22 18:00:00,0.1773,0.1544
2025-12-22 19:00:00,0.223,0.1588
2025-12-22 20:00:00,0.2195,0.1626
2025-12-22 21:00:00,0.2726,0.186
2025-12-22 22:00:00,0.2665,0.1603
2025-12-22 23:00:00,0.2834,0.1638
2025-12-23 00:00:00,0.3187,0.1381
2025-12-23 01:00:00,0.3196,0.1432
2025-12-23 02:00:00,0.2902,0.1315
2025-12-23 03:00:00,0.321,0.1209
2025-12-23 04:00:00,0.2986,0.1122
2025-12-23 05:00:00,0.287,0.1122
2025-12-23 06:00:00,0.2764,0.1055
2025-12-23 07:00:00,0.2941,0.1083
2025-12-23 08:00:00,0.2797,0.0958
2025-12-23 09:00:00,0.1892,0.1011
2025-12-23 10:00:00,0.1971,0.0838
2025-12-23 11:00:00,0.2147,0.1094
2025-12-23 12:00:00,0.2332,0.1108
2025-12-23 13:00:00,0.1788,0.1224
2025-12-23 14:00:00,0.1976,0.1364
2025-12-23 15:00:00,0.1917,0.1382
2025-12-23 16:00:00,0.2268,0.1309
2025-12-23 17:00:00,0.1941,0.1758
2025-12-23 18:00:00,0.1857,0.1697
2025-12-23 19:00:00,0.2682,0.1762
2025-12-23 20:00:00,0.2516,0.1493
2025-12-23 21:00:00,0.2277,0.1603
2025-12-23 22:00:00,0.2444,0.1597
2025-12-23 23:00:00,0.2688,0.1537
2025-12-24 00:00:00,0.2963,0.1443
2025-12-24 01:00:00,0.3258,0.144
2025-12-24 02:00:00,0.3204,0.1345
2025-12-24 03:00:00,0.3152,0.1123
2025-12-24 04:00:00,0.2948,0.1056
2025-12-24 05:00:00,0.2869,0.0967
2025-12-24 06:00:00,0.2638,0.1128
2025-12-24 07:00:00,0.2707,0.0967
2025-12-24 08:00:00,0.2527,0.0896
2025-12-24 09:00:00,0.2414,0.1074
2025-12-24 10:00:00,0.2313,0.1079
2025-12-24 11:00:00,0.2054,0.117
2025-12-24 12:00:00,0.1938,0.1271
2025-12-24 13:00:00,0.1854,0.1265
2025-12-24 14:00:00,0.1538,0.1294
2025-12-24 15:00:00,0.1848,0.111
2025-12-24 16:00:00,0.1719,0.1484
2025-12-24 17:00:00,0.1906,0.1498
2025-12-24 18:00:00,0.2279,0.1589
2025-12-24 19:00:00,0.2413,0.1584
2025-12-24 20:00:00,0.2393,0.1551
2025-12-24 21:00:00,0.2779,0.139
2025-12-24 22:00:00,0.2467,0.1669
2025-12-24 23:00:00,0.2841,0.1496
2025-12-25 00:00:00,0.2702,0.1331
2025-12-25 01:00:00,0.3297,0.1383
2025-12-25 02:00:00,0.2951,0.1175
2025-12-25 03:00:00,0.3071,0.1275
2025-12-25 04:00:00,0.2684,0.1361
2025-12-25 05:00:00,0.2554,0.1108
2025-12-25 06:00:00,0.2444,0.0919
2025-12-25 07:00:00,0.2613,0.0849
2025-12-25 08:00:00,0.2704,0.0978
2025-12-25 09:00:00,0.2089,0.1132
2025-12-25 10:00:00,0.1971,0.1161
2025-12-25 11:00:00,0.1859,0.1007
2025-12-25 12:00:00,0.1644,0.1236
2025-12-25 13:00:00,0.1918,0.1182
2025-12-25 14:00:00,0.1577,0.1338
2025-12-25 15:00:00,0.179,0.1442
2025-12-25 16:00:00,0.1835,0.1498
2025-12-25 17:00:00,0.1705,0.1642
2025-12-25 18:00:00,0.2002,0.1513
2025-12-25 19:00:00,0.2398,0.1704
2025-12-25 20:00:00,0.2235,0.1619
2025-12-25 21:00:00,0.2451,0.1587
2025-12-25 22:00:00,0.2951,0.1551
2025-12-25 23:00:00,0.2903,0.1468
2025-12-26 00:00:00,0.2682,0.1343
2025-12-26 01:00:00,0.2686,0.1233
2025-12-26 02:00:00,0.3031,0.1385
2025-12-26 03:00:00,0.317,0.1254
2025-12-26 04:00:00,0.3101,0.0898
2025-12-26 05:00:00,0.2865,0.0886
2025-12-26 06:00:00,0.2844,0.1086
2025-12-26 07:00:00,0.2666,0.0956
2025-12-26 08:00:00,0.2561,0.1217
2025-12-26 09:00:00,0.2213,0.0949
2025-12-26 10:00:00,0.2015,0.1032
2025-12-26 11:00:00,0.186,0.0949
2025-12-26 12:00:00,0.1993,0.1224
2025-12-26 13:00:00,0.1725,0.135
2025-12-26 14:00:00,0.1632,0.1365
2025-12-26 15:00:00,0.1928,0.1394
2025-12-26 16:00:00,0.2236,0.1404
2025-12-26 17:00:00,0.2039,0.1661
2025-12-26 18:00:00,0.1974,0.1577
2025-12-26 19:00:00,0.2287,0.1611
2025-12-26 20:00:00,0.2424,0.1695
2025-12-26 21:00:00,0.2571,0.1492
2025-12-26 22:00:00,0.279,0.1412
2025-12-26 23:00:00,0.2978,0.1652
2025-12-27 00:00:00,0.3063,0.1575
2025-12-27 01:00:00,0.3149,0.1365
2025-12-27 02:00:00,0.3055,0.1278
2025-12-27 03:00:00,0.3178,0.1192
2025-12-27 04:00:00,0.2982,0.0895
2025-12-27 05:00:00,0.265,0.1073
2025-12-27 06:00:00,0.2919,0.1204
2025-12-27 07:00:00,0.2659,0.0978
2025-12-27 08:00:00,0.277,0.1122
2025-12-27 09:00:00,0.2446,0.0948
2025-12-27 10:00:00,0.1807,0.1018
2025-12-27 11:00:00,0.2286,0.1087
2025-12-27 12:00:00,0.214,0.1271
2025-12-27 13:00:00,0.1897,0.1294
2025-12-27 14:00:00,0.1554,0.1363
2025-12-27 15:00:00,0.1842,0.1372
2025-12-27 16:00:00,0.1744,0.1462
2025-12-27 17:00:00,0.1914,0.1766
2025-12-27 18:00:00,0.1911,0.1587
2025-12-27 19:00:00,0.2251,0.1568
2025-12-27 20:00:00,0.2324,0.1685
2025-12-27 21:00:00,0.265,0.1651
2025-12-27 22:00:00,0.2614,0.1679
2025-12-27 23:00:00,0.2666,0.1268
2025-12-28 00:00:00,0.2772,0.1371
2025-12-28 01:00:00,0.3012,0.1409
2025-12-28 02:00:00,0.2885,0.1344
2025-12-28 03:00:00,0.3019,0.1328
2025-12-28 04:00:00,0.2858,0.1061
2025-12-28 05:00:00,0.2791,0.1211
2025-12-28 06:00:00,0.2192,0.0901
2025-12-28 07:00:00,0.284,0.1046
2025-12-28 08:00:00,0.2653,0.102
2025-12-28 09:00:00,0.2445,0.0967
2025-12-28 10:00:00,0.2029,0.0929
2025-12-28 11:00:00,0.1759,0.1135
2025-12-28 12:00:00,0.1907,0.1136
2025-12-28 13:00:00,0.1712,0.1167
2025-12-28 14:00:00,0.1719,0.1281
2025-12-28 15:00:00,0.1857,0.1463
2025-12-28 16:00:00,0.2074,0.1303
2025-12-28 17:00:00,0.2073,0.148
2025-12-28 18:00:00,0.2144,0.1536
2025-12-28 19:00:00,0.2123,0.1457
2025-12-28 20:00:00,0.1916,0.1662
2025-12-28 21:00:00,0.2946,0.154
2025-12-28 22:00:00,0.2714,0.1759
2025-12-28 23:00:00,0.2818,0.1241
2025-12-29 00:00:00,0.294,0.1211
2025-12-29 01:00:00,0.3012,0.145
2025-12-29 02:00:00,0.2813,0.1114
2025-12-29 03:00:00,0.2833,0.1204
2025-12-29 04:00:00,0.2623,0.1238
2025-12-29 05:00:00,0.2739,0.0913
2025-12-29 06:00:00,0.2325,0.102
2025-12-29 07:00:00,0.2364,0.1128
2025-12-29 08:00:00,0.2692,0.1051
2025-12-29 09:00:00,0.2117,0.079
2025-12-29 10:00:00,0.1955,0.1055
2025-12-29 11:00:00,0.2019,0.1088
2025-12-29 12:00:00,0.1979,0.1056
2025-12-29 13:00:00,0.2207,0.1136
2025-12-29 14:00:00,0.1794,0.126
2025-12-29 15:00:00,0.2113,0.1309
2025-12-29 16:00:00,0.1861,0.1517
2025-12-29 17:00:00,0.2123,0.1494
2025-12-29 18:00:00,0.2267,0.1332
2025-12-29 19:00:00,0.218,0.1508
2025-12-29 20:00:00,0.2109,0.1545
2025-12-29 21:00:00,0.2047,0.1652
2025-12-29 22:00:00,0.29,0.171
2025-12-29 23:00:00,0.3039,0.15
2025-12-30 00:00:00,0.3176,0.1397
2025-12-30 01:00:00,0.3371,0.1394
2025-12-30 02:00:00,0.2901,0.1413
2025-12-30 03:00:00,0.2564,0.1215
2025-12-30 04:00:00,0.2884,0.1097
2025-12-30 05:00:00,0.2919,0.1061
2025-12-30 06:00:00,0.2823,0.1045
2025-12-30 07:00:00,0.2835,0.1087
2025-12-30 08:00:00,0.2603,0.1166
2025-12-30 09:00:00,0.2193,0.106
2025-12-30 10:00:00,0.2336,0.1114
2025-12-30 11:00:00,0.2195,0.1175
2025-12-30 12:00:00,0.2017,0.1154
2025-12-30 13:00:00,0.1754,0.1169
2025-12-30 14:00:00,0.1885,0.144
2025-12-30 15:00:00,0.1779,0.1406
2025-12-30 16:00:00,0.2032,0.1584
2025-12-30 17:00:00,0.179,0.1494
2025-12-30 18:00:00,0.2001,0.1566
2025-12-30 19:00:00,0.2267,0.1402
2025-12-30 20:00:00,0.2799,0.1384
2025-12-30 21:00:00,0.2639,0.1559
2025-12-30 22:00:00,0.2352,0.1546
2025-12-30 23:00:00,0.2629,0.1543
2025-12-31 00:00:00,0.2892,0.1425
2025-12-31 01:00:00,0.3099,0.1461
2025-12-31 02:00:00,0.2974,0.1077
2025-12-31 03:00:00,0.3014,0.1188
2025-12-31 04:00:00,0.3127,0.1046
2025-12-31 05:00:00,0.2919,0.0963
2025-12-31 06:00:00,0.2817,0.1041
2025-12-31 07:00:00,0.2184,0.1078
2025-12-31 08:00:00,0.2282,0.1008
2025-12-31 09:00:00,0.2274,0.1063
2025-12-31 10:00:00,0.1775,0.1147
2025-12-31 11:00:00,0.2287,0.1166
2025-12-31 12:00:00,0.1952,0.1417
2025-12-31 13:00:00,0.166,0.1137
2025-12-31 14:00:00,0.1344,0.1366
2025-12-31 15:00:00,0.2098,0.1291
2025-12-31 16:00:00,0.1991,0.1446
2025-12-31 17:00:00,0.2005,0.1581
2025-12-31 18:00:00,0.2291,0.1648
2025-12-31 19:00:00,0.2432,0.1644
2025-12-31 20:00:00,0.2619,0.1636
2025-12-31 21:00:00,0.2797,0.1722
2025-12-31 22:00:00,0.2714,0.1693
2025-12-31 23:00:00,0.2565,0.15
