datetime,PV to inverter Victron,PV to Inverter Huawei,Battery Power
2025-01-01 00:00:00,0.0,0.0,0.0
2025-01-01 01:00:00,0.0,0.0,0.0
2025-01-01 02:00:00,0.0,0.0,0.0
2025-01-01 03:00:00,0.0,0.0,0.0
2025-01-01 04:00:00,0.0,0.0,0.0
2025-01-01 05:00:00,0.0,0.0,0.0
2025-01-01 06:00:00,0.0,0.0,0.0
2025-01-01 07:00:00,5.628,4.605,0.0
2025-01-01 08:00:00,10.688,8.745,0.0
2025-01-01 09:00:00,13.166,10.772,0.0
2025-01-01 10:00:00,16.323,13.355,2.05
2025-01-01 11:00:00,19.344,15.827,2.809
2025-01-01 12:00:00,21.153,17.307,0.381
2025-01-01 13:00:00,15.169,12.411,2.623
2025-01-01 14:00:00,15.816,12.941,1.85
2025-01-01 15:00:00,12.793,10.467,0.737
2025-01-01 16:00:00,6.822,5.582,0.0
2025-01-01 17:00:00,5.483,4.486,0.0
2025-01-01 18:00:00,0.0,0.0,-0.068
2025-01-01 19:00:00,0.0,0.0,-1.246
2025-01-01 20:00:00,0.0,0.0,-4.433
2025-01-01 21:00:00,0.0,0.0,-0.216
2025-01-01 22:00:00,0.0,0.0,-3.355
2025-01-01 23:00:00,0.0,0.0,0.0
2025-01-02 00:00:00,0.0,0.0,0.0
2025-01-02 01:00:00,0.0,0.0,0.0
2025-01-02 02:00:00,0.0,0.0,0.0
2025-01-02 03:00:00,0.0,0.0,0.0
2025-01-02 04:00:00,0.0,0.0,0.0
2025-01-02 05:00:00,0.0,0.0,0.0
2025-01-02 06:00:00,0.0,0.0,0.0
2025-01-02 07:00:00,4.664,3.816,0.0
2025-01-02 08:00:00,6.835,5.592,0.0
2025-01-02 09:00:00,11.302,9.247,0.0
2025-01-02 10:00:00,13.837,11.321,5.326
2025-01-02 11:00:00,20.325,16.629,5.559
2025-01-02 12:00:00,16.709,13.671,0.302
2025-01-02 13:00:00,20.049,16.404,5.403
2025-01-02 14:00:00,14.655,11.99,3.984
2025-01-02 15:00:00,14.449,11.822,2.053
2025-01-02 16:00:00,9.505,7.777,0.0
2025-01-02 17:00:00,5.399,4.418,0.0
2025-01-02 18:00:00,0.0,0.0,-0.181
2025-01-02 19:00:00,0.0,0.0,-4.812
2025-01-02 20:00:00,0.0,0.0,-4.538
2025-01-02 21:00:00,0.0,0.0,-2.883
2025-01-02 22:00:00,0.0,0.0,-3.564
2025-01-02 23:00:00,0.0,0.0,0.0
2025-01-03 00:00:00,0.0,0.0,0.0
2025-01-03 01:00:00,0.0,0.0,0.0
2025-01-03 02:00:00,0.0,0.0,0.0
2025-01-03 03:00:00,0.0,0.0,0.0
2025-01-03 04:00:00,0.0,0.0,0.0
2025-01-03 05:00:00,0.0,0.0,0.0
2025-01-03 06:00:00,0.0,0.0,0.0
2025-01-03 07:00:00,5.19,4.246,0.0
2025-01-03 08:00:00,8.402,6.875,0.0
2025-01-03 09:00:00,9.669,7.911,0.0
2025-01-03 10:00:00,16.228,13.278,3.651
2025-01-03 11:00:00,13.874,11.352,5.642
2025-01-03 12:00:00,21.536,17.621,4.621
2025-01-03 13:00:00,17.114,14.003,3.782
2025-01-03 14:00:00,14.529,11.887,4.725
2025-01-03 15:00:00,11.112,9.091,5.369
2025-01-03 16:00:00,6.79,5.555,0.0
2025-01-03 17:00:00,4.173,3.414,0.0
2025-01-03 18:00:00,0.0,0.0,-4.239
2025-01-03 19:00:00,0.0,0.0,-2.039
2025-01-03 20:00:00,0.0,0.0,-4.079
2025-01-03 21:00:00,0.0,0.0,-0.2
2025-01-03 22:00:00,0.0,0.0,-4.517
2025-01-03 23:00:00,0.0,0.0,0.0
2025-01-04 00:00:00,0.0,0.0,0.0
2025-01-04 01:00:00,0.0,0.0,0.0
2025-01-04 02:00:00,0.0,0.0,0.0
2025-01-04 03:00:00,0.0,0.0,0.0
2025-01-04 04:00:00,0.0,0.0,0.0
2025-01-04 05:00:00,0.0,0.0,0.0
2025-01-04 06:00:00,0.0,0.0,0.0
2025-01-04 07:00:00,3.908,3.197,0.0
2025-01-04 08:00:00,10.218,8.36,0.0
2025-01-04 09:00:00,15.29,12.51,0.0
2025-01-04 10:00:00,12.834,10.501,1.053
2025-01-04 11:00:00,13.536,11.075,1.599
2025-01-04 12:00:00,18.552,15.179,5.864
2025-01-04 13:00:00,20.852,17.061,5.742
2025-01-04 14:00:00,13.717,11.223,4.191
2025-01-04 15:00:00,10.193,8.34,4.413
2025-01-04 16:00:00,6.644,5.436,0.0
2025-01-04 17:00:00,4.688,3.836,0.0
2025-01-04 18:00:00,0.0,0.0,-1.678
2025-01-04 19:00:00,0.0,0.0,-4.001
2025-01-04 20:00:00,0.0,0.0,-3.396
2025-01-04 21:00:00,0.0,0.0,-3.352
2025-01-04 22:00:00,0.0,0.0,-1.472
2025-01-04 23:00:00,0.0,0.0,0.0
2025-01-05 00:00:00,0.0,0.0,0.0
2025-01-05 01:00:00,0.0,0.0,0.0
2025-01-05 02:00:00,0.0,0.0,0.0
2025-01-05 03:00:00,0.0,0.0,0.0
2025-01-05 04:00:00,0.0,0.0,0.0
2025-01-05 05:00:00,0.0,0.0,0.0
2025-01-05 06:00:00,0.0,0.0,0.0
2025-01-05 07:00:00,3.909,3.198,0.0
2025-01-05 08:00:00,8.809,7.208,0.0
2025-01-05 09:00:00,13.903,11.375,0.0
2025-01-05 10:00:00,16.982,13.895,1.698
2025-01-05 11:00:00,13.046,10.674,3.976
2025-01-05 12:00:00,19.443,15.908,1.818
2025-01-05 13:00:00,17.551,14.36,1.902
2025-01-05 14:00:00,16.703,13.666,3.683
2025-01-05 15:00:00,15.159,12.403,1.2
2025-01-05 16:00:00,10.525,8.612,0.0
2025-01-05 17:00:00,3.833,3.136,0.0
2025-01-05 18:00:00,0.0,0.0,-0.117
2025-01-05 19:00:00,0.0,0.0,-3.754
2025-01-05 20:00:00,0.0,0.0,-4.143
2025-01-05 21:00:00,0.0,0.0,-4.613
2025-01-05 22:00:00,0.0,0.0,-3.734
2025-01-05 23:00:00,0.0,0.0,0.0
2025-01-06 00:00:00,0.0,0.0,0.0
2025-01-06 01:00:00,0.0,0.0,0.0
2025-01-06 02:00:00,0.0,0.0,0.0
2025-01-06 03:00:00,0.0,0.0,0.0
2025-01-06 04:00:00,0.0,0.0,0.0
2025-01-06 05:00:00,0.0,0.0,0.0
2025-01-06 06:00:00,0.0,0.0,0.0
2025-01-06 07:00:00,3.727,3.049,0.0
2025-01-06 08:00:00,7.464,6.107,0.0
2025-01-06 09:00:00,15.517,12.696,0.0
2025-01-06 10:00:00,14.32,11.717,1.591
2025-01-06 11:00:00,18.77,15.358,0.614
2025-01-06 12:00:00,20.522,16.791,1.847
2025-01-06 13:00:00,13.755,11.254,5.553
2025-01-06 14:00:00,12.673,10.369,2.135
2025-01-06 15:00:00,9.735,7.965,5.454
2025-01-06 16:00:00,10.739,8.786,0.0
2025-01-06 17:00:00,5.574,4.56,0.0
2025-01-06 18:00:00,0.0,0.0,-2.21
2025-01-06 19:00:00,0.0,0.0,-1.538
2025-01-06 20:00:00,0.0,0.0,-2.573
2025-01-06 21:00:00,0.0,0.0,-1.153
2025-01-06 22:00:00,0.0,0.0,-0.649
2025-01-06 23:00:00,0.0,0.0,0.0
2025-01-07 00:00:00,0.0,0.0,0.0
2025-01-07 01:00:00,0.0,0.0,0.0
2025-01-07 02:00:00,0.0,0.0,0.0
2025-01-07 03:00:00,0.0,0.0,0.0
2025-01-07 04:00:00,0.0,0.0,0.0
2025-01-07 05:00:00,0.0,0.0,0.0
2025-01-07 06:00:00,0.0,0.0,0.0
2025-01-07 07:00:00,3.715,3.039,0.0
2025-01-07 08:00:00,7.448,6.094,0.0
2025-01-07 09:00:00,10.289,8.419,0.0
2025-01-07 10:00:00,14.877,12.172,0.481
2025-01-07 11:00:00,19.832,16.226,1.587
2025-01-07 12:00:00,18.56,15.185,0.477
2025-01-07 13:00:00,21.188,17.335,3.09
2025-01-07 14:00:00,15.266,12.491,4.111
2025-01-07 15:00:00,15.096,12.351,4.382
2025-01-07 16:00:00,8.426,6.894,0.0
2025-01-07 17:00:00,3.971,3.249,0.0
2025-01-07 18:00:00,0.0,0.0,-1.057
2025-01-07 19:00:00,0.0,0.0,-2.831
2025-01-07 20:00:00,0.0,0.0,-4.054
2025-01-07 21:00:00,0.0,0.0,-4.303
2025-01-07 22:00:00,0.0,0.0,-4.875
2025-01-07 23:00:00,0.0,0.0,0.0
2025-01-08 00:00:00,0.0,0.0,0.0
2025-01-08 01:00:00,0.0,0.0,0.0
2025-01-08 02:00:00,0.0,0.0,0.0
2025-01-08 03:00:00,0.0,0.0,0.0
2025-01-08 04:00:00,0.0,0.0,0.0
2025-01-08 05:00:00,0.0,0.0,0.0
2025-01-08 06:00:00,0.0,0.0,0.0
2025-01-08 07:00:00,4.154,3.399,0.0
2025-01-08 08:00:00,8.114,6.639,0.0
2025-01-08 09:00:00,14.125,11.557,0.0
2025-01-08 10:00:00,14.003,11.457,0.544
2025-01-08 11:00:00,19.181,15.694,3.847
2025-01-08 12:00:00,21.915,17.931,2.774
2025-01-08 13:00:00,19.993,16.358,5.49
2025-01-08 14:00:00,17.664,14.452,1.8
2025-01-08 15:00:00,11.689,9.564,2.372
2025-01-08 16:00:00,9.183,7.513,0.0
2025-01-08 17:00:00,5.488,4.49,0.0
2025-01-08 18:00:00,0.0,0.0,-1.972
2025-01-08 19:00:00,0.0,0.0,-1.603
2025-01-08 20:00:00,0.0,0.0,-1.738
2025-01-08 21:00:00,0.0,0.0,-4.655
2025-01-08 22:00:00,0.0,0.0,-4.17
2025-01-08 23:00:00,0.0,0.0,0.0
2025-01-09 00:00:00,0.0,0.0,0.0
2025-01-09 01:00:00,0.0,0.0,0.0
2025-01-09 02:00:00,0.0,0.0,0.0
2025-01-09 03:00:00,0.0,0.0,0.0
2025-01-09 04:00:00,0.0,0.0,0.0
2025-01-09 05:00:00,0.0,0.0,0.0
2025-01-09 06:00:00,0.0,0.0,0.0
2025-01-09 07:00:00,5.128,4.196,0.0
2025-01-09 08:00:00,6.898,5.644,0.0
2025-01-09 09:00:00,14.956,12.237,0.0
2025-01-09 10:00:00,13.885,11.36,2.125
2025-01-09 11:00:00,17.873,14.624,5.962
2025-01-09 12:00:00,14.219,11.634,1.336
2025-01-09 13:00:00,18.408,15.061,4.685
2025-01-09 14:00:00,14.061,11.505,0.422
2025-01-09 15:00:00,10.624,8.692,5.986
2025-01-09 16:00:00,7.457,6.101,0.0
2025-01-09 17:00:00,4.029,3.296,0.0
2025-01-09 18:00:00,0.0,0.0,-4.414
2025-01-09 19:00:00,0.0,0.0,-3.543
2025-01-09 20:00:00,0.0,0.0,-4.983
2025-01-09 21:00:00,0.0,0.0,-1.486
2025-01-09 22:00:00,0.0,0.0,-2.733
2025-01-09 23:00:00,0.0,0.0,0.0
2025-01-10 00:00:00,0.0,0.0,0.0
2025-01-10 01:00:00,0.0,0.0,0.0
2025-01-10 02:00:00,0.0,0.0,0.0
2025-01-10 03:00:00,0.0,0.0,0.0
2025-01-10 04:00:00,0.0,0.0,0.0
2025-01-10 05:00:00,0.0,0.0,0.0
2025-01-10 06:00:00,0.0,0.0,0.0
2025-01-10 07:00:00,4.563,3.733,0.0
2025-01-10 08:00:00,10.353,8.47,0.0
2025-01-10 09:00:00,11.962,9.787,0.0
2025-01-10 10:00:00,14.023,11.473,2.483
2025-01-10 11:00:00,15.171,12.413,5.098
2025-01-10 12:00:00,19.49,15.946,3.976
2025-01-10 13:00:00,18.965,15.517,4.271
2025-01-10 14:00:00,14.05,11.496,2.695
2025-01-10 15:00:00,13.985,11.442,2.734
2025-01-10 16:00:00,7.839,6.414,0.0
2025-01-10 17:00:00,4.316,3.531,0.0
2025-01-10 18:00:00,0.0,0.0,-3.382
2025-01-10 19:00:00,0.0,0.0,-0.874
2025-01-10 20:00:00,0.0,0.0,-4.079
2025-01-10 21:00:00,0.0,0.0,-4.234
2025-01-10 22:00:00,0.0,0.0,-1.01
2025-01-10 23:00:00,0.0,0.0,0.0
2025-01-11 00:00:00,0.0,0.0,0.0
2025-01-11 01:00:00,0.0,0.0,0.0
2025-01-11 02:00:00,0.0,0.0,0.0
2025-01-11 03:00:00,0.0,0.0,0.0
2025-01-11 04:00:00,0.0,0.0,0.0
2025-01-11 05:00:00,0.0,0.0,0.0
2025-01-11 06:00:00,0.0,0.0,0.0
2025-01-11 07:00:00,5.063,4.142,0.0
2025-01-11 08:00:00,10.328,8.45,0.0
2025-01-11 09:00:00,13.974,11.433,0.0
2025-01-11 10:00:00,16.93,13.852,4.417
2025-01-11 11:00:00,16.655,13.627,1.644
2025-01-11 12:00:00,18.022,14.745,5.852
2025-01-11 13:00:00,14.767,12.082,0.061
2025-01-11 14:00:00,14.626,11.967,4.371
2025-01-11 15:00:00,15.431,12.626,3.488
2025-01-11 16:00:00,9.272,7.587,0.0
2025-01-11 17:00:00,4.701,3.846,0.0
2025-01-11 18:00:00,0.0,0.0,-1.489
2025-01-11 19:00:00,0.0,0.0,-3.609
2025-01-11 20:00:00,0.0,0.0,-2.456
2025-01-11 21:00:00,0.0,0.0,-2.768
2025-01-11 22:00:00,0.0,0.0,-3.72
2025-01-11 23:00:00,0.0,0.0,0.0
2025-01-12 00:00:00,0.0,0.0,0.0
2025-01-12 01:00:00,0.0,0.0,0.0
2025-01-12 02:00:00,0.0,0.0,0.0
2025-01-12 03:00:00,0.0,0.0,0.0
2025-01-12 04:00:00,0.0,0.0,0.0
2025-01-12 05:00:00,0.0,0.0,0.0
2025-01-12 06:00:00,0.0,0.0,0.0
2025-01-12 07:00:00,4.743,3.881,0.0
2025-01-12 08:00:00,9.451,7.733,0.0
2025-01-12 09:00:00,11.832,9.681,0.0
2025-01-12 10:00:00,15.224,12.456,4.757
2025-01-12 11:00:00,19.686,16.106,1.035
2025-01-12 12:00:00,20.287,16.598,2.826
2025-01-12 13:00:00,15.838,12.959,0.435
2025-01-12 14:00:00,13.969,11.43,5.511
2025-01-12 15:00:00,9.763,7.988,2.269
2025-01-12 16:00:00,9.255,7.572,0.0
2025-01-12 17:00:00,5.4,4.418,0.0
2025-01-12 18:00:00,0.0,0.0,-4.805
2025-01-12 19:00:00,0.0,0.0,-3.683
2025-01-12 20:00:00,0.0,0.0,-1.836
2025-01-12 21:00:00,0.0,0.0,-1.748
2025-01-12 22:00:00,0.0,0.0,-3.601
2025-01-12 23:00:00,0.0,0.0,0.0
2025-01-13 00:00:00,0.0,0.0,0.0
2025-01-13 01:00:00,0.0,0.0,0.0
2025-01-13 02:00:00,0.0,0.0,0.0
2025-01-13 03:00:00,0.0,0.0,0.0
2025-01-13 04:00:00,0.0,0.0,0.0
2025-01-13 05:00:00,0.0,0.0,0.0
2025-01-13 06:00:00,0.0,0.0,0.0
2025-01-13 07:00:00,3.67,3.003,0.0
2025-01-13 08:00:00,9.036,7.393,0.0
2025-01-13 09:00:00,11.473,9.387,0.0
2025-01-13 10:00:00,17.207,14.078,2.315
2025-01-13 11:00:00,14.281,11.684,3.902
2025-01-13 12:00:00,21.997,17.997,2.363
2025-01-13 13:00:00,16.829,13.769,2.356
2025-01-13 14:00:00,13.627,11.15,1.529
2025-01-13 15:00:00,11.549,9.449,1.597
2025-01-13 16:00:00,7.275,5.952,0.0
2025-01-13 17:00:00,5.686,4.652,0.0
2025-01-13 18:00:00,0.0,0.0,-1.46
2025-01-13 19:00:00,0.0,0.0,-1.962
2025-01-13 20:00:00,0.0,0.0,-1.97
2025-01-13 21:00:00,0.0,0.0,-0.237
2025-01-13 22:00:00,0.0,0.0,-1.203
2025-01-13 23:00:00,0.0,0.0,0.0
2025-01-14 00:00:00,0.0,0.0,0.0
2025-01-14 01:00:00,0.0,0.0,0.0
2025-01-14 02:00:00,0.0,0.0,0.0
2025-01-14 03:00:00,0.0,0.0,0.0
2025-01-14 04:00:00,0.0,0.0,0.0
2025-01-14 05:00:00,0.0,0.0,0.0
2025-01-14 06:00:00,0.0,0.0,0.0
2025-01-14 07:00:00,4.225,3.457,0.0
2025-01-14 08:00:00,10.076,8.244,0.0
2025-01-14 09:00:00,13.943,11.408,0.0
2025-01-14 10:00:00,17.144,14.027,5.753
2025-01-14 11:00:00,20.348,16.649,2.992
2025-01-14 12:00:00,20.405,16.695,2.52
2025-01-14 13:00:00,13.306,10.886,5.487
2025-01-14 14:00:00,16.867,13.8,1.433
2025-01-14 15:00:00,15.006,12.278,5.401
2025-01-14 16:00:00,10.44,8.542,0.0
2025-01-14 17:00:00,3.882,3.176,0.0
2025-01-14 18:00:00,0.0,0.0,-1.823
2025-01-14 19:00:00,0.0,0.0,-1.281
2025-01-14 20:00:00,0.0,0.0,-3.278
2025-01-14 21:00:00,0.0,0.0,-1.2
2025-01-14 22:00:00,0.0,0.0,-0.428
2025-01-14 23:00:00,0.0,0.0,0.0
2025-01-15 00:00:00,0.0,0.0,0.0
2025-01-15 01:00:00,0.0,0.0,0.0
2025-01-15 02:00:00,0.0,0.0,0.0
2025-01-15 03:00:00,0.0,0.0,0.0
2025-01-15 04:00:00,0.0,0.0,0.0
2025-01-15 05:00:00,0.0,0.0,0.0
2025-01-15 06:00:00,0.0,0.0,0.0
2025-01-15 07:00:00,4.841,3.961,0.0
2025-01-15 08:00:00,7.533,6.163,0.0
2025-01-15 09:00:00,10.325,8.447,0.0
2025-01-15 10:00:00,17.099,13.99,5.477
2025-01-15 11:00:00,18.395,15.051,5.263
2025-01-15 12:00:00,19.859,16.248,4.557
2025-01-15 13:00:00,17.553,14.361,3.322
2025-01-15 14:00:00,17.068,13.964,3.471
2025-01-15 15:00:00,12.443,10.18,0.57
2025-01-15 16:00:00,10.247,8.384,0.0
2025-01-15 17:00:00,5.406,4.423,0.0
2025-01-15 18:00:00,0.0,0.0,-1.104
2025-01-15 19:00:00,0.0,0.0,-0.438
2025-01-15 20:00:00,0.0,0.0,-0.353
2025-01-15 21:00:00,0.0,0.0,-4.604
2025-01-15 22:00:00,0.0,0.0,-0.343
2025-01-15 23:00:00,0.0,0.0,0.0
2025-01-16 00:00:00,0.0,0.0,0.0
2025-01-16 01:00:00,0.0,0.0,0.0
2025-01-16 02:00:00,0.0,0.0,0.0
2025-01-16 03:00:00,0.0,0.0,0.0
2025-01-16 04:00:00,0.0,0.0,0.0
2025-01-16 05:00:00,0.0,0.0,0.0
2025-01-16 06:00:00,0.0,0.0,0.0
2025-01-16 07:00:00,3.478,2.846,0.0
2025-01-16 08:00:00,10.021,8.199,0.0
2025-01-16 09:00:00,12.406,10.15,0.0
2025-01-16 10:00:00,13.681,11.194,4.302
2025-01-16 11:00:00,16.575,13.561,1.113
2025-01-16 12:00:00,21.215,17.358,1.84
2025-01-16 13:00:00,13.883,11.359,3.266
2025-01-16 14:00:00,18.586,15.207,3.453
2025-01-16 15:00:00,10.747,8.793,2.22
2025-01-16 16:00:00,10.719,8.77,0.0
2025-01-16 17:00:00,4.466,3.654,0.0
2025-01-16 18:00:00,0.0,0.0,-3.71
2025-01-16 19:00:00,0.0,0.0,-2.277
2025-01-16 20:00:00,0.0,0.0,-0.107
2025-01-16 21:00:00,0.0,0.0,-3.026
2025-01-16 22:00:00,0.0,0.0,-0.28
2025-01-16 23:00:00,0.0,0.0,0.0
2025-01-17 00:00:00,0.0,0.0,0.0
2025-01-17 01:00:00,0.0,0.0,0.0
2025-01-17 02:00:00,0.0,0.0,0.0
2025-01-17 03:00:00,0.0,0.0,0.0
2025-01-17 04:00:00,0.0,0.0,0.0
2025-01-17 05:00:00,0.0,0.0,0.0
2025-01-17 06:00:00,0.0,0.0,0.0
2025-01-17 07:00:00,5.38,4.401,0.0
2025-01-17 08:00:00,7.168,5.864,0.0
2025-01-17 09:00:00,9.499,7.772,0.0
2025-01-17 10:00:00,11.595,9.487,1.092
2025-01-17 11:00:00,15.434,12.628,3.289
2025-01-17 12:00:00,16.247,13.293,1.461
2025-01-17 13:00:00,15.144,12.39,5.689
2025-01-17 14:00:00,13.917,11.387,0.46
2025-01-17 15:00:00,11.308,9.252,3.391
2025-01-17 16:00:00,10.378,8.491,0.0
2025-01-17 17:00:00,5.221,4.271,0.0
2025-01-17 18:00:00,0.0,0.0,-2.554
2025-01-17 19:00:00,0.0,0.0,-0.435
2025-01-17 20:00:00,0.0,0.0,-1.888
2025-01-17 21:00:00,0.0,0.0,-2.114
2025-01-17 22:00:00,0.0,0.0,-2.784
2025-01-17 23:00:00,0.0,0.0,0.0
2025-01-18 00:00:00,0.0,0.0,0.0
2025-01-18 01:00:00,0.0,0.0,0.0
2025-01-18 02:00:00,0.0,0.0,0.0
2025-01-18 03:00:00,0.0,0.0,0.0
2025-01-18 04:00:00,0.0,0.0,0.0
2025-01-18 05:00:00,0.0,0.0,0.0
2025-01-18 06:00:00,0.0,0.0,0.0
2025-01-18 07:00:00,5.688,4.654,0.0
2025-01-18 08:00:00,9.806,8.023,0.0
2025-01-18 09:00:00,11.878,9.718,0.0
2025-01-18 10:00:00,12.892,10.548,4.991
2025-01-18 11:00:00,17.136,14.021,4.106
2025-01-18 12:00:00,13.989,11.446,5.689
2025-01-18 13:00:00,20.708,16.943,4.646
2025-01-18 14:00:00,15.949,13.049,1.935
2025-01-18 15:00:00,11.748,9.612,2.288
2025-01-18 16:00:00,7.151,5.851,0.0
2025-01-18 17:00:00,5.648,4.621,0.0
2025-01-18 18:00:00,0.0,0.0,-4.149
2025-01-18 19:00:00,0.0,0.0,-1.566
2025-01-18 20:00:00,0.0,0.0,-4.651
2025-01-18 21:00:00,0.0,0.0,-2.182
2025-01-18 22:00:00,0.0,0.0,-0.794
2025-01-18 23:00:00,0.0,0.0,0.0
2025-01-19 00:00:00,0.0,0.0,0.0
2025-01-19 01:00:00,0.0,0.0,0.0
2025-01-19 02:00:00,0.0,0.0,0.0
2025-01-19 03:00:00,0.0,0.0,0.0
2025-01-19 04:00:00,0.0,0.0,0.0
2025-01-19 05:00:00,0.0,0.0,0.0
2025-01-19 06:00:00,0.0,0.0,0.0
2025-01-19 07:00:00,4.512,3.692,0.0
2025-01-19 08:00:00,8.514,6.966,0.0
2025-01-19 09:00:00,15.296,12.515,0.0
2025-01-19 10:00:00,13.61,11.136,1.559
2025-01-19 11:00:00,19.455,15.918,1.739
2025-01-19 12:00:00,21.556,17.637,5.089
2025-01-19 13:00:00,16.963,13.879,4.066
2025-01-19 14:00:00,17.053,13.952,5.968
2025-01-19 15:00:00,10.067,8.237,0.467
2025-01-19 16:00:00,9.694,7.931,0.0
2025-01-19 17:00:00,4.548,3.721,0.0
2025-01-19 18:00:00,0.0,0.0,-3.248
2025-01-19 19:00:00,0.0,0.0,-3.824
2025-01-19 20:00:00,0.0,0.0,-2.667
2025-01-19 21:00:00,0.0,0.0,-1.91
2025-01-19 22:00:00,0.0,0.0,-1.534
2025-01-19 23:00:00,0.0,0.0,0.0
2025-01-20 00:00:00,0.0,0.0,0.0
2025-01-20 01:00:00,0.0,0.0,0.0
2025-01-20 02:00:00,0.0,0.0,0.0
2025-01-20 03:00:00,0.0,0.0,0.0
2025-01-20 04:00:00,0.0,0.0,0.0
2025-01-20 05:00:00,0.0,0.0,0.0
2025-01-20 06:00:00,0.0,0.0,0.0
2025-01-20 07:00:00,5.114,4.184,0.0
2025-01-20 08:00:00,10.708,8.761,0.0
2025-01-20 09:00:00,13.739,11.241,0.0
2025-01-20 10:00:00,14.619,11.961,5.901
2025-01-20 11:00:00,20.131,16.471,4.4
2025-01-20 12:00:00,17.938,14.677,3.209
2025-01-20 13:00:00,17.127,14.013,5.643
2025-01-20 14:00:00,19.024,15.565,1.487
2025-01-20 15:00:00,12.378,10.127,2.663
2025-01-20 16:00:00,7.913,6.474,0.0
2025-01-20 17:00:00,4.311,3.527,0.0
2025-01-20 18:00:00,0.0,0.0,-3.963
2025-01-20 19:00:00,0.0,0.0,-1.541
2025-01-20 20:00:00,0.0,0.0,-4.055
2025-01-20 21:00:00,0.0,0.0,-0.281
2025-01-20 22:00:00,0.0,0.0,-2.754
2025-01-20 23:00:00,0.0,0.0,0.0
2025-01-21 00:00:00,0.0,0.0,0.0
2025-01-21 01:00:00,0.0,0.0,0.0
2025-01-21 02:00:00,0.0,0.0,0.0
2025-01-21 03:00:00,0.0,0.0,0.0
2025-01-21 04:00:00,0.0,0.0,0.0
2025-01-21 05:00:00,0.0,0.0,0.0
2025-01-21 06:00:00,0.0,0.0,0.0
2025-01-21 07:00:00,5.302,4.338,0.0
2025-01-21 08:00:00,8.287,6.78,0.0
2025-01-21 09:00:00,12.96,10.604,0.0
2025-01-21 10:00:00,16.596,13.579,5.631
2025-01-21 11:00:00,18.835,15.411,4.942
2025-01-21 12:00:00,13.568,11.101,0.163
2025-01-21 13:00:00,14.13,11.561,4.596
2025-01-21 14:00:00,14.604,11.949,2.583
2025-01-21 15:00:00,12.957,10.601,2.048
2025-01-21 16:00:00,10.922,8.936,0.0
2025-01-21 17:00:00,4.296,3.515,0.0
2025-01-21 18:00:00,0.0,0.0,-1.032
2025-01-21 19:00:00,0.0,0.0,-1.685
2025-01-21 20:00:00,0.0,0.0,-0.291
2025-01-21 21:00:00,0.0,0.0,-3.915
2025-01-21 22:00:00,0.0,0.0,-3.372
2025-01-21 23:00:00,0.0,0.0,0.0
2025-01-22 00:00:00,0.0,0.0,0.0
2025-01-22 01:00:00,0.0,0.0,0.0
2025-01-22 02:00:00,0.0,0.0,0.0
2025-01-22 03:00:00,0.0,0.0,0.0
2025-01-22 04:00:00,0.0,0.0,0.0
2025-01-22 05:00:00,0.0,0.0,0.0
2025-01-22 06:00:00,0.0,0.0,0.0
2025-01-22 07:00:00,5.537,4.53,0.0
2025-01-22 08:00:00,7.626,6.24,0.0
2025-01-22 09:00:00,10.215,8.358,0.0
2025-01-22 10:00:00,12.219,9.997,5.129
2025-01-22 11:00:00,13.884,11.36,5.39
2025-01-22 12:00:00,20.326,16.631,0.362
2025-01-22 13:00:00,20.166,16.5,2.528
2025-01-22 14:00:00,15.077,12.335,0.743
2025-01-22 15:00:00,15.469,12.656,3.913
2025-01-22 16:00:00,9.81,8.027,0.0
2025-01-22 17:00:00,4.409,3.607,0.0
2025-01-22 18:00:00,0.0,0.0,-4.417
2025-01-22 19:00:00,0.0,0.0,-4.137
2025-01-22 20:00:00,0.0,0.0,-0.677
2025-01-22 21:00:00,0.0,0.0,-2.649
2025-01-22 22:00:00,0.0,0.0,-4.514
2025-01-22 23:00:00,0.0,0.0,0.0
2025-01-23 00:00:00,0.0,0.0,0.0
2025-01-23 01:00:00,0.0,0.0,0.0
2025-01-23 02:00:00,0.0,0.0,0.0
2025-01-23 03:00:00,0.0,0.0,0.0
2025-01-23 04:00:00,0.0,0.0,0.0
2025-01-23 05:00:00,0.0,0.0,0.0
2025-01-23 06:00:00,0.0,0.0,0.0
2025-01-23 07:00:00,5.415,4.431,0.0
2025-01-23 08:00:00,10.731,8.78,0.0
2025-01-23 09:00:00,10.624,8.692,0.0
2025-01-23 10:00:00,13.614,11.139,0.77
2025-01-23 11:00:00,17.961,14.695,4.085
2025-01-23 12:00:00,21.759,17.803,2.022
2025-01-23 13:00:00,15.477,12.663,2.753
2025-01-23 14:00:00,14.452,11.824,4.347
2025-01-23 15:00:00,12.365,10.117,3.653
2025-01-23 16:00:00,8.643,7.071,0.0
2025-01-23 17:00:00,5.199,4.254,0.0
2025-01-23 18:00:00,0.0,0.0,-2.053
2025-01-23 19:00:00,0.0,0.0,-2.632
2025-01-23 20:00:00,0.0,0.0,-2.554
2025-01-23 21:00:00,0.0,0.0,-4.14
2025-01-23 22:00:00,0.0,0.0,-2.802
2025-01-23 23:00:00,0.0,0.0,0.0
2025-01-24 00:00:00,0.0,0.0,0.0
2025-01-24 01:00:00,0.0,0.0,0.0
2025-01-24 02:00:00,0.0,0.0,0.0
2025-01-24 03:00:00,0.0,0.0,0.0
2025-01-24 04:00:00,0.0,0.0,0.0
2025-01-24 05:00:00,0.0,0.0,0.0
2025-01-24 06:00:00,0.0,0.0,0.0
2025-01-24 07:00:00,5.452,4.461,0.0
2025-01-24 08:00:00,9.185,7.515,0.0
2025-01-24 09:00:00,14.912,12.201,0.0
2025-01-24 10:00:00,13.446,11.002,0.935
2025-01-24 11:00:00,15.824,12.947,5.092
2025-01-24 12:00:00,16.284,13.323,5.793
2025-01-24 13:00:00,18.984,15.532,4.711
2025-01-24 14:00:00,14.847,12.147,5.728
2025-01-24 15:00:00,12.921,10.572,1.321
2025-01-24 16:00:00,10.06,8.231,0.0
2025-01-24 17:00:00,4.684,3.832,0.0
2025-01-24 18:00:00,0.0,0.0,-3.029
2025-01-24 19:00:00,0.0,0.0,-3.478
2025-01-24 20:00:00,0.0,0.0,-2.626
2025-01-24 21:00:00,0.0,0.0,-1.511
2025-01-24 22:00:00,0.0,0.0,-2.047
2025-01-24 23:00:00,0.0,0.0,0.0
2025-01-25 00:00:00,0.0,0.0,0.0
2025-01-25 01:00:00,0.0,0.0,0.0
2025-01-25 02:00:00,0.0,0.0,0.0
2025-01-25 03:00:00,0.0,0.0,0.0
2025-01-25 04:00:00,0.0,0.0,0.0
2025-01-25 05:00:00,0.0,0.0,0.0
2025-01-25 06:00:00,0.0,0.0,0.0
2025-01-25 07:00:00,5.427,4.44,0.0
2025-01-25 08:00:00,10.326,8.449,0.0
2025-01-25 09:00:00,9.658,7.902,0.0
2025-01-25 10:00:00,13.696,11.206,0.967
2025-01-25 11:00:00,16.514,13.512,5.469
2025-01-25 12:00:00,17.117,14.005,0.672
2025-01-25 13:00:00,19.25,15.75,1.774
2025-01-25 14:00:00,13.735,11.237,4.011
2025-01-25 15:00:00,11.852,9.697,0.543
2025-01-25 16:00:00,8.737,7.149,0.0
2025-01-25 17:00:00,4.141,3.388,0.0
2025-01-25 18:00:00,0.0,0.0,-4.279
2025-01-25 19:00:00,0.0,0.0,-4.143
2025-01-25 20:00:00,0.0,0.0,-0.297
2025-01-25 21:00:00,0.0,0.0,-3.165
2025-01-25 22:00:00,0.0,0.0,-3.265
2025-01-25 23:00:00,0.0,0.0,0.0
2025-01-26 00:00:00,0.0,0.0,0.0
2025-01-26 01:00:00,0.0,0.0,0.0
2025-01-26 02:00:00,0.0,0.0,0.0
2025-01-26 03:00:00,0.0,0.0,0.0
2025-01-26 04:00:00,0.0,0.0,0.0
2025-01-26 05:00:00,0.0,0.0,0.0
2025-01-26 06:00:00,0.0,0.0,0.0
2025-01-26 07:00:00,4.222,3.454,0.0
2025-01-26 08:00:00,7.831,6.408,0.0
2025-01-26 09:00:00,9.896,8.097,0.0
2025-01-26 10:00:00,12.978,10.618,5.902
2025-01-26 11:00:00,15.124,12.375,3.77
2025-01-26 12:00:00,17.569,14.375,5.811
2025-01-26 13:00:00,20.597,16.852,0.064
2025-01-26 14:00:00,11.621,9.508,1.093
2025-01-26 15:00:00,10.694,8.75,3.657
2025-01-26 16:00:00,8.229,6.732,0.0
2025-01-26 17:00:00,5.062,4.141,0.0
2025-01-26 18:00:00,0.0,0.0,-3.702
2025-01-26 19:00:00,0.0,0.0,-4.417
2025-01-26 20:00:00,0.0,0.0,-1.884
2025-01-26 21:00:00,0.0,0.0,-0.103
2025-01-26 22:00:00,0.0,0.0,-2.422
2025-01-26 23:00:00,0.0,0.0,0.0
2025-01-27 00:00:00,0.0,0.0,0.0
2025-01-27 01:00:00,0.0,0.0,0.0
2025-01-27 02:00:00,0.0,0.0,0.0
2025-01-27 03:00:00,0.0,0.0,0.0
2025-01-27 04:00:00,0.0,0.0,0.0
2025-01-27 05:00:00,0.0,0.0,0.0
2025-01-27 06:00:00,0.0,0.0,0.0
2025-01-27 07:00:00,3.97,3.249,0.0
2025-01-27 08:00:00,8.594,7.032,0.0
2025-01-27 09:00:00,13.993,11.449,0.0
2025-01-27 10:00:00,17.848,14.603,4.492
2025-01-27 11:00:00,20.447,16.729,3.322
2025-01-27 12:00:00,15.084,12.342,1.811
2025-01-27 13:00:00,20.141,16.479,5.145
2025-01-27 14:00:00,13.804,11.294,3.805
2025-01-27 15:00:00,13.741,11.243,1.671
2025-01-27 16:00:00,7.061,5.777,0.0
2025-01-27 17:00:00,5.16,4.221,0.0
2025-01-27 18:00:00,0.0,0.0,-0.236
2025-01-27 19:00:00,0.0,0.0,-1.882
2025-01-27 20:00:00,0.0,0.0,-0.984
2025-01-27 21:00:00,0.0,0.0,-3.073
2025-01-27 22:00:00,0.0,0.0,-4.254
2025-01-27 23:00:00,0.0,0.0,0.0
2025-01-28 00:00:00,0.0,0.0,0.0
2025-01-28 01:00:00,0.0,0.0,0.0
2025-01-28 02:00:00,0.0,0.0,0.0
2025-01-28 03:00:00,0.0,0.0,0.0
2025-01-28 04:00:00,0.0,0.0,0.0
2025-01-28 05:00:00,0.0,0.0,0.0
2025-01-28 06:00:00,0.0,0.0,0.0
2025-01-28 07:00:00,3.522,2.882,0.0
2025-01-28 08:00:00,6.915,5.658,0.0
2025-01-28 09:00:00,12.683,10.377,0.0
2025-01-28 10:00:00,15.593,12.758,4.199
2025-01-28 11:00:00,13.518,11.06,0.605
2025-01-28 12:00:00,13.94,11.406,5.843
2025-01-28 13:00:00,16.563,13.552,3.672
2025-01-28 14:00:00,16.76,13.713,2.302
2025-01-28 15:00:00,13.798,11.289,4.124
2025-01-28 16:00:00,7.42,6.071,0.0
2025-01-28 17:00:00,3.646,2.983,0.0
2025-01-28 18:00:00,0.0,0.0,-4.097
2025-01-28 19:00:00,0.0,0.0,-4.601
2025-01-28 20:00:00,0.0,0.0,-3.217
2025-01-28 21:00:00,0.0,0.0,-4.595
2025-01-28 22:00:00,0.0,0.0,-4.533
2025-01-28 23:00:00,0.0,0.0,0.0
2025-01-29 00:00:00,0.0,0.0,0.0
2025-01-29 01:00:00,0.0,0.0,0.0
2025-01-29 02:00:00,0.0,0.0,0.0
2025-01-29 03:00:00,0.0,0.0,0.0
2025-01-29 04:00:00,0.0,0.0,0.0
2025-01-29 05:00:00,0.0,0.0,0.0
2025-01-29 06:00:00,0.0,0.0,0.0
2025-01-29 07:00:00,3.438,2.813,0.0
2025-01-29 08:00:00,9.951,8.142,0.0
2025-01-29 09:00:00,14.72,12.043,0.0
2025-01-29 10:00:00,18.5,15.136,0.55
2025-01-29 11:00:00,17.524,14.338,4.669
2025-01-29 12:00:00,18.609,15.226,1.58
2025-01-29 13:00:00,19.098,15.625,1.325
2025-01-29 14:00:00,15.001,12.274,0.406
2025-01-29 15:00:00,12.599,10.308,3.712
2025-01-29 16:00:00,6.744,5.518,0.0
2025-01-29 17:00:00,5.332,4.362,0.0
2025-01-29 18:00:00,0.0,0.0,-1.977
2025-01-29 19:00:00,0.0,0.0,-1.097
2025-01-29 20:00:00,0.0,0.0,-1.51
2025-01-29 21:00:00,0.0,0.0,-3.824
2025-01-29 22:00:00,0.0,0.0,-4.396
2025-01-29 23:00:00,0.0,0.0,0.0
2025-01-30 00:00:00,0.0,0.0,0.0
2025-01-30 01:00:00,0.0,0.0,0.0
2025-01-30 02:00:00,0.0,0.0,0.0
2025-01-30 03:00:00,0.0,0.0,0.0
2025-01-30 04:00:00,0.0,0.0,0.0
2025-01-30 05:00:00,0.0,0.0,0.0
2025-01-30 06:00:00,0.0,0.0,0.0
2025-01-30 07:00:00,3.7,3.027,0.0
2025-01-30 08:00:00,7.185,5.879,0.0
2025-01-30 09:00:00,11.232,9.19,0.0
2025-01-30 10:00:00,12.608,10.316,3.528
2025-01-30 11:00:00,16.779,13.728,3.533
2025-01-30 12:00:00,13.651,11.169,4.639
2025-01-30 13:00:00,13.07,10.694,4.823
2025-01-30 14:00:00,11.696,9.569,3.088
2025-01-30 15:00:00,9.982,8.167,3.749
2025-01-30 16:00:00,8.463,6.924,0.0
2025-01-30 17:00:00,4.393,3.594,0.0
2025-01-30 18:00:00,0.0,0.0,-4.92
2025-01-30 19:00:00,0.0,0.0,-1.678
2025-01-30 20:00:00,0.0,0.0,-1.393
2025-01-30 21:00:00,0.0,0.0,-3.061
2025-01-30 22:00:00,0.0,0.0,-1.325
2025-01-30 23:00:00,0.0,0.0,0.0
2025-01-31 00:00:00,0.0,0.0,0.0
2025-01-31 01:00:00,0.0,0.0,0.0
2025-01-31 02:00:00,0.0,0.0,0.0
2025-01-31 03:00:00,0.0,0.0,0.0
2025-01-31 04:00:00,0.0,0.0,0.0
2025-01-31 05:00:00,0.0,0.0,0.0
2025-01-31 06:00:00,0.0,0.0,0.0
2025-01-31 07:00:00,3.672,3.005,0.0
2025-01-31 08:00:00,8.48,6.938,0.0
2025-01-31 09:00:00,12.516,10.241,0.0
2025-01-31 10:00:00,17.43,14.261,1.967
2025-01-31 11:00:00,20.134,16.473,1.745
2025-01-31 12:00:00,17.823,14.582,5.532
2025-01-31 13:00:00,20.924,17.12,3.718
2025-01-31 14:00:00,17.883,14.631,2.599
2025-01-31 15:00:00,15.356,12.564,1.83
2025-01-31 16:00:00,6.707,5.488,0.0
2025-01-31 17:00:00,4.993,4.085,0.0
2025-01-31 18:00:00,0.0,0.0,-2.432
2025-01-31 19:00:00,0.0,0.0,-3.749
2025-01-31 20:00:00,0.0,0.0,-2.307
2025-01-31 21:00:00,0.0,0.0,-4.607
2025-01-31 22:00:00,0.0,0.0,-3.69
2025-01-31 23:00:00,0.0,0.0,0.0
2025-02-01 00:00:00,0.0,0.0,0.0
2025-02-01 01:00:00,0.0,0.0,0.0
2025-02-01 02:00:00,0.0,0.0,0.0
2025-02-01 03:00:00,0.0,0.0,0.0
2025-02-01 04:00:00,0.0,0.0,0.0
2025-02-01 05:00:00,0.0,0.0,0.0
2025-02-01 06:00:00,0.0,0.0,0.0
2025-02-01 07:00:00,4.134,3.382,0.0
2025-02-01 08:00:00,8.26,6.758,0.0
2025-02-01 09:00:00,14.909,12.199,0.0
2025-02-01 10:00:00,15.828,12.95,0.348
2025-02-01 11:00:00,18.226,14.912,4.367
2025-02-01 12:00:00,14.315,11.712,1.938
2025-02-01 13:00:00,13.97,11.43,3.92
2025-02-01 14:00:00,17.597,14.397,0.499
2025-02-01 15:00:00,10.808,8.843,2.187
2025-02-01 16:00:00,9.037,7.394,0.0
2025-02-01 17:00:00,3.812,3.119,0.0
2025-02-01 18:00:00,0.0,0.0,-0.584
2025-02-01 19:00:00,0.0,0.0,-0.612
2025-02-01 20:00:00,0.0,0.0,-3.162
2025-02-01 21:00:00,0.0,0.0,-2.671
2025-02-01 22:00:00,0.0,0.0,-3.488
2025-02-01 23:00:00,0.0,0.0,0.0
2025-02-02 00:00:00,0.0,0.0,0.0
2025-02-02 01:00:00,0.0,0.0,0.0
2025-02-02 02:00:00,0.0,0.0,0.0
2025-02-02 03:00:00,0.0,0.0,0.0
2025-02-02 04:00:00,0.0,0.0,0.0
2025-02-02 05:00:00,0.0,0.0,0.0
2025-02-02 06:00:00,0.0,0.0,0.0
2025-02-02 07:00:00,3.879,3.174,0.0
2025-02-02 08:00:00,10.71,8.763,0.0
2025-02-02 09:00:00,9.612,7.864,0.0
2025-02-02 10:00:00,17.377,14.218,0.646
2025-02-02 11:00:00,19.273,15.769,1.732
2025-02-02 12:00:00,14.943,12.226,5.167
2025-02-02 13:00:00,16.381,13.403,1.587
2025-02-02 14:00:00,15.296,12.515,4.486
2025-02-02 15:00:00,14.36,11.749,3.117
2025-02-02 16:00:00,9.273,7.587,0.0
2025-02-02 17:00:00,4.474,3.661,0.0
2025-02-02 18:00:00,0.0,0.0,-1.735
2025-02-02 19:00:00,0.0,0.0,-1.805
2025-02-02 20:00:00,0.0,0.0,-3.349
2025-02-02 21:00:00,0.0,0.0,-1.361
2025-02-02 22:00:00,0.0,0.0,-4.886
2025-02-02 23:00:00,0.0,0.0,0.0
2025-02-03 00:00:00,0.0,0.0,0.0
2025-02-03 01:00:00,0.0,0.0,0.0
2025-02-03 02:00:00,0.0,0.0,0.0
2025-02-03 03:00:00,0.0,0.0,0.0
2025-02-03 04:00:00,0.0,0.0,0.0
2025-02-03 05:00:00,0.0,0.0,0.0
2025-02-03 06:00:00,0.0,0.0,0.0
2025-02-03 07:00:00,5.422,4.436,0.0
2025-02-03 08:00:00,7.955,6.509,0.0
2025-02-03 09:00:00,14.885,12.179,0.0
2025-02-03 10:00:00,15.33,12.543,5.056
2025-02-03 11:00:00,18.448,15.094,1.588
2025-02-03 12:00:00,21.255,17.391,0.141
2025-02-03 13:00:00,13.76,11.258,4.965
2025-02-03 14:00:00,13.1,10.719,0.315
2025-02-03 15:00:00,9.346,7.647,1.877
2025-02-03 16:00:00,8.171,6.685,0.0
2025-02-03 17:00:00,4.811,3.936,0.0
2025-02-03 18:00:00,0.0,0.0,-4.419
2025-02-03 19:00:00,0.0,0.0,-1.008
2025-02-03 20:00:00,0.0,0.0,-2.514
2025-02-03 21:00:00,0.0,0.0,-2.961
2025-02-03 22:00:00,0.0,0.0,-3.88
2025-02-03 23:00:00,0.0,0.0,0.0
2025-02-04 00:00:00,0.0,0.0,0.0
2025-02-04 01:00:00,0.0,0.0,0.0
2025-02-04 02:00:00,0.0,0.0,0.0
2025-02-04 03:00:00,0.0,0.0,0.0
2025-02-04 04:00:00,0.0,0.0,0.0
2025-02-04 05:00:00,0.0,0.0,0.0
2025-02-04 06:00:00,0.0,0.0,0.0
2025-02-04 07:00:00,4.363,3.569,0.0
2025-02-04 08:00:00,9.634,7.882,0.0
2025-02-04 09:00:00,14.411,11.79,0.0
2025-02-04 10:00:00,14.236,11.648,3.114
2025-02-04 11:00:00,20.936,17.129,5.961
2025-02-04 12:00:00,18.192,14.884,4.133
2025-02-04 13:00:00,19.211,15.718,2.786
2025-02-04 14:00:00,14.489,11.854,3.299
2025-02-04 15:00:00,14.033,11.481,5.378
2025-02-04 16:00:00,10.719,8.77,0.0
2025-02-04 17:00:00,4.81,3.936,0.0
2025-02-04 18:00:00,0.0,0.0,-0.794
2025-02-04 19:00:00,0.0,0.0,-3.76
2025-02-04 20:00:00,0.0,0.0,-0.106
2025-02-04 21:00:00,0.0,0.0,-4.548
2025-02-04 22:00:00,0.0,0.0,-0.521
2025-02-04 23:00:00,0.0,0.0,0.0
2025-02-05 00:00:00,0.0,0.0,0.0
2025-02-05 01:00:00,0.0,0.0,0.0
2025-02-05 02:00:00,0.0,0.0,0.0
2025-02-05 03:00:00,0.0,0.0,0.0
2025-02-05 04:00:00,0.0,0.0,0.0
2025-02-05 05:00:00,0.0,0.0,0.0
2025-02-05 06:00:00,0.0,0.0,0.0
2025-02-05 07:00:00,4.537,3.712,0.0
2025-02-05 08:00:00,10.048,8.221,0.0
2025-02-05 09:00:00,10.598,8.671,0.0
2025-02-05 10:00:00,16.817,13.759,1.126
2025-02-05 11:00:00,19.871,16.258,0.134
2025-02-05 12:00:00,14.458,11.829,1.316
2025-02-05 13:00:00,13.541,11.079,5.52
2025-02-05 14:00:00,11.798,9.653,2.209
2025-02-05 15:00:00,9.656,7.9,5.244
2025-02-05 16:00:00,9.151,7.487,0.0
2025-02-05 17:00:00,5.23,4.279,0.0
2025-02-05 18:00:00,0.0,0.0,-4.937
2025-02-05 19:00:00,0.0,0.0,-4.384
2025-02-05 20:00:00,0.0,0.0,-4.064
2025-02-05 21:00:00,0.0,0.0,-3.42
2025-02-05 22:00:00,0.0,0.0,-3.818
2025-02-05 23:00:00,0.0,0.0,0.0
2025-02-06 00:00:00,0.0,0.0,0.0
2025-02-06 01:00:00,0.0,0.0,0.0
2025-02-06 02:00:00,0.0,0.0,0.0
2025-02-06 03:00:00,0.0,0.0,0.0
2025-02-06 04:00:00,0.0,0.0,0.0
2025-02-06 05:00:00,0.0,0.0,0.0
2025-02-06 06:00:00,0.0,0.0,0.0
2025-02-06 07:00:00,4.706,3.851,0.0
2025-02-06 08:00:00,8.972,7.341,0.0
2025-02-06 09:00:00,11.749,9.613,0.0
2025-02-06 10:00:00,16.469,13.475,3.407
2025-02-06 11:00:00,19.907,16.288,4.319
2025-02-06 12:00:00,14.829,12.132,4.557
2025-02-06 13:00:00,16.256,13.3,4.869
2025-02-06 14:00:00,16.96,13.876,3.517
2025-02-06 15:00:00,15.052,12.315,5.387
2025-02-06 16:00:00,7.613,6.229,0.0
2025-02-06 17:00:00,5.078,4.154,0.0
2025-02-06 18:00:00,0.0,0.0,-0.668
2025-02-06 19:00:00,0.0,0.0,-2.9
2025-02-06 20:00:00,0.0,0.0,-2.422
2025-02-06 21:00:00,0.0,0.0,-2.301
2025-02-06 22:00:00,0.0,0.0,-3.022
2025-02-06 23:00:00,0.0,0.0,0.0
2025-02-07 00:00:00,0.0,0.0,0.0
2025-02-07 01:00:00,0.0,0.0,0.0
2025-02-07 02:00:00,0.0,0.0,0.0
2025-02-07 03:00:00,0.0,0.0,0.0
2025-02-07 04:00:00,0.0,0.0,0.0
2025-02-07 05:00:00,0.0,0.0,0.0
2025-02-07 06:00:00,0.0,0.0,0.0
2025-02-07 07:00:00,5.189,4.246,0.0
2025-02-07 08:00:00,9.379,7.673,0.0
2025-02-07 09:00:00,9.312,7.619,0.0
2025-02-07 10:00:00,15.958,13.057,3.88
2025-02-07 11:00:00,20.047,16.402,4.371
2025-02-07 12:00:00,16.029,13.115,4.904
2025-02-07 13:00:00,16.307,13.342,5.323
2025-02-07 14:00:00,13.86,11.34,5.88
2025-02-07 15:00:00,12.602,10.311,4.942
2025-02-07 16:00:00,9.501,7.774,0.0
2025-02-07 17:00:00,5.528,4.523,0.0
2025-02-07 18:00:00,0.0,0.0,-3.393
2025-02-07 19:00:00,0.0,0.0,-4.417
2025-02-07 20:00:00,0.0,0.0,-3.512
2025-02-07 21:00:00,0.0,0.0,-1.275
2025-02-07 22:00:00,0.0,0.0,-2.168
2025-02-07 23:00:00,0.0,0.0,0.0
2025-02-08 00:00:00,0.0,0.0,0.0
2025-02-08 01:00:00,0.0,0.0,0.0
2025-02-08 02:00:00,0.0,0.0,0.0
2025-02-08 03:00:00,0.0,0.0,0.0
2025-02-08 04:00:00,0.0,0.0,0.0
2025-02-08 05:00:00,0.0,0.0,0.0
2025-02-08 06:00:00,0.0,0.0,0.0
2025-02-08 07:00:00,4.75,3.886,0.0
2025-02-08 08:00:00,8.088,6.618,0.0
2025-02-08 09:00:00,9.825,8.039,0.0
2025-02-08 10:00:00,14.78,12.093,3.459
2025-02-08 11:00:00,18.236,14.92,4.312
2025-02-08 12:00:00,21.107,17.27,1.374
2025-02-08 13:00:00,20.499,16.772,2.727
2025-02-08 14:00:00,14.194,11.614,5.185
2025-02-08 15:00:00,12.575,10.289,0.36
2025-02-08 16:00:00,9.165,7.499,0.0
2025-02-08 17:00:00,5.332,4.362,0.0
2025-02-08 18:00:00,0.0,0.0,-0.795
2025-02-08 19:00:00,0.0,0.0,-0.436
2025-02-08 20:00:00,0.0,0.0,-0.572
2025-02-08 21:00:00,0.0,0.0,-2.134
2025-02-08 22:00:00,0.0,0.0,-4.589
2025-02-08 23:00:00,0.0,0.0,0.0
2025-02-09 00:00:00,0.0,0.0,0.0
2025-02-09 01:00:00,0.0,0.0,0.0
2025-02-09 02:00:00,0.0,0.0,0.0
2025-02-09 03:00:00,0.0,0.0,0.0
2025-02-09 04:00:00,0.0,0.0,0.0
2025-02-09 05:00:00,0.0,0.0,0.0
2025-02-09 06:00:00,0.0,0.0,0.0
2025-02-09 07:00:00,4.69,3.838,0.0
2025-02-09 08:00:00,6.947,5.684,0.0
2025-02-09 09:00:00,14.228,11.641,0.0
2025-02-09 10:00:00,13.42,10.98,1.5
2025-02-09 11:00:00,20.587,16.844,0.155
2025-02-09 12:00:00,13.604,11.131,1.435
2025-02-09 13:00:00,14.644,11.981,0.982
2025-02-09 14:00:00,14.184,11.605,2.603
2025-02-09 15:00:00,12.199,9.981,2.479
2025-02-09 16:00:00,7.235,5.919,0.0
2025-02-09 17:00:00,4.351,3.56,0.0
2025-02-09 18:00:00,0.0,0.0,-2.086
2025-02-09 19:00:00,0.0,0.0,-0.183
2025-02-09 20:00:00,0.0,0.0,-2.268
2025-02-09 21:00:00,0.0,0.0,-4.199
2025-02-09 22:00:00,0.0,0.0,-0.436
2025-02-09 23:00:00,0.0,0.0,0.0
2025-02-10 00:00:00,0.0,0.0,0.0
2025-02-10 01:00:00,0.0,0.0,0.0
2025-02-10 02:00:00,0.0,0.0,0.0
2025-02-10 03:00:00,0.0,0.0,0.0
2025-02-10 04:00:00,0.0,0.0,0.0
2025-02-10 05:00:00,0.0,0.0,0.0
2025-02-10 06:00:00,0.0,0.0,0.0
2025-02-10 07:00:00,4.316,3.531,0.0
2025-02-10 08:00:00,10.077,8.245,0.0
2025-02-10 09:00:00,14.865,12.162,0.0
2025-02-10 10:00:00,11.585,9.479,2.597
2025-02-10 11:00:00,13.76,11.258,4.282
2025-02-10 12:00:00,14.14,11.569,3.418
2025-02-10 13:00:00,13.679,11.192,0.548
2025-02-10 14:00:00,13.064,10.689,1.985
2025-02-10 15:00:00,13.069,10.693,0.457
2025-02-10 16:00:00,8.321,6.808,0.0
2025-02-10 17:00:00,3.694,3.022,0.0
2025-02-10 18:00:00,0.0,0.0,-0.251
2025-02-10 19:00:00,0.0,0.0,-0.412
2025-02-10 20:00:00,0.0,0.0,-4.143
2025-02-10 21:00:00,0.0,0.0,-3.917
2025-02-10 22:00:00,0.0,0.0,-1.263
2025-02-10 23:00:00,0.0,0.0,0.0
2025-02-11 00:00:00,0.0,0.0,0.0
2025-02-11 01:00:00,0.0,0.0,0.0
2025-02-11 02:00:00,0.0,0.0,0.0
2025-02-11 03:00:00,0.0,0.0,0.0
2025-02-11 04:00:00,0.0,0.0,0.0
2025-02-11 05:00:00,0.0,0.0,0.0
2025-02-11 06:00:00,0.0,0.0,0.0
2025-02-11 07:00:00,5.289,4.327,0.0
2025-02-11 08:00:00,9.165,7.498,0.0
2025-02-11 09:00:00,11.774,9.634,0.0
2025-02-11 10:00:00,17.91,14.654,5.45
2025-02-11 11:00:00,16.388,13.408,1.059
2025-02-11 12:00:00,16.665,13.635,2.268
2025-02-11 13:00:00,13.011,10.645,1.726
2025-02-11 14:00:00,14.527,11.886,3.995
2025-02-11 15:00:00,13.016,10.649,1.377
2025-02-11 16:00:00,7.285,5.961,0.0
2025-02-11 17:00:00,3.358,2.747,0.0
2025-02-11 18:00:00,0.0,0.0,-1.915
2025-02-11 19:00:00,0.0,0.0,-3.939
2025-02-11 20:00:00,0.0,0.0,-1.554
2025-02-11 21:00:00,0.0,0.0,-2.947
2025-02-11 22:00:00,0.0,0.0,-0.27
2025-02-11 23:00:00,0.0,0.0,0.0
2025-02-12 00:00:00,0.0,0.0,0.0
2025-02-12 01:00:00,0.0,0.0,0.0
2025-02-12 02:00:00,0.0,0.0,0.0
2025-02-12 03:00:00,0.0,0.0,0.0
2025-02-12 04:00:00,0.0,0.0,0.0
2025-02-12 05:00:00,0.0,0.0,0.0
2025-02-12 06:00:00,0.0,0.0,0.0
2025-02-12 07:00:00,4.731,3.871,0.0
2025-02-12 08:00:00,8.959,7.33,0.0
2025-02-12 09:00:00,11.171,9.14,0.0
2025-02-12 10:00:00,16.005,13.095,2.995
2025-02-12 11:00:00,16.642,13.616,5.653
2025-02-12 12:00:00,17.399,14.236,2.983
2025-02-12 13:00:00,14.975,12.252,5.467
2025-02-12 14:00:00,12.086,9.889,2.132
2025-02-12 15:00:00,11.125,9.102,0.978
2025-02-12 16:00:00,8.17,6.685,0.0
2025-02-12 17:00:00,5.093,4.167,0.0
2025-02-12 18:00:00,0.0,0.0,-0.229
2025-02-12 19:00:00,0.0,0.0,-2.428
2025-02-12 20:00:00,0.0,0.0,-1.93
2025-02-12 21:00:00,0.0,0.0,-3.889
2025-02-12 22:00:00,0.0,0.0,-4.472
2025-02-12 23:00:00,0.0,0.0,0.0
2025-02-13 00:00:00,0.0,0.0,0.0
2025-02-13 01:00:00,0.0,0.0,0.0
2025-02-13 02:00:00,0.0,0.0,0.0
2025-02-13 03:00:00,0.0,0.0,0.0
2025-02-13 04:00:00,0.0,0.0,0.0
2025-02-13 05:00:00,0.0,0.0,0.0
2025-02-13 06:00:00,0.0,0.0,0.0
2025-02-13 07:00:00,4.23,3.461,0.0
2025-02-13 08:00:00,7.267,5.945,0.0
2025-02-13 09:00:00,9.212,7.537,0.0
2025-02-13 10:00:00,12.308,10.07,5.923
2025-02-13 11:00:00,20.534,16.8,3.519
2025-02-13 12:00:00,16.119,13.188,3.75
2025-02-13 13:00:00,12.915,10.567,0.009
2025-02-13 14:00:00,15.792,12.921,1.092
2025-02-13 15:00:00,14.452,11.824,0.468
2025-02-13 16:00:00,9.489,7.764,0.0
2025-02-13 17:00:00,4.371,3.576,0.0
2025-02-13 18:00:00,0.0,0.0,-0.943
2025-02-13 19:00:00,0.0,0.0,-2.018
2025-02-13 20:00:00,0.0,0.0,-1.345
2025-02-13 21:00:00,0.0,0.0,-2.407
2025-02-13 22:00:00,0.0,0.0,-0.078
2025-02-13 23:00:00,0.0,0.0,0.0
2025-02-14 00:00:00,0.0,0.0,0.0
2025-02-14 01:00:00,0.0,0.0,0.0
2025-02-14 02:00:00,0.0,0.0,0.0
2025-02-14 03:00:00,0.0,0.0,0.0
2025-02-14 04:00:00,0.0,0.0,0.0
2025-02-14 05:00:00,0.0,0.0,0.0
2025-02-14 06:00:00,0.0,0.0,0.0
2025-02-14 07:00:00,4.813,3.938,0.0
2025-02-14 08:00:00,8.823,7.219,0.0
2025-02-14 09:00:00,12.056,9.864,0.0
2025-02-14 10:00:00,12.185,9.969,0.83
2025-02-14 11:00:00,20.528,16.796,4.268
2025-02-14 12:00:00,19.074,15.606,1.269
2025-02-14 13:00:00,14.181,11.603,2.698
2025-02-14 14:00:00,15.734,12.873,3.459
2025-02-14 15:00:00,11.01,9.008,1.915
2025-02-14 16:00:00,7.867,6.436,0.0
2025-02-14 17:00:00,3.655,2.99,0.0
2025-02-14 18:00:00,0.0,0.0,-1.454
2025-02-14 19:00:00,0.0,0.0,-2.748
2025-02-14 20:00:00,0.0,0.0,-1.355
2025-02-14 21:00:00,0.0,0.0,-0.876
2025-02-14 22:00:00,0.0,0.0,-0.123
2025-02-14 23:00:00,0.0,0.0,0.0
2025-02-15 00:00:00,0.0,0.0,0.0
2025-02-15 01:00:00,0.0,0.0,0.0
2025-02-15 02:00:00,0.0,0.0,0.0
2025-02-15 03:00:00,0.0,0.0,0.0
2025-02-15 04:00:00,0.0,0.0,0.0
2025-02-15 05:00:00,0.0,0.0,0.0
2025-02-15 06:00:00,0.0,0.0,0.0
2025-02-15 07:00:00,5.071,4.149,0.0
2025-02-15 08:00:00,6.655,5.445,0.0
2025-02-15 09:00:00,14.491,11.856,0.0
2025-02-15 10:00:00,13.999,11.454,2.724
2025-02-15 11:00:00,19.999,16.363,2.666
2025-02-15 12:00:00,15.971,13.068,2.845
2025-02-15 13:00:00,12.892,10.548,2.388
2025-02-15 14:00:00,12.344,10.1,1.262
2025-02-15 15:00:00,9.45,7.732,0.186
2025-02-15 16:00:00,10.671,8.731,0.0
2025-02-15 17:00:00,4.221,3.453,0.0
2025-02-15 18:00:00,0.0,0.0,-1.569
2025-02-15 19:00:00,0.0,0.0,-2.919
2025-02-15 20:00:00,0.0,0.0,-4.727
2025-02-15 21:00:00,0.0,0.0,-2.977
2025-02-15 22:00:00,0.0,0.0,-1.11
2025-02-15 23:00:00,0.0,0.0,0.0
2025-02-16 00:00:00,0.0,0.0,0.0
2025-02-16 01:00:00,0.0,0.0,0.0
2025-02-16 02:00:00,0.0,0.0,0.0
2025-02-16 03:00:00,0.0,0.0,0.0
2025-02-16 04:00:00,0.0,0.0,0.0
2025-02-16 05:00:00,0.0,0.0,0.0
2025-02-16 06:00:00,0.0,0.0,0.0
2025-02-16 07:00:00,5.173,4.232,0.0
2025-02-16 08:00:00,8.696,7.115,0.0
2025-02-16 09:00:00,15.008,12.279,0.0
2025-02-16 10:00:00,13.22,10.817,3.295
2025-02-16 11:00:00,12.818,10.487,0.242
2025-02-16 12:00:00,14.653,11.989,3.798
2025-02-16 13:00:00,15.977,13.072,5.13
2025-02-16 14:00:00,14.02,11.471,2.356
2025-02-16 15:00:00,10.871,8.895,5.793
2025-02-16 16:00:00,9.465,7.744,0.0
2025-02-16 17:00:00,4.709,3.853,0.0
2025-02-16 18:00:00,0.0,0.0,-4.628
2025-02-16 19:00:00,0.0,0.0,-4.258
2025-02-16 20:00:00,0.0,0.0,-0.004
2025-02-16 21:00:00,0.0,0.0,-3.969
2025-02-16 22:00:00,0.0,0.0,-0.329
2025-02-16 23:00:00,0.0,0.0,0.0
2025-02-17 00:00:00,0.0,0.0,0.0
2025-02-17 01:00:00,0.0,0.0,0.0
2025-02-17 02:00:00,0.0,0.0,0.0
2025-02-17 03:00:00,0.0,0.0,0.0
2025-02-17 04:00:00,0.0,0.0,0.0
2025-02-17 05:00:00,0.0,0.0,0.0
2025-02-17 06:00:00,0.0,0.0,0.0
2025-02-17 07:00:00,4.654,3.808,0.0
2025-02-17 08:00:00,6.513,5.329,0.0
2025-02-17 09:00:00,10.779,8.819,0.0
2025-02-17 10:00:00,15.308,12.525,0.435
2025-02-17 11:00:00,15.133,12.382,4.085
2025-02-17 12:00:00,17.151,14.032,3.405
2025-02-17 13:00:00,16.094,13.168,2.913
2025-02-17 14:00:00,15.75,12.886,3.488
2025-02-17 15:00:00,13.894,11.367,4.539
2025-02-17 16:00:00,8.96,7.331,0.0
2025-02-17 17:00:00,4.185,3.424,0.0
2025-02-17 18:00:00,0.0,0.0,-1.073
2025-02-17 19:00:00,0.0,0.0,-3.369
2025-02-17 20:00:00,0.0,0.0,-2.084
2025-02-17 21:00:00,0.0,0.0,-2.614
2025-02-17 22:00:00,0.0,0.0,-2.95
2025-02-17 23:00:00,0.0,0.0,0.0
2025-02-18 00:00:00,0.0,0.0,0.0
2025-02-18 01:00:00,0.0,0.0,0.0
2025-02-18 02:00:00,0.0,0.0,0.0
2025-02-18 03:00:00,0.0,0.0,0.0
2025-02-18 04:00:00,0.0,0.0,0.0
2025-02-18 05:00:00,0.0,0.0,0.0
2025-02-18 06:00:00,0.0,0.0,0.0
2025-02-18 07:00:00,5.261,4.304,0.0
2025-02-18 08:00:00,8.731,7.144,0.0
2025-02-18 09:00:00,9.112,7.455,0.0
2025-02-18 10:00:00,16.263,13.306,3.948
2025-02-18 11:00:00,16.354,13.381,3.26
2025-02-18 12:00:00,19.622,16.054,4.588
2025-02-18 13:00:00,13.231,10.825,0.216
2025-02-18 14:00:00,12.367,10.118,5.075
2025-02-18 15:00:00,13.583,11.113,2.682
2025-02-18 16:00:00,8.821,7.217,0.0
2025-02-18 17:00:00,4.769,3.902,0.0
2025-02-18 18:00:00,0.0,0.0,-2.212
2025-02-18 19:00:00,0.0,0.0,-0.599
2025-02-18 20:00:00,0.0,0.0,-3.807
2025-02-18 21:00:00,0.0,0.0,-3.796
2025-02-18 22:00:00,0.0,0.0,-1.659
2025-02-18 23:00:00,0.0,0.0,0.0
2025-02-19 00:00:00,0.0,0.0,0.0
2025-02-19 01:00:00,0.0,0.0,0.0
2025-02-19 02:00:00,0.0,0.0,0.0
2025-02-19 03:00:00,0.0,0.0,0.0
2025-02-19 04:00:00,0.0,0.0,0.0
2025-02-19 05:00:00,0.0,0.0,0.0
2025-02-19 06:00:00,0.0,0.0,0.0
2025-02-19 07:00:00,4.174,3.415,0.0
2025-02-19 08:00:00,7.539,6.168,0.0
2025-02-19 09:00:00,12.511,10.236,0.0
2025-02-19 10:00:00,11.956,9.782,3.971
2025-02-19 11:00:00,12.311,10.072,4.395
2025-02-19 12:00:00,19.683,16.104,5.797
2025-02-19 13:00:00,19.367,15.845,5.989
2025-02-19 14:00:00,13.244,10.836,0.963
2025-02-19 15:00:00,10.592,8.666,1.478
2025-02-19 16:00:00,8.708,7.125,0.0
2025-02-19 17:00:00,3.508,2.87,0.0
2025-02-19 18:00:00,0.0,0.0,-0.782
2025-02-19 19:00:00,0.0,0.0,-1.914
2025-02-19 20:00:00,0.0,0.0,-2.263
2025-02-19 21:00:00,0.0,0.0,-3.995
2025-02-19 22:00:00,0.0,0.0,-0.436
2025-02-19 23:00:00,0.0,0.0,0.0
2025-02-20 00:00:00,0.0,0.0,0.0
2025-02-20 01:00:00,0.0,0.0,0.0
2025-02-20 02:00:00,0.0,0.0,0.0
2025-02-20 03:00:00,0.0,0.0,0.0
2025-02-20 04:00:00,0.0,0.0,0.0
2025-02-20 05:00:00,0.0,0.0,0.0
2025-02-20 06:00:00,0.0,0.0,0.0
2025-02-20 07:00:00,5.272,4.314,0.0
2025-02-20 08:00:00,6.636,5.43,0.0
2025-02-20 09:00:00,14.255,11.663,0.0
2025-02-20 10:00:00,14.453,11.825,5.962
2025-02-20 11:00:00,16.64,13.614,5.802
2025-02-20 12:00:00,12.876,10.535,3.859
2025-02-20 13:00:00,17.575,14.379,0.322
2025-02-20 14:00:00,11.565,9.462,1.781
2025-02-20 15:00:00,12.618,10.324,3.427
2025-02-20 16:00:00,8.489,6.946,0.0
2025-02-20 17:00:00,4.089,3.345,0.0
2025-02-20 18:00:00,0.0,0.0,-3.401
2025-02-20 19:00:00,0.0,0.0,-4.712
2025-02-20 20:00:00,0.0,0.0,-3.291
2025-02-20 21:00:00,0.0,0.0,-4.372
2025-02-20 22:00:00,0.0,0.0,-4.604
2025-02-20 23:00:00,0.0,0.0,0.0
2025-02-21 00:00:00,0.0,0.0,0.0
2025-02-21 01:00:00,0.0,0.0,0.0
2025-02-21 02:00:00,0.0,0.0,0.0
2025-02-21 03:00:00,0.0,0.0,0.0
2025-02-21 04:00:00,0.0,0.0,0.0
2025-02-21 05:00:00,0.0,0.0,0.0
2025-02-21 06:00:00,0.0,0.0,0.0
2025-02-21 07:00:00,3.545,2.9,0.0
2025-02-21 08:00:00,10.345,8.464,0.0
2025-02-21 09:00:00,14.456,11.828,0.0
2025-02-21 10:00:00,16.019,13.107,5.989
2025-02-21 11:00:00,16.984,13.896,0.284
2025-02-21 12:00:00,21.004,17.185,5.732
2025-02-21 13:00:00,18.817,15.396,3.785
2025-02-21 14:00:00,13.205,10.804,3.962
2025-02-21 15:00:00,10.824,8.856,0.604
2025-02-21 16:00:00,7.308,5.979,0.0
2025-02-21 17:00:00,3.964,3.244,0.0
2025-02-21 18:00:00,0.0,0.0,-0.545
2025-02-21 19:00:00,0.0,0.0,-0.476
2025-02-21 20:00:00,0.0,0.0,-2.437
2025-02-21 21:00:00,0.0,0.0,-3.402
2025-02-21 22:00:00,0.0,0.0,-0.4
2025-02-21 23:00:00,0.0,0.0,0.0
2025-02-22 00:00:00,0.0,0.0,0.0
2025-02-22 01:00:00,0.0,0.0,0.0
2025-02-22 02:00:00,0.0,0.0,0.0
2025-02-22 03:00:00,0.0,0.0,0.0
2025-02-22 04:00:00,0.0,0.0,0.0
2025-02-22 05:00:00,0.0,0.0,0.0
2025-02-22 06:00:00,0.0,0.0,0.0
2025-02-22 07:00:00,5.015,4.103,0.0
2025-02-22 08:00:00,7.421,6.072,0.0
2025-02-22 09:00:00,10.069,8.238,0.0
2025-02-22 10:00:00,15.086,12.343,0.801
2025-02-22 11:00:00,18.283,14.959,3.292
2025-02-22 12:00:00,14.821,12.126,5.748
2025-02-22 13:00:00,13.885,11.36,2.433
2025-02-22 14:00:00,13.503,11.048,2.859
2025-02-22 15:00:00,12.149,9.94,3.035
2025-02-22 16:00:00,8.675,7.098,0.0
2025-02-22 17:00:00,5.027,4.113,0.0
2025-02-22 18:00:00,0.0,0.0,-0.025
2025-02-22 19:00:00,0.0,0.0,-4.5
2025-02-22 20:00:00,0.0,0.0,-2.007
2025-02-22 21:00:00,0.0,0.0,-1.446
2025-02-22 22:00:00,0.0,0.0,-2.559
2025-02-22 23:00:00,0.0,0.0,0.0
2025-02-23 00:00:00,0.0,0.0,0.0
2025-02-23 01:00:00,0.0,0.0,0.0
2025-02-23 02:00:00,0.0,0.0,0.0
2025-02-23 03:00:00,0.0,0.0,0.0
2025-02-23 04:00:00,0.0,0.0,0.0
2025-02-23 05:00:00,0.0,0.0,0.0
2025-02-23 06:00:00,0.0,0.0,0.0
2025-02-23 07:00:00,4.699,3.845,0.0
2025-02-23 08:00:00,7.247,5.93,0.0
2025-02-23 09:00:00,9.255,7.573,0.0
2025-02-23 10:00:00,12.058,9.865,1.033
2025-02-23 11:00:00,17.589,14.391,4.683
2025-02-23 12:00:00,16.627,13.604,4.842
2025-02-23 13:00:00,15.331,12.544,2.132
2025-02-23 14:00:00,14.787,12.099,1.015
2025-02-23 15:00:00,9.739,7.968,2.718
2025-02-23 16:00:00,8.47,6.93,0.0
2025-02-23 17:00:00,4.303,3.52,0.0
2025-02-23 18:00:00,0.0,0.0,-1.249
2025-02-23 19:00:00,0.0,0.0,-3.182
2025-02-23 20:00:00,0.0,0.0,-0.423
2025-02-23 21:00:00,0.0,0.0,-4.857
2025-02-23 22:00:00,0.0,0.0,-2.549
2025-02-23 23:00:00,0.0,0.0,0.0
2025-02-24 00:00:00,0.0,0.0,0.0
2025-02-24 01:00:00,0.0,0.0,0.0
2025-02-24 02:00:00,0.0,0.0,0.0
2025-02-24 03:00:00,0.0,0.0,0.0
2025-02-24 04:00:00,0.0,0.0,0.0
2025-02-24 05:00:00,0.0,0.0,0.0
2025-02-24 06:00:00,0.0,0.0,0.0
2025-02-24 07:00:00,3.857,3.156,0.0
2025-02-24 08:00:00,9.45,7.732,0.0
2025-02-24 09:00:00,12.337,10.094,0.0
2025-02-24 10:00:00,11.561,9.459,3.927
2025-02-24 11:00:00,15.542,12.716,1.7
2025-02-24 12:00:00,20.582,16.84,1.383
2025-02-24 13:00:00,12.764,10.444,2.805
2025-02-24 14:00:00,13.216,10.813,0.509
2025-02-24 15:00:00,9.56,7.822,1.836
2025-02-24 16:00:00,9.513,7.783,0.0
2025-02-24 17:00:00,4.538,3.713,0.0
2025-02-24 18:00:00,0.0,0.0,-3.472
2025-02-24 19:00:00,0.0,0.0,-3.238
2025-02-24 20:00:00,0.0,0.0,-4.766
2025-02-24 21:00:00,0.0,0.0,-0.292
2025-02-24 22:00:00,0.0,0.0,-2.67
2025-02-24 23:00:00,0.0,0.0,0.0
2025-02-25 00:00:00,0.0,0.0,0.0
2025-02-25 01:00:00,0.0,0.0,0.0
2025-02-25 02:00:00,0.0,0.0,0.0
2025-02-25 03:00:00,0.0,0.0,0.0
2025-02-25 04:00:00,0.0,0.0,0.0
2025-02-25 05:00:00,0.0,0.0,0.0
2025-02-25 06:00:00,0.0,0.0,0.0
2025-02-25 07:00:00,3.306,2.705,0.0
2025-02-25 08:00:00,8.98,7.347,0.0
2025-02-25 09:00:00,12.488,10.217,0.0
2025-02-25 10:00:00,15.927,13.032,2.257
2025-02-25 11:00:00,12.493,10.222,5.79
2025-02-25 12:00:00,19.3,15.791,0.217
2025-02-25 13:00:00,16.674,13.642,2.599
2025-02-25 14:00:00,12.028,9.841,5.126
2025-02-25 15:00:00,9.613,7.865,3.252
2025-02-25 16:00:00,8.359,6.839,0.0
2025-02-25 17:00:00,4.314,3.53,0.0
2025-02-25 18:00:00,0.0,0.0,-1.147
2025-02-25 19:00:00,0.0,0.0,-1.672
2025-02-25 20:00:00,0.0,0.0,-4.885
2025-02-25 21:00:00,0.0,0.0,-4.352
2025-02-25 22:00:00,0.0,0.0,-2.594
2025-02-25 23:00:00,0.0,0.0,0.0
2025-02-26 00:00:00,0.0,0.0,0.0
2025-02-26 01:00:00,0.0,0.0,0.0
2025-02-26 02:00:00,0.0,0.0,0.0
2025-02-26 03:00:00,0.0,0.0,0.0
2025-02-26 04:00:00,0.0,0.0,0.0
2025-02-26 05:00:00,0.0,0.0,0.0
2025-02-26 06:00:00,0.0,0.0,0.0
2025-02-26 07:00:00,4.921,4.026,0.0
2025-02-26 08:00:00,10.285,8.415,0.0
2025-02-26 09:00:00,10.93,8.943,0.0
2025-02-26 10:00:00,14.73,12.052,5.511
2025-02-26 11:00:00,19.702,16.12,5.474
2025-02-26 12:00:00,15.917,13.023,0.545
2025-02-26 13:00:00,12.779,10.456,3.941
2025-02-26 14:00:00,17.484,14.305,2.27
2025-02-26 15:00:00,13.493,11.04,5.472
2025-02-26 16:00:00,6.308,5.161,0.0
2025-02-26 17:00:00,3.976,3.253,0.0
2025-02-26 18:00:00,0.0,0.0,-3.915
2025-02-26 19:00:00,0.0,0.0,-0.241
2025-02-26 20:00:00,0.0,0.0,-1.895
2025-02-26 21:00:00,0.0,0.0,-4.7
2025-02-26 22:00:00,0.0,0.0,-0.482
2025-02-26 23:00:00,0.0,0.0,0.0
2025-02-27 00:00:00,0.0,0.0,0.0
2025-02-27 01:00:00,0.0,0.0,0.0
2025-02-27 02:00:00,0.0,0.0,0.0
2025-02-27 03:00:00,0.0,0.0,0.0
2025-02-27 04:00:00,0.0,0.0,0.0
2025-02-27 05:00:00,0.0,0.0,0.0
2025-02-27 06:00:00,0.0,0.0,0.0
2025-02-27 07:00:00,4.656,3.81,0.0
2025-02-27 08:00:00,9.987,8.171,0.0
2025-02-27 09:00:00,10.596,8.67,0.0
2025-02-27 10:00:00,10.915,8.931,3.994
2025-02-27 11:00:00,17.168,14.047,3.889
2025-02-27 12:00:00,12.991,10.629,0.462
2025-02-27 13:00:00,15.114,12.366,3.052
2025-02-27 14:00:00,16.8,13.746,3.036
2025-02-27 15:00:00,14.451,11.823,3.139
2025-02-27 16:00:00,8.283,6.777,0.0
2025-02-27 17:00:00,4.82,3.943,0.0
2025-02-27 18:00:00,0.0,0.0,-4.593
2025-02-27 19:00:00,0.0,0.0,-0.759
2025-02-27 20:00:00,0.0,0.0,-4.482
2025-02-27 21:00:00,0.0,0.0,-2.267
2025-02-27 22:00:00,0.0,0.0,-2.327
2025-02-27 23:00:00,0.0,0.0,0.0
2025-02-28 00:00:00,0.0,0.0,0.0
2025-02-28 01:00:00,0.0,0.0,0.0
2025-02-28 02:00:00,0.0,0.0,0.0
2025-02-28 03:00:00,0.0,0.0,0.0
2025-02-28 04:00:00,0.0,0.0,0.0
2025-02-28 05:00:00,0.0,0.0,0.0
2025-02-28 06:00:00,0.0,0.0,0.0
2025-02-28 07:00:00,4.19,3.428,0.0
2025-02-28 08:00:00,7.756,6.345,0.0
2025-02-28 09:00:00,12.482,10.212,0.0
2025-02-28 10:00:00,13.432,10.99,5.221
2025-02-28 11:00:00,16.939,13.859,5.902
2025-02-28 12:00:00,20.132,16.472,1.144
2025-02-28 13:00:00,19.698,16.116,1.687
2025-02-28 14:00:00,13.44,10.997,5.818
2025-02-28 15:00:00,9.226,7.549,2.282
2025-02-28 16:00:00,10.38,8.492,0.0
2025-02-28 17:00:00,5.011,4.1,0.0
2025-02-28 18:00:00,0.0,0.0,-0.634
2025-02-28 19:00:00,0.0,0.0,-3.281
2025-02-28 20:00:00,0.0,0.0,-0.625
2025-02-28 21:00:00,0.0,0.0,-3.537
2025-02-28 22:00:00,0.0,0.0,-2.425
2025-02-28 23:00:00,0.0,0.0,0.0
2025-03-01 00:00:00,0.0,0.0,0.0
2025-03-01 01:00:00,0.0,0.0,0.0
2025-03-01 02:00:00,0.0,0.0,0.0
2025-03-01 03:00:00,0.0,0.0,0.0
2025-03-01 04:00:00,0.0,0.0,0.0
2025-03-01 05:00:00,0.0,0.0,0.0
2025-03-01 06:00:00,0.0,0.0,0.0
2025-03-01 07:00:00,5.2,4.254,0.0
2025-03-01 08:00:00,7.786,6.37,0.0
2025-03-01 09:00:00,9.478,7.755,0.0
2025-03-01 10:00:00,15.557,12.728,5.134
2025-03-01 11:00:00,12.175,9.961,4.967
2025-03-01 12:00:00,18.327,14.995,5.901
2025-03-01 13:00:00,14.494,11.858,2.182
2025-03-01 14:00:00,13.22,10.816,5.24
2025-03-01 15:00:00,10.183,8.332,4.781
2025-03-01 16:00:00,6.305,5.158,0.0
2025-03-01 17:00:00,3.523,2.882,0.0
2025-03-01 18:00:00,0.0,0.0,-0.579
2025-03-01 19:00:00,0.0,0.0,-4.771
2025-03-01 20:00:00,0.0,0.0,-3.282
2025-03-01 21:00:00,0.0,0.0,-4.334
2025-03-01 22:00:00,0.0,0.0,-2.825
2025-03-01 23:00:00,0.0,0.0,0.0
2025-03-02 00:00:00,0.0,0.0,0.0
2025-03-02 01:00:00,0.0,0.0,0.0
2025-03-02 02:00:00,0.0,0.0,0.0
2025-03-02 03:00:00,0.0,0.0,0.0
2025-03-02 04:00:00,0.0,0.0,0.0
2025-03-02 05:00:00,0.0,0.0,0.0
2025-03-02 06:00:00,0.0,0.0,0.0
2025-03-02 07:00:00,4.08,3.338,0.0
2025-03-02 08:00:00,8.383,6.858,0.0
2025-03-02 09:00:00,10.946,8.956,0.0
2025-03-02 10:00:00,12.699,10.39,4.092
2025-03-02 11:00:00,19.373,15.851,2.023
2025-03-02 12:00:00,15.802,12.929,3.516
2025-03-02 13:00:00,14.589,11.937,1.753
2025-03-02 14:00:00,15.736,12.875,3.862
2025-03-02 15:00:00,12.824,10.492,3.031
2025-03-02 16:00:00,8.361,6.841,0.0
2025-03-02 17:00:00,4.946,4.047,0.0
2025-03-02 18:00:00,0.0,0.0,-1.186
2025-03-02 19:00:00,0.0,0.0,-3.659
2025-03-02 20:00:00,0.0,0.0,-0.049
2025-03-02 21:00:00,0.0,0.0,-1.693
2025-03-02 22:00:00,0.0,0.0,-0.81
2025-03-02 23:00:00,0.0,0.0,0.0
2025-03-03 00:00:00,0.0,0.0,0.0
2025-03-03 01:00:00,0.0,0.0,0.0
2025-03-03 02:00:00,0.0,0.0,0.0
2025-03-03 03:00:00,0.0,0.0,0.0
2025-03-03 04:00:00,0.0,0.0,0.0
2025-03-03 05:00:00,0.0,0.0,0.0
2025-03-03 06:00:00,0.0,0.0,0.0
2025-03-03 07:00:00,4.169,3.411,0.0
2025-03-03 08:00:00,7.327,5.995,0.0
2025-03-03 09:00:00,11.259,9.212,0.0
2025-03-03 10:00:00,14.759,12.076,3.143
2025-03-03 11:00:00,18.803,15.385,3.49
2025-03-03 12:00:00,15.271,12.495,0.827
2025-03-03 13:00:00,12.868,10.528,3.71
2025-03-03 14:00:00,17.126,14.013,2.625
2025-03-03 15:00:00,13.341,10.915,1.908
2025-03-03 16:00:00,8.651,7.078,0.0
2025-03-03 17:00:00,3.951,3.233,0.0
2025-03-03 18:00:00,0.0,0.0,-3.096
2025-03-03 19:00:00,0.0,0.0,-1.704
2025-03-03 20:00:00,0.0,0.0,-2.967
2025-03-03 21:00:00,0.0,0.0,-3.643
2025-03-03 22:00:00,0.0,0.0,-2.213
2025-03-03 23:00:00,0.0,0.0,0.0
2025-03-04 00:00:00,0.0,0.0,0.0
2025-03-04 01:00:00,0.0,0.0,0.0
2025-03-04 02:00:00,0.0,0.0,0.0
2025-03-04 03:00:00,0.0,0.0,0.0
2025-03-04 04:00:00,0.0,0.0,0.0
2025-03-04 05:00:00,0.0,0.0,0.0
2025-03-04 06:00:00,0.0,0.0,0.0
2025-03-04 07:00:00,5.05,4.131,0.0
2025-03-04 08:00:00,9.854,8.062,0.0
2025-03-04 09:00:00,11.4,9.328,0.0
2025-03-04 10:00:00,11.267,9.218,3.024
2025-03-04 11:00:00,12.134,9.928,2.668
2025-03-04 12:00:00,17.503,14.321,0.949
2025-03-04 13:00:00,15.578,12.745,2.839
2025-03-04 14:00:00,15.85,12.968,0.755
2025-03-04 15:00:00,11.06,9.049,0.653
2025-03-04 16:00:00,9.056,7.41,0.0
2025-03-04 17:00:00,4.573,3.741,0.0
2025-03-04 18:00:00,0.0,0.0,-1.845
2025-03-04 19:00:00,0.0,0.0,-2.818
2025-03-04 20:00:00,0.0,0.0,-0.211
2025-03-04 21:00:00,0.0,0.0,-0.647
2025-03-04 22:00:00,0.0,0.0,-0.335
2025-03-04 23:00:00,0.0,0.0,0.0
2025-03-05 00:00:00,0.0,0.0,0.0
2025-03-05 01:00:00,0.0,0.0,0.0
2025-03-05 02:00:00,0.0,0.0,0.0
2025-03-05 03:00:00,0.0,0.0,0.0
2025-03-05 04:00:00,0.0,0.0,0.0
2025-03-05 05:00:00,0.0,0.0,0.0
2025-03-05 06:00:00,0.0,0.0,0.0
2025-03-05 07:00:00,4.331,3.544,0.0
2025-03-05 08:00:00,7.779,6.365,0.0
2025-03-05 09:00:00,9.728,7.959,0.0
2025-03-05 10:00:00,16.942,13.862,5.715
2025-03-05 11:00:00,19.309,15.798,4.343
2025-03-05 12:00:00,13.752,11.252,1.6
2025-03-05 13:00:00,16.626,13.603,3.668
2025-03-05 14:00:00,16.363,13.388,5.697
2025-03-05 15:00:00,12.492,10.221,4.179
2025-03-05 16:00:00,7.996,6.542,0.0
2025-03-05 17:00:00,4.518,3.697,0.0
2025-03-05 18:00:00,0.0,0.0,-0.025
2025-03-05 19:00:00,0.0,0.0,-1.438
2025-03-05 20:00:00,0.0,0.0,-2.482
2025-03-05 21:00:00,0.0,0.0,-0.794
2025-03-05 22:00:00,0.0,0.0,-2.067
2025-03-05 23:00:00,0.0,0.0,0.0
2025-03-06 00:00:00,0.0,0.0,0.0
2025-03-06 01:00:00,0.0,0.0,0.0
2025-03-06 02:00:00,0.0,0.0,0.0
2025-03-06 03:00:00,0.0,0.0,0.0
2025-03-06 04:00:00,0.0,0.0,0.0
2025-03-06 05:00:00,0.0,0.0,0.0
2025-03-06 06:00:00,0.0,0.0,0.0
2025-03-06 07:00:00,4.791,3.92,0.0
2025-03-06 08:00:00,9.447,7.73,0.0
2025-03-06 09:00:00,9.436,7.721,0.0
2025-03-06 10:00:00,11.745,9.61,5.644
2025-03-06 11:00:00,17.71,14.49,0.721
2025-03-06 12:00:00,17.772,14.541,2.885
2025-03-06 13:00:00,16.192,13.248,5.858
2025-03-06 14:00:00,13.859,11.339,1.782
2025-03-06 15:00:00,13.57,11.102,4.581
2025-03-06 16:00:00,6.437,5.267,0.0
2025-03-06 17:00:00,5.114,4.184,0.0
2025-03-06 18:00:00,0.0,0.0,-4.016
2025-03-06 19:00:00,0.0,0.0,-3.374
2025-03-06 20:00:00,0.0,0.0,-0.702
2025-03-06 21:00:00,0.0,0.0,-4.326
2025-03-06 22:00:00,0.0,0.0,-3.558
2025-03-06 23:00:00,0.0,0.0,0.0
2025-03-07 00:00:00,0.0,0.0,0.0
2025-03-07 01:00:00,0.0,0.0,0.0
2025-03-07 02:00:00,0.0,0.0,0.0
2025-03-07 03:00:00,0.0,0.0,0.0
2025-03-07 04:00:00,0.0,0.0,0.0
2025-03-07 05:00:00,0.0,0.0,0.0
2025-03-07 06:00:00,0.0,0.0,0.0
2025-03-07 07:00:00,3.17,2.594,0.0
2025-03-07 08:00:00,6.444,5.272,0.0
2025-03-07 09:00:00,12.98,10.62,0.0
2025-03-07 10:00:00,10.827,8.859,2.699
2025-03-07 11:00:00,18.27,14.949,1.911
2025-03-07 12:00:00,19.853,16.243,5.24
2025-03-07 13:00:00,12.522,10.245,1.844
2025-03-07 14:00:00,12.016,9.831,5.139
2025-03-07 15:00:00,13.85,11.332,4.663
2025-03-07 16:00:00,9.451,7.732,0.0
2025-03-07 17:00:00,4.85,3.968,0.0
2025-03-07 18:00:00,0.0,0.0,-1.603
2025-03-07 19:00:00,0.0,0.0,-2.921
2025-03-07 20:00:00,0.0,0.0,-2.159
2025-03-07 21:00:00,0.0,0.0,-0.254
2025-03-07 22:00:00,0.0,0.0,-0.773
2025-03-07 23:00:00,0.0,0.0,0.0
2025-03-08 00:00:00,0.0,0.0,0.0
2025-03-08 01:00:00,0.0,0.0,0.0
2025-03-08 02:00:00,0.0,0.0,0.0
2025-03-08 03:00:00,0.0,0.0,0.0
2025-03-08 04:00:00,0.0,0.0,0.0
2025-03-08 05:00:00,0.0,0.0,0.0
2025-03-08 06:00:00,0.0,0.0,0.0
2025-03-08 07:00:00,4.491,3.674,0.0
2025-03-08 08:00:00,9.338,7.64,0.0
2025-03-08 09:00:00,13.154,10.762,0.0
2025-03-08 10:00:00,15.037,12.303,5.607
2025-03-08 11:00:00,12.167,9.955,0.742
2025-03-08 12:00:00,13.511,11.054,2.637
2025-03-08 13:00:00,18.742,15.334,3.471
2025-03-08 14:00:00,16.752,13.706,3.757
2025-03-08 15:00:00,9.653,7.898,5.068
2025-03-08 16:00:00,9.939,8.132,0.0
2025-03-08 17:00:00,5.212,4.264,0.0
2025-03-08 18:00:00,0.0,0.0,-2.137
2025-03-08 19:00:00,0.0,0.0,-3.313
2025-03-08 20:00:00,0.0,0.0,-3.933
2025-03-08 21:00:00,0.0,0.0,-4.953
2025-03-08 22:00:00,0.0,0.0,-3.303
2025-03-08 23:00:00,0.0,0.0,0.0
2025-03-09 00:00:00,0.0,0.0,0.0
2025-03-09 01:00:00,0.0,0.0,0.0
2025-03-09 02:00:00,0.0,0.0,0.0
2025-03-09 03:00:00,0.0,0.0,0.0
2025-03-09 04:00:00,0.0,0.0,0.0
2025-03-09 05:00:00,0.0,0.0,0.0
2025-03-09 06:00:00,0.0,0.0,0.0
2025-03-09 07:00:00,4.642,3.798,0.0
2025-03-09 08:00:00,6.614,5.411,0.0
2025-03-09 09:00:00,14.256,11.664,0.0
2025-03-09 10:00:00,14.216,11.631,3.541
2025-03-09 11:00:00,18.295,14.968,1.22
2025-03-09 12:00:00,19.49,15.946,5.495
2025-03-09 13:00:00,14.02,11.471,4.181
2025-03-09 14:00:00,11.097,9.08,0.855
2025-03-09 15:00:00,11.071,9.058,1.207
2025-03-09 16:00:00,8.316,6.804,0.0
2025-03-09 17:00:00,5.033,4.118,0.0
2025-03-09 18:00:00,0.0,0.0,-3.333
2025-03-09 19:00:00,0.0,0.0,-2.536
2025-03-09 20:00:00,0.0,0.0,-3.328
2025-03-09 21:00:00,0.0,0.0,-2.776
2025-03-09 22:00:00,0.0,0.0,-3.791
2025-03-09 23:00:00,0.0,0.0,0.0
2025-03-10 00:00:00,0.0,0.0,0.0
2025-03-10 01:00:00,0.0,0.0,0.0
2025-03-10 02:00:00,0.0,0.0,0.0
2025-03-10 03:00:00,0.0,0.0,0.0
2025-03-10 04:00:00,0.0,0.0,0.0
2025-03-10 05:00:00,0.0,0.0,0.0
2025-03-10 06:00:00,0.0,0.0,0.0
2025-03-10 07:00:00,3.886,3.18,0.0
2025-03-10 08:00:00,6.819,5.579,0.0
2025-03-10 09:00:00,10.781,8.821,0.0
2025-03-10 10:00:00,17.026,13.93,2.155
2025-03-10 11:00:00,12.581,10.293,1.07
2025-03-10 12:00:00,20.105,16.45,1.344
2025-03-10 13:00:00,18.289,14.964,0.401
2025-03-10 14:00:00,13.133,10.745,1.161
2025-03-10 15:00:00,8.895,7.277,3.021
2025-03-10 16:00:00,7.768,6.355,0.0
2025-03-10 17:00:00,3.985,3.26,0.0
2025-03-10 18:00:00,0.0,0.0,-3.371
2025-03-10 19:00:00,0.0,0.0,-1.159
2025-03-10 20:00:00,0.0,0.0,-1.551
2025-03-10 21:00:00,0.0,0.0,-2.764
2025-03-10 22:00:00,0.0,0.0,-1.178
2025-03-10 23:00:00,0.0,0.0,0.0
2025-03-11 00:00:00,0.0,0.0,0.0
2025-03-11 01:00:00,0.0,0.0,0.0
2025-03-11 02:00:00,0.0,0.0,0.0
2025-03-11 03:00:00,0.0,0.0,0.0
2025-03-11 04:00:00,0.0,0.0,0.0
2025-03-11 05:00:00,0.0,0.0,0.0
2025-03-11 06:00:00,0.0,0.0,0.0
2025-03-11 07:00:00,3.58,2.929,0.0
2025-03-11 08:00:00,9.192,7.521,0.0
2025-03-11 09:00:00,13.7,11.209,0.0
2025-03-11 10:00:00,12.948,10.594,4.607
2025-03-11 11:00:00,18.189,14.882,3.935
2025-03-11 12:00:00,19.669,16.093,1.236
2025-03-11 13:00:00,12.928,10.577,1.339
2025-03-11 14:00:00,16.234,13.282,0.25
2025-03-11 15:00:00,11.533,9.436,3.869
2025-03-11 16:00:00,8.071,6.603,0.0
2025-03-11 17:00:00,3.353,2.743,0.0
2025-03-11 18:00:00,0.0,0.0,-0.907
2025-03-11 19:00:00,0.0,0.0,-4.374
2025-03-11 20:00:00,0.0,0.0,-0.318
2025-03-11 21:00:00,0.0,0.0,-4.976
2025-03-11 22:00:00,0.0,0.0,-2.126
2025-03-11 23:00:00,0.0,0.0,0.0
2025-03-12 00:00:00,0.0,0.0,0.0
2025-03-12 01:00:00,0.0,0.0,0.0
2025-03-12 02:00:00,0.0,0.0,0.0
2025-03-12 03:00:00,0.0,0.0,0.0
2025-03-12 04:00:00,0.0,0.0,0.0
2025-03-12 05:00:00,0.0,0.0,0.0
2025-03-12 06:00:00,0.0,0.0,0.0
2025-03-12 07:00:00,3.206,2.623,0.0
2025-03-12 08:00:00,6.815,5.576,0.0
2025-03-12 09:00:00,11.278,9.227,0.0
2025-03-12 10:00:00,15.315,12.531,5.267
2025-03-12 11:00:00,16.164,13.225,5.208
2025-03-12 12:00:00,18.53,15.161,5.546
2025-03-12 13:00:00,15.936,13.039,2.145
2025-03-12 14:00:00,10.665,8.726,2.559
2025-03-12 15:00:00,13.303,10.884,0.759
2025-03-12 16:00:00,7.505,6.141,0.0
2025-03-12 17:00:00,3.417,2.796,0.0
2025-03-12 18:00:00,0.0,0.0,-2.858
2025-03-12 19:00:00,0.0,0.0,-2.716
2025-03-12 20:00:00,0.0,0.0,-4.109
2025-03-12 21:00:00,0.0,0.0,-2.573
2025-03-12 22:00:00,0.0,0.0,-1.829
2025-03-12 23:00:00,0.0,0.0,0.0
2025-03-13 00:00:00,0.0,0.0,0.0
2025-03-13 01:00:00,0.0,0.0,0.0
2025-03-13 02:00:00,0.0,0.0,0.0
2025-03-13 03:00:00,0.0,0.0,0.0
2025-03-13 04:00:00,0.0,0.0,0.0
2025-03-13 05:00:00,0.0,0.0,0.0
2025-03-13 06:00:00,0.0,0.0,0.0
2025-03-13 07:00:00,4.57,3.739,0.0
2025-03-13 08:00:00,7.046,5.765,0.0
2025-03-13 09:00:00,13.975,11.434,0.0
2025-03-13 10:00:00,14.375,11.762,1.034
2025-03-13 11:00:00,16.957,13.874,4.923
2025-03-13 12:00:00,14.701,12.028,2.059
2025-03-13 13:00:00,14.988,12.263,5.562
2025-03-13 14:00:00,10.655,8.718,1.234
2025-03-13 15:00:00,12.368,10.119,1.102
2025-03-13 16:00:00,8.092,6.621,0.0
2025-03-13 17:00:00,4.442,3.634,0.0
2025-03-13 18:00:00,0.0,0.0,-1.828
2025-03-13 19:00:00,0.0,0.0,-3.781
2025-03-13 20:00:00,0.0,0.0,-0.587
2025-03-13 21:00:00,0.0,0.0,-2.635
2025-03-13 22:00:00,0.0,0.0,-2.772
2025-03-13 23:00:00,0.0,0.0,0.0
2025-03-14 00:00:00,0.0,0.0,0.0
2025-03-14 01:00:00,0.0,0.0,0.0
2025-03-14 02:00:00,0.0,0.0,0.0
2025-03-14 03:00:00,0.0,0.0,0.0
2025-03-14 04:00:00,0.0,0.0,0.0
2025-03-14 05:00:00,0.0,0.0,0.0
2025-03-14 06:00:00,0.0,0.0,0.0
2025-03-14 07:00:00,4.422,3.618,0.0
2025-03-14 08:00:00,9.469,7.748,0.0
2025-03-14 09:00:00,12.17,9.958,0.0
2025-03-14 10:00:00,12.403,10.148,5.892
2025-03-14 11:00:00,18.481,15.121,3.143
2025-03-14 12:00:00,14.15,11.577,4.62
2025-03-14 13:00:00,13.019,10.652,5.563
2025-03-14 14:00:00,11.034,9.027,5.541
2025-03-14 15:00:00,12.381,10.13,0.284
2025-03-14 16:00:00,7.722,6.318,0.0
2025-03-14 17:00:00,4.275,3.498,0.0
2025-03-14 18:00:00,0.0,0.0,-3.195
2025-03-14 19:00:00,0.0,0.0,-0.11
2025-03-14 20:00:00,0.0,0.0,-1.57
2025-03-14 21:00:00,0.0,0.0,-2.503
2025-03-14 22:00:00,0.0,0.0,-4.051
2025-03-14 23:00:00,0.0,0.0,0.0
2025-03-15 00:00:00,0.0,0.0,0.0
2025-03-15 01:00:00,0.0,0.0,0.0
2025-03-15 02:00:00,0.0,0.0,0.0
2025-03-15 03:00:00,0.0,0.0,0.0
2025-03-15 04:00:00,0.0,0.0,0.0
2025-03-15 05:00:00,0.0,0.0,0.0
2025-03-15 06:00:00,0.0,0.0,0.0
2025-03-15 07:00:00,4.547,3.72,0.0
2025-03-15 08:00:00,9.645,7.892,0.0
2025-03-15 09:00:00,11.41,9.335,0.0
2025-03-15 10:00:00,16.393,13.413,0.105
2025-03-15 11:00:00,11.781,9.639,4.428
2025-03-15 12:00:00,12.813,10.483,4.936
2025-03-15 13:00:00,12.634,10.337,3.29
2025-03-15 14:00:00,14.203,11.62,2.431
2025-03-15 15:00:00,10.566,8.645,3.767
2025-03-15 16:00:00,8.569,7.011,0.0
2025-03-15 17:00:00,4.328,3.541,0.0
2025-03-15 18:00:00,0.0,0.0,-4.486
2025-03-15 19:00:00,0.0,0.0,-3.901
2025-03-15 20:00:00,0.0,0.0,-3.542
2025-03-15 21:00:00,0.0,0.0,-0.056
2025-03-15 22:00:00,0.0,0.0,-1.651
2025-03-15 23:00:00,0.0,0.0,0.0
2025-03-16 00:00:00,0.0,0.0,0.0
2025-03-16 01:00:00,0.0,0.0,0.0
2025-03-16 02:00:00,0.0,0.0,0.0
2025-03-16 03:00:00,0.0,0.0,0.0
2025-03-16 04:00:00,0.0,0.0,0.0
2025-03-16 05:00:00,0.0,0.0,0.0
2025-03-16 06:00:00,0.0,0.0,0.0
2025-03-16 07:00:00,4.31,3.526,0.0
2025-03-16 08:00:00,6.112,5.0,0.0
2025-03-16 09:00:00,13.091,10.711,0.0
2025-03-16 10:00:00,12.14,9.932,5.429
2025-03-16 11:00:00,14.093,11.531,1.464
2025-03-16 12:00:00,14.227,11.64,1.938
2025-03-16 13:00:00,11.683,9.559,0.099
2025-03-16 14:00:00,15.284,12.505,1.745
2025-03-16 15:00:00,9.749,7.977,1.123
2025-03-16 16:00:00,6.79,5.555,0.0
2025-03-16 17:00:00,4.965,4.063,0.0
2025-03-16 18:00:00,0.0,0.0,-3.026
2025-03-16 19:00:00,0.0,0.0,-0.245
2025-03-16 20:00:00,0.0,0.0,-2.547
2025-03-16 21:00:00,0.0,0.0,-3.423
2025-03-16 22:00:00,0.0,0.0,-4.085
2025-03-16 23:00:00,0.0,0.0,0.0
2025-03-17 00:00:00,0.0,0.0,0.0
2025-03-17 01:00:00,0.0,0.0,0.0
2025-03-17 02:00:00,0.0,0.0,0.0
2025-03-17 03:00:00,0.0,0.0,0.0
2025-03-17 04:00:00,0.0,0.0,0.0
2025-03-17 05:00:00,0.0,0.0,0.0
2025-03-17 06:00:00,0.0,0.0,0.0
2025-03-17 07:00:00,4.658,3.811,0.0
2025-03-17 08:00:00,6.469,5.293,0.0
2025-03-17 09:00:00,11.13,9.106,0.0
2025-03-17 10:00:00,11.212,9.173,1.156
2025-03-17 11:00:00,15.702,12.847,4.208
2025-03-17 12:00:00,17.666,14.454,0.411
2025-03-17 13:00:00,11.861,9.704,1.941
2025-03-17 14:00:00,10.844,8.872,5.36
2025-03-17 15:00:00,11.958,9.784,4.493
2025-03-17 16:00:00,6.04,4.942,0.0
2025-03-17 17:00:00,4.466,3.654,0.0
2025-03-17 18:00:00,0.0,0.0,-2.149
2025-03-17 19:00:00,0.0,0.0,-2.645
2025-03-17 20:00:00,0.0,0.0,-1.075
2025-03-17 21:00:00,0.0,0.0,-2.935
2025-03-17 22:00:00,0.0,0.0,-4.643
2025-03-17 23:00:00,0.0,0.0,0.0
2025-03-18 00:00:00,0.0,0.0,0.0
2025-03-18 01:00:00,0.0,0.0,0.0
2025-03-18 02:00:00,0.0,0.0,0.0
2025-03-18 03:00:00,0.0,0.0,0.0
2025-03-18 04:00:00,0.0,0.0,0.0
2025-03-18 05:00:00,0.0,0.0,0.0
2025-03-18 06:00:00,0.0,0.0,0.0
2025-03-18 07:00:00,4.663,3.815,0.0
2025-03-18 08:00:00,7.035,5.756,0.0
2025-03-18 09:00:00,12.071,9.877,0.0
2025-03-18 10:00:00,14.025,11.475,3.345
2025-03-18 11:00:00,17.81,14.572,5.813
2025-03-18 12:00:00,17.755,14.527,3.67
2025-03-18 13:00:00,18.028,14.75,2.885
2025-03-18 14:00:00,15.185,12.424,4.584
2025-03-18 15:00:00,8.937,7.312,1.468
2025-03-18 16:00:00,8.506,6.96,0.0
2025-03-18 17:00:00,4.322,3.536,0.0
2025-03-18 18:00:00,0.0,0.0,-0.631
2025-03-18 19:00:00,0.0,0.0,-0.99
2025-03-18 20:00:00,0.0,0.0,-2.903
2025-03-18 21:00:00,0.0,0.0,-0.222
2025-03-18 22:00:00,0.0,0.0,-4.35
2025-03-18 23:00:00,0.0,0.0,0.0
2025-03-19 00:00:00,0.0,0.0,0.0
2025-03-19 01:00:00,0.0,0.0,0.0
2025-03-19 02:00:00,0.0,0.0,0.0
2025-03-19 03:00:00,0.0,0.0,0.0
2025-03-19 04:00:00,0.0,0.0,0.0
2025-03-19 05:00:00,0.0,0.0,0.0
2025-03-19 06:00:00,0.0,0.0,0.0
2025-03-19 07:00:00,3.057,2.501,0.0
2025-03-19 08:00:00,7.445,6.091,0.0
2025-03-19 09:00:00,10.317,8.441,0.0
2025-03-19 10:00:00,10.922,8.936,5.527
2025-03-19 11:00:00,15.766,12.9,1.08
2025-03-19 12:00:00,18.504,15.14,4.904
2025-03-19 13:00:00,15.062,12.323,2.329
2025-03-19 14:00:00,10.678,8.737,2.469
2025-03-19 15:00:00,13.818,11.306,0.213
2025-03-19 16:00:00,8.222,6.727,0.0
2025-03-19 17:00:00,4.09,3.346,0.0
2025-03-19 18:00:00,0.0,0.0,-0.553
2025-03-19 19:00:00,0.0,0.0,-0.773
2025-03-19 20:00:00,0.0,0.0,-1.522
2025-03-19 21:00:00,0.0,0.0,-0.412
2025-03-19 22:00:00,0.0,0.0,-2.697
2025-03-19 23:00:00,0.0,0.0,0.0
2025-03-20 00:00:00,0.0,0.0,0.0
2025-03-20 01:00:00,0.0,0.0,0.0
2025-03-20 02:00:00,0.0,0.0,0.0
2025-03-20 03:00:00,0.0,0.0,0.0
2025-03-20 04:00:00,0.0,0.0,0.0
2025-03-20 05:00:00,0.0,0.0,0.0
2025-03-20 06:00:00,0.0,0.0,0.0
2025-03-20 07:00:00,3.862,3.159,0.0
2025-03-20 08:00:00,5.991,4.902,0.0
2025-03-20 09:00:00,12.484,10.214,0.0
2025-03-20 10:00:00,10.541,8.624,1.459
2025-03-20 11:00:00,18.785,15.37,3.592
2025-03-20 12:00:00,14.743,12.062,4.805
2025-03-20 13:00:00,14.507,11.87,1.561
2025-03-20 14:00:00,10.321,8.445,5.446
2025-03-20 15:00:00,13.383,10.949,0.143
2025-03-20 16:00:00,7.58,6.202,0.0
2025-03-20 17:00:00,4.799,3.926,0.0
2025-03-20 18:00:00,0.0,0.0,-1.572
2025-03-20 19:00:00,0.0,0.0,-2.534
2025-03-20 20:00:00,0.0,0.0,-2.924
2025-03-20 21:00:00,0.0,0.0,-4.009
2025-03-20 22:00:00,0.0,0.0,-4.512
2025-03-20 23:00:00,0.0,0.0,0.0
2025-03-21 00:00:00,0.0,0.0,0.0
2025-03-21 01:00:00,0.0,0.0,0.0
2025-03-21 02:00:00,0.0,0.0,0.0
2025-03-21 03:00:00,0.0,0.0,0.0
2025-03-21 04:00:00,0.0,0.0,0.0
2025-03-21 05:00:00,0.0,0.0,0.0
2025-03-21 06:00:00,0.0,0.0,0.0
2025-03-21 07:00:00,4.157,3.401,0.0
2025-03-21 08:00:00,9.299,7.608,0.0
2025-03-21 09:00:00,10.631,8.698,0.0
2025-03-21 10:00:00,16.716,13.676,5.11
2025-03-21 11:00:00,15.425,12.62,0.686
2025-03-21 12:00:00,16.592,13.575,0.107
2025-03-21 13:00:00,16.152,13.216,4.155
2025-03-21 14:00:00,12.593,10.303,2.031
2025-03-21 15:00:00,13.141,10.751,0.603
2025-03-21 16:00:00,6.178,5.054,0.0
2025-03-21 17:00:00,4.219,3.452,0.0
2025-03-21 18:00:00,0.0,0.0,-0.68
2025-03-21 19:00:00,0.0,0.0,-1.934
2025-03-21 20:00:00,0.0,0.0,-1.956
2025-03-21 21:00:00,0.0,0.0,-3.455
2025-03-21 22:00:00,0.0,0.0,-4.309
2025-03-21 23:00:00,0.0,0.0,0.0
2025-03-22 00:00:00,0.0,0.0,0.0
2025-03-22 01:00:00,0.0,0.0,0.0
2025-03-22 02:00:00,0.0,0.0,0.0
2025-03-22 03:00:00,0.0,0.0,0.0
2025-03-22 04:00:00,0.0,0.0,0.0
2025-03-22 05:00:00,0.0,0.0,0.0
2025-03-22 06:00:00,0.0,0.0,0.0
2025-03-22 07:00:00,3.69,3.019,0.0
2025-03-22 08:00:00,5.851,4.788,0.0
2025-03-22 09:00:00,10.858,8.884,0.0
2025-03-22 10:00:00,15.196,12.433,2.871
2025-03-22 11:00:00,14.415,11.794,1.569
2025-03-22 12:00:00,13.827,11.313,0.694
2025-03-22 13:00:00,13.078,10.701,5.013
2025-03-22 14:00:00,14.513,11.874,3.734
2025-03-22 15:00:00,13.27,10.858,1.45
2025-03-22 16:00:00,7.004,5.731,0.0
2025-03-22 17:00:00,3.722,3.045,0.0
2025-03-22 18:00:00,0.0,0.0,-4.702
2025-03-22 19:00:00,0.0,0.0,-3.712
2025-03-22 20:00:00,0.0,0.0,-4.593
2025-03-22 21:00:00,0.0,0.0,-4.59
2025-03-22 22:00:00,0.0,0.0,-0.76
2025-03-22 23:00:00,0.0,0.0,0.0
2025-03-23 00:00:00,0.0,0.0,0.0
2025-03-23 01:00:00,0.0,0.0,0.0
2025-03-23 02:00:00,0.0,0.0,0.0
2025-03-23 03:00:00,0.0,0.0,0.0
2025-03-23 04:00:00,0.0,0.0,0.0
2025-03-23 05:00:00,0.0,0.0,0.0
2025-03-23 06:00:00,0.0,0.0,0.0
2025-03-23 07:00:00,4.45,3.641,0.0
2025-03-23 08:00:00,7.431,6.08,0.0
2025-03-23 09:00:00,9.516,7.786,0.0
2025-03-23 10:00:00,13.882,11.358,2.955
2025-03-23 11:00:00,16.576,13.562,3.593
2025-03-23 12:00:00,15.747,12.884,0.717
2025-03-23 13:00:00,13.927,11.395,1.94
2025-03-23 14:00:00,13.664,11.18,1.508
2025-03-23 15:00:00,10.948,8.957,3.875
2025-03-23 16:00:00,8.291,6.784,0.0
2025-03-23 17:00:00,4.202,3.438,0.0
2025-03-23 18:00:00,0.0,0.0,-4.298
2025-03-23 19:00:00,0.0,0.0,-1.291
2025-03-23 20:00:00,0.0,0.0,-2.894
2025-03-23 21:00:00,0.0,0.0,-1.303
2025-03-23 22:00:00,0.0,0.0,-3.053
2025-03-23 23:00:00,0.0,0.0,0.0
2025-03-24 00:00:00,0.0,0.0,0.0
2025-03-24 01:00:00,0.0,0.0,0.0
2025-03-24 02:00:00,0.0,0.0,0.0
2025-03-24 03:00:00,0.0,0.0,0.0
2025-03-24 04:00:00,0.0,0.0,0.0
2025-03-24 05:00:00,0.0,0.0,0.0
2025-03-24 06:00:00,0.0,0.0,0.0
2025-03-24 07:00:00,3.846,3.146,0.0
2025-03-24 08:00:00,8.812,7.21,0.0
2025-03-24 09:00:00,13.065,10.69,0.0
2025-03-24 10:00:00,15.843,12.963,1.934
2025-03-24 11:00:00,18.058,14.775,1.831
2025-03-24 12:00:00,15.112,12.365,1.149
2025-03-24 13:00:00,17.668,14.455,0.431
2025-03-24 14:00:00,11.92,9.753,4.957
2025-03-24 15:00:00,11.687,9.562,5.233
2025-03-24 16:00:00,9.202,7.529,0.0
2025-03-24 17:00:00,4.127,3.377,0.0
2025-03-24 18:00:00,0.0,0.0,-3.278
2025-03-24 19:00:00,0.0,0.0,-2.699
2025-03-24 20:00:00,0.0,0.0,-4.681
2025-03-24 21:00:00,0.0,0.0,-4.066
2025-03-24 22:00:00,0.0,0.0,-4.931
2025-03-24 23:00:00,0.0,0.0,0.0
2025-03-25 00:00:00,0.0,0.0,0.0
2025-03-25 01:00:00,0.0,0.0,0.0
2025-03-25 02:00:00,0.0,0.0,0.0
2025-03-25 03:00:00,0.0,0.0,0.0
2025-03-25 04:00:00,0.0,0.0,0.0
2025-03-25 05:00:00,0.0,0.0,0.0
2025-03-25 06:00:00,0.0,0.0,0.0
2025-03-25 07:00:00,3.4,2.782,0.0
2025-03-25 08:00:00,6.794,5.558,0.0
2025-03-25 09:00:00,11.936,9.765,0.0
2025-03-25 10:00:00,15.171,12.412,5.49
2025-03-25 11:00:00,14.448,11.821,1.571
2025-03-25 12:00:00,15.25,12.478,3.15
2025-03-25 13:00:00,12.396,10.142,1.457
2025-03-25 14:00:00,12.874,10.533,1.222
2025-03-25 15:00:00,12.984,10.624,3.434
2025-03-25 16:00:00,6.654,5.444,0.0
2025-03-25 17:00:00,3.384,2.769,0.0
2025-03-25 18:00:00,0.0,0.0,-2.614
2025-03-25 19:00:00,0.0,0.0,-2.339
2025-03-25 20:00:00,0.0,0.0,-0.816
2025-03-25 21:00:00,0.0,0.0,-2.655
2025-03-25 22:00:00,0.0,0.0,-1.02
2025-03-25 23:00:00,0.0,0.0,0.0
2025-03-26 00:00:00,0.0,0.0,0.0
2025-03-26 01:00:00,0.0,0.0,0.0
2025-03-26 02:00:00,0.0,0.0,0.0
2025-03-26 03:00:00,0.0,0.0,0.0
2025-03-26 04:00:00,0.0,0.0,0.0
2025-03-26 05:00:00,0.0,0.0,0.0
2025-03-26 06:00:00,0.0,0.0,0.0
2025-03-26 07:00:00,4.16,3.404,0.0
2025-03-26 08:00:00,7.318,5.987,0.0
2025-03-26 09:00:00,8.814,7.211,0.0
2025-03-26 10:00:00,16.512,13.509,1.711
2025-03-26 11:00:00,12.061,9.868,4.654
2025-03-26 12:00:00,16.849,13.786,0.674
2025-03-26 13:00:00,13.104,10.721,4.683
2025-03-26 14:00:00,14.265,11.672,5.458
2025-03-26 15:00:00,9.526,7.794,2.268
2025-03-26 16:00:00,9.58,7.838,0.0
2025-03-26 17:00:00,4.179,3.419,0.0
2025-03-26 18:00:00,0.0,0.0,-3.176
2025-03-26 19:00:00,0.0,0.0,-0.799
2025-03-26 20:00:00,0.0,0.0,-3.894
2025-03-26 21:00:00,0.0,0.0,-2.095
2025-03-26 22:00:00,0.0,0.0,-2.467
2025-03-26 23:00:00,0.0,0.0,0.0
2025-03-27 00:00:00,0.0,0.0,0.0
2025-03-27 01:00:00,0.0,0.0,0.0
2025-03-27 02:00:00,0.0,0.0,0.0
2025-03-27 03:00:00,0.0,0.0,0.0
2025-03-27 04:00:00,0.0,0.0,0.0
2025-03-27 05:00:00,0.0,0.0,0.0
2025-03-27 06:00:00,0.0,0.0,0.0
2025-03-27 07:00:00,3.835,3.138,0.0
2025-03-27 08:00:00,7.095,5.805,0.0
2025-03-27 09:00:00,8.727,7.141,0.0
2025-03-27 10:00:00,12.391,10.138,3.043
2025-03-27 11:00:00,18.063,14.779,2.082
2025-03-27 12:00:00,12.154,9.944,4.93
2025-03-27 13:00:00,14.221,11.636,5.968
2025-03-27 14:00:00,11.398,9.326,1.561
2025-03-27 15:00:00,8.17,6.685,0.474
2025-03-27 16:00:00,7.155,5.854,0.0
2025-03-27 17:00:00,3.563,2.915,0.0
2025-03-27 18:00:00,0.0,0.0,-2.017
2025-03-27 19:00:00,0.0,0.0,-0.779
2025-03-27 20:00:00,0.0,0.0,-1.627
2025-03-27 21:00:00,0.0,0.0,-1.144
2025-03-27 22:00:00,0.0,0.0,-1.449
2025-03-27 23:00:00,0.0,0.0,0.0
2025-03-28 00:00:00,0.0,0.0,0.0
2025-03-28 01:00:00,0.0,0.0,0.0
2025-03-28 02:00:00,0.0,0.0,0.0
2025-03-28 03:00:00,0.0,0.0,0.0
2025-03-28 04:00:00,0.0,0.0,0.0
2025-03-28 05:00:00,0.0,0.0,0.0
2025-03-28 06:00:00,0.0,0.0,0.0
2025-03-28 07:00:00,4.385,3.588,0.0
2025-03-28 08:00:00,7.34,6.005,0.0
2025-03-28 09:00:00,11.988,9.809,0.0
2025-03-28 10:00:00,16.449,13.458,0.643
2025-03-28 11:00:00,13.411,10.973,3.832
2025-03-28 12:00:00,12.534,10.255,0.17
2025-03-28 13:00:00,14.075,11.516,4.3
2025-03-28 14:00:00,13.495,11.041,4.832
2025-03-28 15:00:00,11.174,9.142,2.781
2025-03-28 16:00:00,6.163,5.042,0.0
2025-03-28 17:00:00,4.329,3.542,0.0
2025-03-28 18:00:00,0.0,0.0,-1.062
2025-03-28 19:00:00,0.0,0.0,-4.245
2025-03-28 20:00:00,0.0,0.0,-4.097
2025-03-28 21:00:00,0.0,0.0,-4.594
2025-03-28 22:00:00,0.0,0.0,-3.7
2025-03-28 23:00:00,0.0,0.0,0.0
2025-03-29 00:00:00,0.0,0.0,0.0
2025-03-29 01:00:00,0.0,0.0,0.0
2025-03-29 02:00:00,0.0,0.0,0.0
2025-03-29 03:00:00,0.0,0.0,0.0
2025-03-29 04:00:00,0.0,0.0,0.0
2025-03-29 05:00:00,0.0,0.0,0.0
2025-03-29 06:00:00,0.0,0.0,0.0
2025-03-29 07:00:00,2.998,2.453,0.0
2025-03-29 08:00:00,7.407,6.06,0.0
2025-03-29 09:00:00,10.219,8.361,0.0
2025-03-29 10:00:00,16.375,13.398,1.471
2025-03-29 11:00:00,12.866,10.526,2.378
2025-03-29 12:00:00,18.534,15.164,2.086
2025-03-29 13:00:00,13.71,11.218,1.614
2025-03-29 14:00:00,10.113,8.274,2.752
2025-03-29 15:00:00,10.548,8.63,0.969
2025-03-29 16:00:00,7.377,6.036,0.0
2025-03-29 17:00:00,3.471,2.84,0.0
2025-03-29 18:00:00,0.0,0.0,-2.826
2025-03-29 19:00:00,0.0,0.0,-4.081
2025-03-29 20:00:00,0.0,0.0,-1.242
2025-03-29 21:00:00,0.0,0.0,-0.793
2025-03-29 22:00:00,0.0,0.0,-1.373
2025-03-29 23:00:00,0.0,0.0,0.0
2025-03-30 00:00:00,0.0,0.0,0.0
2025-03-30 01:00:00,0.0,0.0,0.0
2025-03-30 02:00:00,0.0,0.0,0.0
2025-03-30 03:00:00,0.0,0.0,0.0
2025-03-30 04:00:00,0.0,0.0,0.0
2025-03-30 05:00:00,0.0,0.0,0.0
2025-03-30 06:00:00,0.0,0.0,0.0
2025-03-30 07:00:00,4.347,3.557,0.0
2025-03-30 08:00:00,5.985,4.897,0.0
2025-03-30 09:00:00,9.632,7.881,0.0
2025-03-30 10:00:00,10.398,8.508,0.924
2025-03-30 11:00:00,12.407,10.151,3.903
2025-03-30 12:00:00,11.759,9.621,5.659
2025-03-30 13:00:00,15.173,12.414,0.132
2025-03-30 14:00:00,12.012,9.828,0.318
2025-03-30 15:00:00,11.657,9.537,2.193
2025-03-30 16:00:00,5.746,4.701,0.0
2025-03-30 17:00:00,3.168,2.592,0.0
2025-03-30 18:00:00,0.0,0.0,-3.834
2025-03-30 19:00:00,0.0,0.0,-2.041
2025-03-30 20:00:00,0.0,0.0,-4.241
2025-03-30 21:00:00,0.0,0.0,-3.341
2025-03-30 22:00:00,0.0,0.0,-4.367
2025-03-30 23:00:00,0.0,0.0,0.0
2025-03-31 00:00:00,0.0,0.0,0.0
2025-03-31 01:00:00,0.0,0.0,0.0
2025-03-31 02:00:00,0.0,0.0,0.0
2025-03-31 03:00:00,0.0,0.0,0.0
2025-03-31 04:00:00,0.0,0.0,0.0
2025-03-31 05:00:00,0.0,0.0,0.0
2025-03-31 06:00:00,0.0,0.0,0.0
2025-03-31 07:00:00,4.234,3.464,0.0
2025-03-31 08:00:00,8.535,6.983,0.0
2025-03-31 09:00:00,10.546,8.628,0.0
2025-03-31 10:00:00,14.794,12.104,1.95
2025-03-31 11:00:00,17.048,13.948,1.152
2025-03-31 12:00:00,14.383,11.768,2.592
2025-03-31 13:00:00,12.565,10.281,2.464
2025-03-31 14:00:00,11.416,9.341,2.452
2025-03-31 15:00:00,13.149,10.758,1.497
2025-03-31 16:00:00,8.514,6.966,0.0
2025-03-31 17:00:00,2.984,2.441,0.0
2025-03-31 18:00:00,0.0,0.0,-0.742
2025-03-31 19:00:00,0.0,0.0,-4.128
2025-03-31 20:00:00,0.0,0.0,-4.952
2025-03-31 21:00:00,0.0,0.0,-1.943
2025-03-31 22:00:00,0.0,0.0,-2.158
2025-03-31 23:00:00,0.0,0.0,0.0
2025-04-01 00:00:00,0.0,0.0,0.0
2025-04-01 01:00:00,0.0,0.0,0.0
2025-04-01 02:00:00,0.0,0.0,0.0
2025-04-01 03:00:00,0.0,0.0,0.0
2025-04-01 04:00:00,0.0,0.0,0.0
2025-04-01 05:00:00,0.0,0.0,0.0
2025-04-01 06:00:00,0.0,0.0,0.0
2025-04-01 07:00:00,4.564,3.734,0.0
2025-04-01 08:00:00,9.328,7.632,0.0
2025-04-01 09:00:00,8.672,7.095,0.0
2025-04-01 10:00:00,11.632,9.517,0.828
2025-04-01 11:00:00,14.516,11.877,0.174
2025-04-01 12:00:00,13.938,11.403,4.918
2025-04-01 13:00:00,14.117,11.55,5.714
2025-04-01 14:00:00,13.45,11.005,1.69
2025-04-01 15:00:00,8.984,7.35,1.198
2025-04-01 16:00:00,5.977,4.89,0.0
2025-04-01 17:00:00,4.377,3.581,0.0
2025-04-01 18:00:00,0.0,0.0,-3.496
2025-04-01 19:00:00,0.0,0.0,-4.579
2025-04-01 20:00:00,0.0,0.0,-4.209
2025-04-01 21:00:00,0.0,0.0,-4.974
2025-04-01 22:00:00,0.0,0.0,-0.297
2025-04-01 23:00:00,0.0,0.0,0.0
2025-04-02 00:00:00,0.0,0.0,0.0
2025-04-02 01:00:00,0.0,0.0,0.0
2025-04-02 02:00:00,0.0,0.0,0.0
2025-04-02 03:00:00,0.0,0.0,0.0
2025-04-02 04:00:00,0.0,0.0,0.0
2025-04-02 05:00:00,0.0,0.0,0.0
2025-04-02 06:00:00,0.0,0.0,0.0
2025-04-02 07:00:00,3.569,2.92,0.0
2025-04-02 08:00:00,8.694,7.113,0.0
2025-04-02 09:00:00,9.314,7.621,0.0
2025-04-02 10:00:00,10.781,8.821,3.078
2025-04-02 11:00:00,17.379,14.219,4.22
2025-04-02 12:00:00,12.316,10.077,4.038
2025-04-02 13:00:00,13.523,11.064,2.03
2025-04-02 14:00:00,13.15,10.759,2.517
2025-04-02 15:00:00,10.376,8.49,4.94
2025-04-02 16:00:00,7.028,5.75,0.0
2025-04-02 17:00:00,4.331,3.544,0.0
2025-04-02 18:00:00,0.0,0.0,-1.802
2025-04-02 19:00:00,0.0,0.0,-3.952
2025-04-02 20:00:00,0.0,0.0,-2.351
2025-04-02 21:00:00,0.0,0.0,-1.126
2025-04-02 22:00:00,0.0,0.0,-4.022
2025-04-02 23:00:00,0.0,0.0,0.0
2025-04-03 00:00:00,0.0,0.0,0.0
2025-04-03 01:00:00,0.0,0.0,0.0
2025-04-03 02:00:00,0.0,0.0,0.0
2025-04-03 03:00:00,0.0,0.0,0.0
2025-04-03 04:00:00,0.0,0.0,0.0
2025-04-03 05:00:00,0.0,0.0,0.0
2025-04-03 06:00:00,0.0,0.0,0.0
2025-04-03 07:00:00,3.453,2.825,0.0
2025-04-03 08:00:00,8.031,6.571,0.0
2025-04-03 09:00:00,13.01,10.644,0.0
2025-04-03 10:00:00,12.059,9.866,0.555
2025-04-03 11:00:00,16.428,13.441,3.973
2025-04-03 12:00:00,14.836,12.139,1.134
2025-04-03 13:00:00,11.394,9.323,0.426
2025-04-03 14:00:00,14.156,11.582,2.365
2025-04-03 15:00:00,10.497,8.589,1.313
2025-04-03 16:00:00,7.32,5.989,0.0
2025-04-03 17:00:00,3.947,3.23,0.0
2025-04-03 18:00:00,0.0,0.0,-3.938
2025-04-03 19:00:00,0.0,0.0,-3.18
2025-04-03 20:00:00,0.0,0.0,-0.315
2025-04-03 21:00:00,0.0,0.0,-2.894
2025-04-03 22:00:00,0.0,0.0,-0.135
2025-04-03 23:00:00,0.0,0.0,0.0
2025-04-04 00:00:00,0.0,0.0,0.0
2025-04-04 01:00:00,0.0,0.0,0.0
2025-04-04 02:00:00,0.0,0.0,0.0
2025-04-04 03:00:00,0.0,0.0,0.0
2025-04-04 04:00:00,0.0,0.0,0.0
2025-04-04 05:00:00,0.0,0.0,0.0
2025-04-04 06:00:00,0.0,0.0,0.0
2025-04-04 07:00:00,3.122,2.555,0.0
2025-04-04 08:00:00,5.885,4.815,0.0
2025-04-04 09:00:00,10.225,8.366,0.0
2025-04-04 10:00:00,15.208,12.443,0.509
2025-04-04 11:00:00,13.23,10.825,1.46
2025-04-04 12:00:00,17.394,14.231,2.475
2025-04-04 13:00:00,16.526,13.522,0.165
2025-04-04 14:00:00,12.634,10.337,2.823
2025-04-04 15:00:00,9.229,7.551,2.567
2025-04-04 16:00:00,6.107,4.997,0.0
2025-04-04 17:00:00,4.765,3.899,0.0
2025-04-04 18:00:00,0.0,0.0,-0.776
2025-04-04 19:00:00,0.0,0.0,-2.258
2025-04-04 20:00:00,0.0,0.0,-2.976
2025-04-04 21:00:00,0.0,0.0,-0.23
2025-04-04 22:00:00,0.0,0.0,-0.653
2025-04-04 23:00:00,0.0,0.0,0.0
2025-04-05 00:00:00,0.0,0.0,0.0
2025-04-05 01:00:00,0.0,0.0,0.0
2025-04-05 02:00:00,0.0,0.0,0.0
2025-04-05 03:00:00,0.0,0.0,0.0
2025-04-05 04:00:00,0.0,0.0,0.0
2025-04-05 05:00:00,0.0,0.0,0.0
2025-04-05 06:00:00,0.0,0.0,0.0
2025-04-05 07:00:00,3.419,2.797,0.0
2025-04-05 08:00:00,5.544,4.536,0.0
2025-04-05 09:00:00,11.728,9.596,0.0
2025-04-05 10:00:00,13.654,11.171,4.407
2025-04-05 11:00:00,14.387,11.771,2.152
2025-04-05 12:00:00,12.447,10.184,0.631
2025-04-05 13:00:00,14.727,12.049,2.631
2025-04-05 14:00:00,14.1,11.536,3.84
2025-04-05 15:00:00,10.749,8.794,2.728
2025-04-05 16:00:00,8.195,6.705,0.0
2025-04-05 17:00:00,3.426,2.803,0.0
2025-04-05 18:00:00,0.0,0.0,-0.918
2025-04-05 19:00:00,0.0,0.0,-1.559
2025-04-05 20:00:00,0.0,0.0,-1.849
2025-04-05 21:00:00,0.0,0.0,-1.471
2025-04-05 22:00:00,0.0,0.0,-3.313
2025-04-05 23:00:00,0.0,0.0,0.0
2025-04-06 00:00:00,0.0,0.0,0.0
2025-04-06 01:00:00,0.0,0.0,0.0
2025-04-06 02:00:00,0.0,0.0,0.0
2025-04-06 03:00:00,0.0,0.0,0.0
2025-04-06 04:00:00,0.0,0.0,0.0
2025-04-06 05:00:00,0.0,0.0,0.0
2025-04-06 06:00:00,0.0,0.0,0.0
2025-04-06 07:00:00,3.017,2.468,0.0
2025-04-06 08:00:00,7.338,6.004,0.0
2025-04-06 09:00:00,8.555,7.0,0.0
2025-04-06 10:00:00,13.96,11.422,0.751
2025-04-06 11:00:00,15.731,12.871,4.815
2025-04-06 12:00:00,13.985,11.442,2.824
2025-04-06 13:00:00,13.603,11.13,1.724
2025-04-06 14:00:00,10.802,8.838,1.34
2025-04-06 15:00:00,10.616,8.686,5.847
2025-04-06 16:00:00,8.704,7.121,0.0
2025-04-06 17:00:00,4.349,3.558,0.0
2025-04-06 18:00:00,0.0,0.0,-2.966
2025-04-06 19:00:00,0.0,0.0,-3.539
2025-04-06 20:00:00,0.0,0.0,-1.845
2025-04-06 21:00:00,0.0,0.0,-3.378
2025-04-06 22:00:00,0.0,0.0,-1.125
2025-04-06 23:00:00,0.0,0.0,0.0
2025-04-07 00:00:00,0.0,0.0,0.0
2025-04-07 01:00:00,0.0,0.0,0.0
2025-04-07 02:00:00,0.0,0.0,0.0
2025-04-07 03:00:00,0.0,0.0,0.0
2025-04-07 04:00:00,0.0,0.0,0.0
2025-04-07 05:00:00,0.0,0.0,0.0
2025-04-07 06:00:00,0.0,0.0,0.0
2025-04-07 07:00:00,4.396,3.596,0.0
2025-04-07 08:00:00,8.429,6.896,0.0
2025-04-07 09:00:00,11.997,9.816,0.0
2025-04-07 10:00:00,15.584,12.75,3.684
2025-04-07 11:00:00,13.692,11.203,4.819
2025-04-07 12:00:00,13.111,10.727,4.643
2025-04-07 13:00:00,15.71,12.853,1.586
2025-04-07 14:00:00,12.258,10.029,5.207
2025-04-07 15:00:00,11.659,9.539,4.718
2025-04-07 16:00:00,5.764,4.716,0.0
2025-04-07 17:00:00,3.014,2.466,0.0
2025-04-07 18:00:00,0.0,0.0,-1.954
2025-04-07 19:00:00,0.0,0.0,-3.425
2025-04-07 20:00:00,0.0,0.0,-4.974
2025-04-07 21:00:00,0.0,0.0,-4.242
2025-04-07 22:00:00,0.0,0.0,-2.773
2025-04-07 23:00:00,0.0,0.0,0.0
2025-04-08 00:00:00,0.0,0.0,0.0
2025-04-08 01:00:00,0.0,0.0,0.0
2025-04-08 02:00:00,0.0,0.0,0.0
2025-04-08 03:00:00,0.0,0.0,0.0
2025-04-08 04:00:00,0.0,0.0,0.0
2025-04-08 05:00:00,0.0,0.0,0.0
2025-04-08 06:00:00,0.0,0.0,0.0
2025-04-08 07:00:00,2.871,2.349,0.0
2025-04-08 08:00:00,6.468,5.292,0.0
2025-04-08 09:00:00,9.925,8.12,0.0
2025-04-08 10:00:00,15.422,12.618,4.058
2025-04-08 11:00:00,11.586,9.48,5.778
2025-04-08 12:00:00,14.077,11.517,0.398
2025-04-08 13:00:00,10.615,8.685,4.296
2025-04-08 14:00:00,13.459,11.012,1.278
2025-04-08 15:00:00,9.614,7.866,0.901
2025-04-08 16:00:00,8.546,6.992,0.0
2025-04-08 17:00:00,4.026,3.294,0.0
2025-04-08 18:00:00,0.0,0.0,-0.626
2025-04-08 19:00:00,0.0,0.0,-3.585
2025-04-08 20:00:00,0.0,0.0,-1.536
2025-04-08 21:00:00,0.0,0.0,-0.003
2025-04-08 22:00:00,0.0,0.0,-1.604
2025-04-08 23:00:00,0.0,0.0,0.0
2025-04-09 00:00:00,0.0,0.0,0.0
2025-04-09 01:00:00,0.0,0.0,0.0
2025-04-09 02:00:00,0.0,0.0,0.0
2025-04-09 03:00:00,0.0,0.0,0.0
2025-04-09 04:00:00,0.0,0.0,0.0
2025-04-09 05:00:00,0.0,0.0,0.0
2025-04-09 06:00:00,0.0,0.0,0.0
2025-04-09 07:00:00,3.393,2.776,0.0
2025-04-09 08:00:00,7.83,6.407,0.0
2025-04-09 09:00:00,10.599,8.672,0.0
2025-04-09 10:00:00,10.719,8.77,5.933
2025-04-09 11:00:00,11.557,9.456,1.13
2025-04-09 12:00:00,18.002,14.729,4.36
2025-04-09 13:00:00,16.183,13.241,2.358
2025-04-09 14:00:00,9.689,7.928,3.003
2025-04-09 15:00:00,12.449,10.185,5.881
2025-04-09 16:00:00,6.107,4.997,0.0
2025-04-09 17:00:00,3.586,2.934,0.0
2025-04-09 18:00:00,0.0,0.0,-0.461
2025-04-09 19:00:00,0.0,0.0,-4.793
2025-04-09 20:00:00,0.0,0.0,-0.189
2025-04-09 21:00:00,0.0,0.0,-0.149
2025-04-09 22:00:00,0.0,0.0,-3.664
2025-04-09 23:00:00,0.0,0.0,0.0
2025-04-10 00:00:00,0.0,0.0,0.0
2025-04-10 01:00:00,0.0,0.0,0.0
2025-04-10 02:00:00,0.0,0.0,0.0
2025-04-10 03:00:00,0.0,0.0,0.0
2025-04-10 04:00:00,0.0,0.0,0.0
2025-04-10 05:00:00,0.0,0.0,0.0
2025-04-10 06:00:00,0.0,0.0,0.0
2025-04-10 07:00:00,3.701,3.028,0.0
2025-04-10 08:00:00,7.806,6.386,0.0
2025-04-10 09:00:00,8.669,7.093,0.0
2025-04-10 10:00:00,12.581,10.293,3.471
2025-04-10 11:00:00,16.483,13.486,5.046
2025-04-10 12:00:00,16.614,13.593,4.965
2025-04-10 13:00:00,12.671,10.367,3.696
2025-04-10 14:00:00,9.844,8.054,3.812
2025-04-10 15:00:00,10.66,8.722,3.165
2025-04-10 16:00:00,8.831,7.225,0.0
2025-04-10 17:00:00,3.807,3.115,0.0
2025-04-10 18:00:00,0.0,0.0,-2.872
2025-04-10 19:00:00,0.0,0.0,-3.387
2025-04-10 20:00:00,0.0,0.0,-2.536
2025-04-10 21:00:00,0.0,0.0,-2.694
2025-04-10 22:00:00,0.0,0.0,-0.125
2025-04-10 23:00:00,0.0,0.0,0.0
2025-04-11 00:00:00,0.0,0.0,0.0
2025-04-11 01:00:00,0.0,0.0,0.0
2025-04-11 02:00:00,0.0,0.0,0.0
2025-04-11 03:00:00,0.0,0.0,0.0
2025-04-11 04:00:00,0.0,0.0,0.0
2025-04-11 05:00:00,0.0,0.0,0.0
2025-04-11 06:00:00,0.0,0.0,0.0
2025-04-11 07:00:00,3.236,2.647,0.0
2025-04-11 08:00:00,7.968,6.519,0.0
2025-04-11 09:00:00,7.763,6.351,0.0
2025-04-11 10:00:00,13.795,11.287,2.744
2025-04-11 11:00:00,10.824,8.856,5.16
2025-04-11 12:00:00,16.095,13.169,0.841
2025-04-11 13:00:00,15.794,12.922,1.951
2025-04-11 14:00:00,13.614,11.139,4.702
2025-04-11 15:00:00,8.343,6.826,3.341
2025-04-11 16:00:00,7.774,6.36,0.0
2025-04-11 17:00:00,4.645,3.8,0.0
2025-04-11 18:00:00,0.0,0.0,-4.969
2025-04-11 19:00:00,0.0,0.0,-1.165
2025-04-11 20:00:00,0.0,0.0,-0.131
2025-04-11 21:00:00,0.0,0.0,-1.622
2025-04-11 22:00:00,0.0,0.0,-2.579
2025-04-11 23:00:00,0.0,0.0,0.0
2025-04-12 00:00:00,0.0,0.0,0.0
2025-04-12 01:00:00,0.0,0.0,0.0
2025-04-12 02:00:00,0.0,0.0,0.0
2025-04-12 03:00:00,0.0,0.0,0.0
2025-04-12 04:00:00,0.0,0.0,0.0
2025-04-12 05:00:00,0.0,0.0,0.0
2025-04-12 06:00:00,0.0,0.0,0.0
2025-04-12 07:00:00,2.934,2.401,0.0
2025-04-12 08:00:00,7.383,6.04,0.0
2025-04-12 09:00:00,10.346,8.465,0.0
2025-04-12 10:00:00,14.745,12.064,5.298
2025-04-12 11:00:00,10.808,8.843,0.869
2025-04-12 12:00:00,16.257,13.301,5.005
2025-04-12 13:00:00,11.061,9.05,0.831
2025-04-12 14:00:00,14.819,12.125,3.035
2025-04-12 15:00:00,11.56,9.458,1.38
2025-04-12 16:00:00,6.896,5.642,0.0
2025-04-12 17:00:00,3.677,3.009,0.0
2025-04-12 18:00:00,0.0,0.0,-2.344
2025-04-12 19:00:00,0.0,0.0,-4.602
2025-04-12 20:00:00,0.0,0.0,-2.429
2025-04-12 21:00:00,0.0,0.0,-4.582
2025-04-12 22:00:00,0.0,0.0,-3.359
2025-04-12 23:00:00,0.0,0.0,0.0
2025-04-13 00:00:00,0.0,0.0,0.0
2025-04-13 01:00:00,0.0,0.0,0.0
2025-04-13 02:00:00,0.0,0.0,0.0
2025-04-13 03:00:00,0.0,0.0,0.0
2025-04-13 04:00:00,0.0,0.0,0.0
2025-04-13 05:00:00,0.0,0.0,0.0
2025-04-13 06:00:00,0.0,0.0,0.0
2025-04-13 07:00:00,3.467,2.836,0.0
2025-04-13 08:00:00,5.628,4.604,0.0
2025-04-13 09:00:00,10.413,8.52,0.0
2025-04-13 10:00:00,10.453,8.552,0.819
2025-04-13 11:00:00,16.994,13.904,5.753
2025-04-13 12:00:00,15.125,12.375,3.088
2025-04-13 13:00:00,13.103,10.72,3.432
2025-04-13 14:00:00,15.348,12.557,2.366
2025-04-13 15:00:00,10.402,8.511,1.512
2025-04-13 16:00:00,8.231,6.734,0.0
2025-04-13 17:00:00,3.623,2.964,0.0
2025-04-13 18:00:00,0.0,0.0,-1.739
2025-04-13 19:00:00,0.0,0.0,-3.118
2025-04-13 20:00:00,0.0,0.0,-4.4
2025-04-13 21:00:00,0.0,0.0,-0.67
2025-04-13 22:00:00,0.0,0.0,-2.231
2025-04-13 23:00:00,0.0,0.0,0.0
2025-04-14 00:00:00,0.0,0.0,0.0
2025-04-14 01:00:00,0.0,0.0,0.0
2025-04-14 02:00:00,0.0,0.0,0.0
2025-04-14 03:00:00,0.0,0.0,0.0
2025-04-14 04:00:00,0.0,0.0,0.0
2025-04-14 05:00:00,0.0,0.0,0.0
2025-04-14 06:00:00,0.0,0.0,0.0
2025-04-14 07:00:00,3.627,2.968,0.0
2025-04-14 08:00:00,5.369,4.392,0.0
2025-04-14 09:00:00,8.338,6.822,0.0
2025-04-14 10:00:00,12.307,10.069,5.947
2025-04-14 11:00:00,11.275,9.225,4.563
2025-04-14 12:00:00,15.86,12.976,0.239
2025-04-14 13:00:00,14.406,11.787,0.47
2025-04-14 14:00:00,10.751,8.796,4.27
2025-04-14 15:00:00,11.477,9.39,2.83
2025-04-14 16:00:00,6.235,5.101,0.0
2025-04-14 17:00:00,3.711,3.036,0.0
2025-04-14 18:00:00,0.0,0.0,-2.53
2025-04-14 19:00:00,0.0,0.0,-2.576
2025-04-14 20:00:00,0.0,0.0,-2.63
2025-04-14 21:00:00,0.0,0.0,-3.025
2025-04-14 22:00:00,0.0,0.0,-2.757
2025-04-14 23:00:00,0.0,0.0,0.0
2025-04-15 00:00:00,0.0,0.0,0.0
2025-04-15 01:00:00,0.0,0.0,0.0
2025-04-15 02:00:00,0.0,0.0,0.0
2025-04-15 03:00:00,0.0,0.0,0.0
2025-04-15 04:00:00,0.0,0.0,0.0
2025-04-15 05:00:00,0.0,0.0,0.0
2025-04-15 06:00:00,0.0,0.0,0.0
2025-04-15 07:00:00,3.611,2.955,0.0
2025-04-15 08:00:00,6.054,4.953,0.0
2025-04-15 09:00:00,8.892,7.275,0.0
2025-04-15 10:00:00,9.971,8.158,0.856
2025-04-15 11:00:00,16.511,13.509,5.624
2025-04-15 12:00:00,13.956,11.419,2.973
2025-04-15 13:00:00,11.554,9.453,3.613
2025-04-15 14:00:00,10.888,8.909,5.4
2025-04-15 15:00:00,8.312,6.8,2.861
2025-04-15 16:00:00,5.882,4.812,0.0
2025-04-15 17:00:00,3.381,2.766,0.0
2025-04-15 18:00:00,0.0,0.0,-1.709
2025-04-15 19:00:00,0.0,0.0,-0.804
2025-04-15 20:00:00,0.0,0.0,-0.666
2025-04-15 21:00:00,0.0,0.0,-4.475
2025-04-15 22:00:00,0.0,0.0,-3.138
2025-04-15 23:00:00,0.0,0.0,0.0
2025-04-16 00:00:00,0.0,0.0,0.0
2025-04-16 01:00:00,0.0,0.0,0.0
2025-04-16 02:00:00,0.0,0.0,0.0
2025-04-16 03:00:00,0.0,0.0,0.0
2025-04-16 04:00:00,0.0,0.0,0.0
2025-04-16 05:00:00,0.0,0.0,0.0
2025-04-16 06:00:00,0.0,0.0,0.0
2025-04-16 07:00:00,4.139,3.386,0.0
2025-04-16 08:00:00,5.939,4.859,0.0
2025-04-16 09:00:00,7.491,6.129,0.0
2025-04-16 10:00:00,13.01,10.645,0.43
2025-04-16 11:00:00,15.998,13.089,1.821
2025-04-16 12:00:00,13.805,11.295,2.33
2025-04-16 13:00:00,13.536,11.075,1.107
2025-04-16 14:00:00,10.813,8.847,0.298
2025-04-16 15:00:00,11.299,9.244,2.575
2025-04-16 16:00:00,6.818,5.579,0.0
2025-04-16 17:00:00,2.919,2.388,0.0
2025-04-16 18:00:00,0.0,0.0,-1.716
2025-04-16 19:00:00,0.0,0.0,-0.832
2025-04-16 20:00:00,0.0,0.0,-2.151
2025-04-16 21:00:00,0.0,0.0,-1.068
2025-04-16 22:00:00,0.0,0.0,-0.516
2025-04-16 23:00:00,0.0,0.0,0.0
2025-04-17 00:00:00,0.0,0.0,0.0
2025-04-17 01:00:00,0.0,0.0,0.0
2025-04-17 02:00:00,0.0,0.0,0.0
2025-04-17 03:00:00,0.0,0.0,0.0
2025-04-17 04:00:00,0.0,0.0,0.0
2025-04-17 05:00:00,0.0,0.0,0.0
2025-04-17 06:00:00,0.0,0.0,0.0
2025-04-17 07:00:00,4.212,3.446,0.0
2025-04-17 08:00:00,7.044,5.763,0.0
2025-04-17 09:00:00,12.207,9.988,0.0
2025-04-17 10:00:00,11.545,9.446,5.02
2025-04-17 11:00:00,14.925,12.211,5.974
2025-04-17 12:00:00,14.335,11.729,3.33
2025-04-17 13:00:00,15.988,13.081,0.625
2025-04-17 14:00:00,14.539,11.895,1.443
2025-04-17 15:00:00,8.348,6.83,2.962
2025-04-17 16:00:00,5.555,4.545,0.0
2025-04-17 17:00:00,4.224,3.456,0.0
2025-04-17 18:00:00,0.0,0.0,-1.49
2025-04-17 19:00:00,0.0,0.0,-4.315
2025-04-17 20:00:00,0.0,0.0,-4.911
2025-04-17 21:00:00,0.0,0.0,-3.578
2025-04-17 22:00:00,0.0,0.0,-1.591
2025-04-17 23:00:00,0.0,0.0,0.0
2025-04-18 00:00:00,0.0,0.0,0.0
2025-04-18 01:00:00,0.0,0.0,0.0
2025-04-18 02:00:00,0.0,0.0,0.0
2025-04-18 03:00:00,0.0,0.0,0.0
2025-04-18 04:00:00,0.0,0.0,0.0
2025-04-18 05:00:00,0.0,0.0,0.0
2025-04-18 06:00:00,0.0,0.0,0.0
2025-04-18 07:00:00,3.247,2.657,0.0
2025-04-18 08:00:00,7.631,6.244,0.0
2025-04-18 09:00:00,10.57,8.648,0.0
2025-04-18 10:00:00,10.564,8.643,4.556
2025-04-18 11:00:00,15.065,12.326,4.966
2025-04-18 12:00:00,13.618,11.142,4.501
2025-04-18 13:00:00,14.702,12.029,1.976
2025-04-18 14:00:00,12.504,10.23,2.765
2025-04-18 15:00:00,9.88,8.084,4.27
2025-04-18 16:00:00,6.041,4.943,0.0
2025-04-18 17:00:00,2.975,2.434,0.0
2025-04-18 18:00:00,0.0,0.0,-0.399
2025-04-18 19:00:00,0.0,0.0,-0.149
2025-04-18 20:00:00,0.0,0.0,-0.093
2025-04-18 21:00:00,0.0,0.0,-4.34
2025-04-18 22:00:00,0.0,0.0,-3.39
2025-04-18 23:00:00,0.0,0.0,0.0
2025-04-19 00:00:00,0.0,0.0,0.0
2025-04-19 01:00:00,0.0,0.0,0.0
2025-04-19 02:00:00,0.0,0.0,0.0
2025-04-19 03:00:00,0.0,0.0,0.0
2025-04-19 04:00:00,0.0,0.0,0.0
2025-04-19 05:00:00,0.0,0.0,0.0
2025-04-19 06:00:00,0.0,0.0,0.0
2025-04-19 07:00:00,3.384,2.769,0.0
2025-04-19 08:00:00,6.561,5.368,0.0
2025-04-19 09:00:00,12.237,10.012,0.0
2025-04-19 10:00:00,11.27,9.221,4.016
2025-04-19 11:00:00,16.162,13.223,4.56
2025-04-19 12:00:00,14.365,11.753,0.778
2025-04-19 13:00:00,10.511,8.6,4.544
2025-04-19 14:00:00,14.313,11.711,0.523
2025-04-19 15:00:00,9.744,7.972,1.898
2025-04-19 16:00:00,6.603,5.402,0.0
2025-04-19 17:00:00,3.597,2.943,0.0
2025-04-19 18:00:00,0.0,0.0,-4.032
2025-04-19 19:00:00,0.0,0.0,-1.246
2025-04-19 20:00:00,0.0,0.0,-4.336
2025-04-19 21:00:00,0.0,0.0,-2.998
2025-04-19 22:00:00,0.0,0.0,-2.679
2025-04-19 23:00:00,0.0,0.0,0.0
2025-04-20 00:00:00,0.0,0.0,0.0
2025-04-20 01:00:00,0.0,0.0,0.0
2025-04-20 02:00:00,0.0,0.0,0.0
2025-04-20 03:00:00,0.0,0.0,0.0
2025-04-20 04:00:00,0.0,0.0,0.0
2025-04-20 05:00:00,0.0,0.0,0.0
2025-04-20 06:00:00,0.0,0.0,0.0
2025-04-20 07:00:00,3.525,2.884,0.0
2025-04-20 08:00:00,7.359,6.021,0.0
2025-04-20 09:00:00,7.438,6.086,0.0
2025-04-20 10:00:00,10.177,8.327,3.088
2025-04-20 11:00:00,13.03,10.661,5.983
2025-04-20 12:00:00,16.256,13.301,5.523
2025-04-20 13:00:00,13.445,11.001,4.436
2025-04-20 14:00:00,14.984,12.26,0.258
2025-04-20 15:00:00,11.209,9.171,1.109
2025-04-20 16:00:00,5.421,4.435,0.0
2025-04-20 17:00:00,3.156,2.582,0.0
2025-04-20 18:00:00,0.0,0.0,-0.41
2025-04-20 19:00:00,0.0,0.0,-4.33
2025-04-20 20:00:00,0.0,0.0,-0.368
2025-04-20 21:00:00,0.0,0.0,-3.92
2025-04-20 22:00:00,0.0,0.0,-2.813
2025-04-20 23:00:00,0.0,0.0,0.0
2025-04-21 00:00:00,0.0,0.0,0.0
2025-04-21 01:00:00,0.0,0.0,0.0
2025-04-21 02:00:00,0.0,0.0,0.0
2025-04-21 03:00:00,0.0,0.0,0.0
2025-04-21 04:00:00,0.0,0.0,0.0
2025-04-21 05:00:00,0.0,0.0,0.0
2025-04-21 06:00:00,0.0,0.0,0.0
2025-04-21 07:00:00,3.221,2.636,0.0
2025-04-21 08:00:00,7.091,5.802,0.0
2025-04-21 09:00:00,9.359,7.657,0.0
2025-04-21 10:00:00,14.306,11.705,5.833
2025-04-21 11:00:00,16.327,13.359,1.979
2025-04-21 12:00:00,16.23,13.279,4.33
2025-04-21 13:00:00,14.156,11.583,1.912
2025-04-21 14:00:00,13.408,10.97,4.238
2025-04-21 15:00:00,11.992,9.812,0.626
2025-04-21 16:00:00,6.499,5.318,0.0
2025-04-21 17:00:00,2.923,2.391,0.0
2025-04-21 18:00:00,0.0,0.0,-2.415
2025-04-21 19:00:00,0.0,0.0,-1.806
2025-04-21 20:00:00,0.0,0.0,-3.504
2025-04-21 21:00:00,0.0,0.0,-3.961
2025-04-21 22:00:00,0.0,0.0,-2.482
2025-04-21 23:00:00,0.0,0.0,0.0
2025-04-22 00:00:00,0.0,0.0,0.0
2025-04-22 01:00:00,0.0,0.0,0.0
2025-04-22 02:00:00,0.0,0.0,0.0
2025-04-22 03:00:00,0.0,0.0,0.0
2025-04-22 04:00:00,0.0,0.0,0.0
2025-04-22 05:00:00,0.0,0.0,0.0
2025-04-22 06:00:00,0.0,0.0,0.0
2025-04-22 07:00:00,4.402,3.602,0.0
2025-04-22 08:00:00,5.635,4.611,0.0
2025-04-22 09:00:00,11.183,9.15,0.0
2025-04-22 10:00:00,13.86,11.34,2.007
2025-04-22 11:00:00,12.411,10.155,2.637
2025-04-22 12:00:00,12.864,10.525,0.248
2025-04-22 13:00:00,16.322,13.355,2.187
2025-04-22 14:00:00,9.884,8.087,2.4
2025-04-22 15:00:00,7.905,6.467,3.839
2025-04-22 16:00:00,6.216,5.086,0.0
2025-04-22 17:00:00,2.825,2.311,0.0
2025-04-22 18:00:00,0.0,0.0,-4.234
2025-04-22 19:00:00,0.0,0.0,-3.215
2025-04-22 20:00:00,0.0,0.0,-4.604
2025-04-22 21:00:00,0.0,0.0,-2.293
2025-04-22 22:00:00,0.0,0.0,-0.303
2025-04-22 23:00:00,0.0,0.0,0.0
2025-04-23 00:00:00,0.0,0.0,0.0
2025-04-23 01:00:00,0.0,0.0,0.0
2025-04-23 02:00:00,0.0,0.0,0.0
2025-04-23 03:00:00,0.0,0.0,0.0
2025-04-23 04:00:00,0.0,0.0,0.0
2025-04-23 05:00:00,0.0,0.0,0.0
2025-04-23 06:00:00,0.0,0.0,0.0
2025-04-23 07:00:00,3.372,2.759,0.0
2025-04-23 08:00:00,6.863,5.615,0.0
2025-04-23 09:00:00,7.885,6.452,0.0
2025-04-23 10:00:00,9.816,8.031,2.143
2025-04-23 11:00:00,14.383,11.768,1.178
2025-04-23 12:00:00,13.413,10.974,2.825
2025-04-23 13:00:00,10.325,8.447,1.502
2025-04-23 14:00:00,11.984,9.805,0.899
2025-04-23 15:00:00,8.592,7.03,0.726
2025-04-23 16:00:00,8.41,6.881,0.0
2025-04-23 17:00:00,3.306,2.705,0.0
2025-04-23 18:00:00,0.0,0.0,-1.29
2025-04-23 19:00:00,0.0,0.0,-1.518
2025-04-23 20:00:00,0.0,0.0,-2.255
2025-04-23 21:00:00,0.0,0.0,-4.536
2025-04-23 22:00:00,0.0,0.0,-2.669
2025-04-23 23:00:00,0.0,0.0,0.0
2025-04-24 00:00:00,0.0,0.0,0.0
2025-04-24 01:00:00,0.0,0.0,0.0
2025-04-24 02:00:00,0.0,0.0,0.0
2025-04-24 03:00:00,0.0,0.0,0.0
2025-04-24 04:00:00,0.0,0.0,0.0
2025-04-24 05:00:00,0.0,0.0,0.0
2025-04-24 06:00:00,0.0,0.0,0.0
2025-04-24 07:00:00,2.791,2.283,0.0
2025-04-24 08:00:00,6.53,5.343,0.0
2025-04-24 09:00:00,9.237,7.557,0.0
2025-04-24 10:00:00,12.88,10.538,2.171
2025-04-24 11:00:00,15.042,12.307,2.316
2025-04-24 12:00:00,11.036,9.03,1.987
2025-04-24 13:00:00,14.009,11.462,3.421
2025-04-24 14:00:00,10.877,8.9,2.701
2025-04-24 15:00:00,7.391,6.047,0.036
2025-04-24 16:00:00,6.204,5.076,0.0
2025-04-24 17:00:00,2.699,2.209,0.0
2025-04-24 18:00:00,0.0,0.0,-0.489
2025-04-24 19:00:00,0.0,0.0,-1.488
2025-04-24 20:00:00,0.0,0.0,-1.13
2025-04-24 21:00:00,0.0,0.0,-4.792
2025-04-24 22:00:00,0.0,0.0,-2.384
2025-04-24 23:00:00,0.0,0.0,0.0
2025-04-25 00:00:00,0.0,0.0,0.0
2025-04-25 01:00:00,0.0,0.0,0.0
2025-04-25 02:00:00,0.0,0.0,0.0
2025-04-25 03:00:00,0.0,0.0,0.0
2025-04-25 04:00:00,0.0,0.0,0.0
2025-04-25 05:00:00,0.0,0.0,0.0
2025-04-25 06:00:00,0.0,0.0,0.0
2025-04-25 07:00:00,3.811,3.118,0.0
2025-04-25 08:00:00,8.235,6.738,0.0
2025-04-25 09:00:00,10.482,8.576,0.0
2025-04-25 10:00:00,9.026,7.385,1.545
2025-04-25 11:00:00,12.636,10.338,1.609
2025-04-25 12:00:00,13.435,10.992,0.95
2025-04-25 13:00:00,14.231,11.644,0.748
2025-04-25 14:00:00,12.497,10.225,1.99
2025-04-25 15:00:00,10.106,8.268,5.119
2025-04-25 16:00:00,5.709,4.671,0.0
2025-04-25 17:00:00,3.501,2.864,0.0
2025-04-25 18:00:00,0.0,0.0,-2.073
2025-04-25 19:00:00,0.0,0.0,-1.321
2025-04-25 20:00:00,0.0,0.0,-3.541
2025-04-25 21:00:00,0.0,0.0,-4.39
2025-04-25 22:00:00,0.0,0.0,-2.483
2025-04-25 23:00:00,0.0,0.0,0.0
2025-04-26 00:00:00,0.0,0.0,0.0
2025-04-26 01:00:00,0.0,0.0,0.0
2025-04-26 02:00:00,0.0,0.0,0.0
2025-04-26 03:00:00,0.0,0.0,0.0
2025-04-26 04:00:00,0.0,0.0,0.0
2025-04-26 05:00:00,0.0,0.0,0.0
2025-04-26 06:00:00,0.0,0.0,0.0
2025-04-26 07:00:00,2.867,2.346,0.0
2025-04-26 08:00:00,7.687,6.289,0.0
2025-04-26 09:00:00,11.846,9.692,0.0
2025-04-26 10:00:00,9.129,7.469,1.166
2025-04-26 11:00:00,10.123,8.282,1.448
2025-04-26 12:00:00,13.013,10.647,0.238
2025-04-26 13:00:00,12.864,10.525,4.194
2025-04-26 14:00:00,14.589,11.937,0.688
2025-04-26 15:00:00,7.906,6.468,4.35
2025-04-26 16:00:00,6.322,5.172,0.0
2025-04-26 17:00:00,2.715,2.221,0.0
2025-04-26 18:00:00,0.0,0.0,-2.293
2025-04-26 19:00:00,0.0,0.0,-2.242
2025-04-26 20:00:00,0.0,0.0,-3.724
2025-04-26 21:00:00,0.0,0.0,-4.162
2025-04-26 22:00:00,0.0,0.0,-3.01
2025-04-26 23:00:00,0.0,0.0,0.0
2025-04-27 00:00:00,0.0,0.0,0.0
2025-04-27 01:00:00,0.0,0.0,0.0
2025-04-27 02:00:00,0.0,0.0,0.0
2025-04-27 03:00:00,0.0,0.0,0.0
2025-04-27 04:00:00,0.0,0.0,0.0
2025-04-27 05:00:00,0.0,0.0,0.0
2025-04-27 06:00:00,0.0,0.0,0.0
2025-04-27 07:00:00,3.434,2.809,0.0
2025-04-27 08:00:00,6.092,4.985,0.0
2025-04-27 09:00:00,10.109,8.271,0.0
2025-04-27 10:00:00,14.093,11.53,1.644
2025-04-27 11:00:00,12.466,10.199,1.952
2025-04-27 12:00:00,13.4,10.964,1.802
2025-04-27 13:00:00,14.873,12.169,4.036
2025-04-27 14:00:00,9.786,8.007,2.702
2025-04-27 15:00:00,11.038,9.031,4.669
2025-04-27 16:00:00,6.183,5.059,0.0
2025-04-27 17:00:00,3.137,2.566,0.0
2025-04-27 18:00:00,0.0,0.0,-3.017
2025-04-27 19:00:00,0.0,0.0,-1.0
2025-04-27 20:00:00,0.0,0.0,-1.442
2025-04-27 21:00:00,0.0,0.0,-1.322
2025-04-27 22:00:00,0.0,0.0,-3.088
2025-04-27 23:00:00,0.0,0.0,0.0
2025-04-28 00:00:00,0.0,0.0,0.0
2025-04-28 01:00:00,0.0,0.0,0.0
2025-04-28 02:00:00,0.0,0.0,0.0
2025-04-28 03:00:00,0.0,0.0,0.0
2025-04-28 04:00:00,0.0,0.0,0.0
2025-04-28 05:00:00,0.0,0.0,0.0
2025-04-28 06:00:00,0.0,0.0,0.0
2025-04-28 07:00:00,2.974,2.433,0.0
2025-04-28 08:00:00,8.203,6.711,0.0
2025-04-28 09:00:00,10.565,8.644,0.0
2025-04-28 10:00:00,10.922,8.936,5.926
2025-04-28 11:00:00,15.197,12.434,3.722
2025-04-28 12:00:00,12.675,10.37,3.671
2025-04-28 13:00:00,12.693,10.385,5.748
2025-04-28 14:00:00,9.282,7.594,2.421
2025-04-28 15:00:00,8.302,6.793,1.342
2025-04-28 16:00:00,8.304,6.794,0.0
2025-04-28 17:00:00,3.395,2.778,0.0
2025-04-28 18:00:00,0.0,0.0,-0.631
2025-04-28 19:00:00,0.0,0.0,-1.165
2025-04-28 20:00:00,0.0,0.0,-3.612
2025-04-28 21:00:00,0.0,0.0,-2.465
2025-04-28 22:00:00,0.0,0.0,-0.248
2025-04-28 23:00:00,0.0,0.0,0.0
2025-04-29 00:00:00,0.0,0.0,0.0
2025-04-29 01:00:00,0.0,0.0,0.0
2025-04-29 02:00:00,0.0,0.0,0.0
2025-04-29 03:00:00,0.0,0.0,0.0
2025-04-29 04:00:00,0.0,0.0,0.0
2025-04-29 05:00:00,0.0,0.0,0.0
2025-04-29 06:00:00,0.0,0.0,0.0
2025-04-29 07:00:00,3.662,2.996,0.0
2025-04-29 08:00:00,7.04,5.76,0.0
2025-04-29 09:00:00,10.392,8.503,0.0
2025-04-29 10:00:00,13.945,11.41,1.451
2025-04-29 11:00:00,15.89,13.001,3.591
2025-04-29 12:00:00,13.047,10.675,4.144
2025-04-29 13:00:00,12.003,9.821,1.179
2025-04-29 14:00:00,13.121,10.735,4.416
2025-04-29 15:00:00,7.921,6.481,3.74
2025-04-29 16:00:00,6.196,5.07,0.0
2025-04-29 17:00:00,3.881,3.175,0.0
2025-04-29 18:00:00,0.0,0.0,-3.077
2025-04-29 19:00:00,0.0,0.0,-1.336
2025-04-29 20:00:00,0.0,0.0,-1.876
2025-04-29 21:00:00,0.0,0.0,-2.742
2025-04-29 22:00:00,0.0,0.0,-3.92
2025-04-29 23:00:00,0.0,0.0,0.0
2025-04-30 00:00:00,0.0,0.0,0.0
2025-04-30 01:00:00,0.0,0.0,0.0
2025-04-30 02:00:00,0.0,0.0,0.0
2025-04-30 03:00:00,0.0,0.0,0.0
2025-04-30 04:00:00,0.0,0.0,0.0
2025-04-30 05:00:00,0.0,0.0,0.0
2025-04-30 06:00:00,0.0,0.0,0.0
2025-04-30 07:00:00,3.697,3.025,0.0
2025-04-30 08:00:00,6.143,5.026,0.0
2025-04-30 09:00:00,11.355,9.29,0.0
2025-04-30 10:00:00,13.776,11.271,2.397
2025-04-30 11:00:00,14.486,11.853,3.348
2025-04-30 12:00:00,15.189,12.428,5.402
2025-04-30 13:00:00,11.518,9.424,1.216
2025-04-30 14:00:00,13.725,11.23,3.806
2025-04-30 15:00:00,9.113,7.456,1.335
2025-04-30 16:00:00,7.956,6.509,0.0
2025-04-30 17:00:00,3.771,3.085,0.0
2025-04-30 18:00:00,0.0,0.0,-4.5
2025-04-30 19:00:00,0.0,0.0,-1.99
2025-04-30 20:00:00,0.0,0.0,-2.17
2025-04-30 21:00:00,0.0,0.0,-3.043
2025-04-30 22:00:00,0.0,0.0,-4.244
2025-04-30 23:00:00,0.0,0.0,0.0
2025-05-01 00:00:00,0.0,0.0,0.0
2025-05-01 01:00:00,0.0,0.0,0.0
2025-05-01 02:00:00,0.0,0.0,0.0
2025-05-01 03:00:00,0.0,0.0,0.0
2025-05-01 04:00:00,0.0,0.0,0.0
2025-05-01 05:00:00,0.0,0.0,0.0
2025-05-01 06:00:00,0.0,0.0,0.0
2025-05-01 07:00:00,3.556,2.909,0.0
2025-05-01 08:00:00,7.048,5.766,0.0
2025-05-01 09:00:00,7.183,5.877,0.0
2025-05-01 10:00:00,9.162,7.496,5.529
2025-05-01 11:00:00,12.007,9.824,2.62
2025-05-01 12:00:00,9.921,8.117,4.7
2025-05-01 13:00:00,12.722,10.409,3.864
2025-05-01 14:00:00,12.151,9.941,4.423
2025-05-01 15:00:00,10.851,8.878,5.163
2025-05-01 16:00:00,6.057,4.956,0.0
2025-05-01 17:00:00,3.49,2.856,0.0
2025-05-01 18:00:00,0.0,0.0,-1.032
2025-05-01 19:00:00,0.0,0.0,-3.0
2025-05-01 20:00:00,0.0,0.0,-2.629
2025-05-01 21:00:00,0.0,0.0,-2.811
2025-05-01 22:00:00,0.0,0.0,-2.854
2025-05-01 23:00:00,0.0,0.0,0.0
2025-05-02 00:00:00,0.0,0.0,0.0
2025-05-02 01:00:00,0.0,0.0,0.0
2025-05-02 02:00:00,0.0,0.0,0.0
2025-05-02 03:00:00,0.0,0.0,0.0
2025-05-02 04:00:00,0.0,0.0,0.0
2025-05-02 05:00:00,0.0,0.0,0.0
2025-05-02 06:00:00,0.0,0.0,0.0
2025-05-02 07:00:00,3.717,3.041,0.0
2025-05-02 08:00:00,6.292,5.148,0.0
2025-05-02 09:00:00,11.042,9.034,0.0
2025-05-02 10:00:00,11.274,9.224,5.878
2025-05-02 11:00:00,15.398,12.598,3.784
2025-05-02 12:00:00,12.375,10.125,1.873
2025-05-02 13:00:00,11.208,9.17,2.225
2025-05-02 14:00:00,14.076,11.517,0.788
2025-05-02 15:00:00,7.617,6.232,1.328
2025-05-02 16:00:00,6.686,5.471,0.0
2025-05-02 17:00:00,3.917,3.205,0.0
2025-05-02 18:00:00,0.0,0.0,-2.609
2025-05-02 19:00:00,0.0,0.0,-0.945
2025-05-02 20:00:00,0.0,0.0,-3.93
2025-05-02 21:00:00,0.0,0.0,-3.055
2025-05-02 22:00:00,0.0,0.0,-2.09
2025-05-02 23:00:00,0.0,0.0,0.0
2025-05-03 00:00:00,0.0,0.0,0.0
2025-05-03 01:00:00,0.0,0.0,0.0
2025-05-03 02:00:00,0.0,0.0,0.0
2025-05-03 03:00:00,0.0,0.0,0.0
2025-05-03 04:00:00,0.0,0.0,0.0
2025-05-03 05:00:00,0.0,0.0,0.0
2025-05-03 06:00:00,0.0,0.0,0.0
2025-05-03 07:00:00,2.768,2.265,0.0
2025-05-03 08:00:00,5.506,4.505,0.0
2025-05-03 09:00:00,8.089,6.618,0.0
2025-05-03 10:00:00,9.202,7.529,1.416
2025-05-03 11:00:00,14.843,12.144,3.11
2025-05-03 12:00:00,14.011,11.464,0.123
2025-05-03 13:00:00,14.885,12.179,5.891
2025-05-03 14:00:00,9.995,8.178,0.031
2025-05-03 15:00:00,9.334,7.637,5.654
2025-05-03 16:00:00,5.612,4.591,0.0
2025-05-03 17:00:00,2.745,2.246,0.0
2025-05-03 18:00:00,0.0,0.0,-0.45
2025-05-03 19:00:00,0.0,0.0,-1.28
2025-05-03 20:00:00,0.0,0.0,-0.551
2025-05-03 21:00:00,0.0,0.0,-1.27
2025-05-03 22:00:00,0.0,0.0,-4.258
2025-05-03 23:00:00,0.0,0.0,0.0
2025-05-04 00:00:00,0.0,0.0,0.0
2025-05-04 01:00:00,0.0,0.0,0.0
2025-05-04 02:00:00,0.0,0.0,0.0
2025-05-04 03:00:00,0.0,0.0,0.0
2025-05-04 04:00:00,0.0,0.0,0.0
2025-05-04 05:00:00,0.0,0.0,0.0
2025-05-04 06:00:00,0.0,0.0,0.0
2025-05-04 07:00:00,4.038,3.304,0.0
2025-05-04 08:00:00,7.625,6.239,0.0
2025-05-04 09:00:00,10.247,8.384,0.0
2025-05-04 10:00:00,9.48,7.756,3.822
2025-05-04 11:00:00,13.472,11.023,4.013
2025-05-04 12:00:00,10.396,8.506,0.489
2025-05-04 13:00:00,9.825,8.039,2.556
2025-05-04 14:00:00,9.843,8.053,5.527
2025-05-04 15:00:00,10.564,8.644,1.615
2025-05-04 16:00:00,7.908,6.47,0.0
2025-05-04 17:00:00,2.6,2.128,0.0
2025-05-04 18:00:00,0.0,0.0,-1.034
2025-05-04 19:00:00,0.0,0.0,-2.627
2025-05-04 20:00:00,0.0,0.0,-0.64
2025-05-04 21:00:00,0.0,0.0,-0.165
2025-05-04 22:00:00,0.0,0.0,-1.097
2025-05-04 23:00:00,0.0,0.0,0.0
2025-05-05 00:00:00,0.0,0.0,0.0
2025-05-05 01:00:00,0.0,0.0,0.0
2025-05-05 02:00:00,0.0,0.0,0.0
2025-05-05 03:00:00,0.0,0.0,0.0
2025-05-05 04:00:00,0.0,0.0,0.0
2025-05-05 05:00:00,0.0,0.0,0.0
2025-05-05 06:00:00,0.0,0.0,0.0
2025-05-05 07:00:00,3.865,3.163,0.0
2025-05-05 08:00:00,4.961,4.059,0.0
2025-05-05 09:00:00,7.505,6.14,0.0
2025-05-05 10:00:00,10.232,8.372,5.237
2025-05-05 11:00:00,12.357,10.11,5.007
2025-05-05 12:00:00,12.539,10.259,1.138
2025-05-05 13:00:00,10.729,8.779,2.373
2025-05-05 14:00:00,8.554,6.998,5.281
2025-05-05 15:00:00,10.867,8.891,2.84
2025-05-05 16:00:00,6.623,5.419,0.0
2025-05-05 17:00:00,4.086,3.343,0.0
2025-05-05 18:00:00,0.0,0.0,-2.293
2025-05-05 19:00:00,0.0,0.0,-3.638
2025-05-05 20:00:00,0.0,0.0,-4.671
2025-05-05 21:00:00,0.0,0.0,-0.938
2025-05-05 22:00:00,0.0,0.0,-2.81
2025-05-05 23:00:00,0.0,0.0,0.0
2025-05-06 00:00:00,0.0,0.0,0.0
2025-05-06 01:00:00,0.0,0.0,0.0
2025-05-06 02:00:00,0.0,0.0,0.0
2025-05-06 03:00:00,0.0,0.0,0.0
2025-05-06 04:00:00,0.0,0.0,0.0
2025-05-06 05:00:00,0.0,0.0,0.0
2025-05-06 06:00:00,0.0,0.0,0.0
2025-05-06 07:00:00,3.781,3.093,0.0
2025-05-06 08:00:00,6.363,5.206,0.0
2025-05-06 09:00:00,9.293,7.603,0.0
2025-05-06 10:00:00,11.615,9.503,2.725
2025-05-06 11:00:00,10.553,8.635,0.474
2025-05-06 12:00:00,14.034,11.483,0.852
2025-05-06 13:00:00,11.171,9.14,5.636
2025-05-06 14:00:00,12.121,9.917,1.191
2025-05-06 15:00:00,9.471,7.749,4.579
2025-05-06 16:00:00,7.33,5.997,0.0
2025-05-06 17:00:00,3.732,3.053,0.0
2025-05-06 18:00:00,0.0,0.0,-2.39
2025-05-06 19:00:00,0.0,0.0,-4.417
2025-05-06 20:00:00,0.0,0.0,-3.288
2025-05-06 21:00:00,0.0,0.0,-0.286
2025-05-06 22:00:00,0.0,0.0,-2.088
2025-05-06 23:00:00,0.0,0.0,0.0
2025-05-07 00:00:00,0.0,0.0,0.0
2025-05-07 01:00:00,0.0,0.0,0.0
2025-05-07 02:00:00,0.0,0.0,0.0
2025-05-07 03:00:00,0.0,0.0,0.0
2025-05-07 04:00:00,0.0,0.0,0.0
2025-05-07 05:00:00,0.0,0.0,0.0
2025-05-07 06:00:00,0.0,0.0,0.0
2025-05-07 07:00:00,3.976,3.253,0.0
2025-05-07 08:00:00,7.434,6.082,0.0
2025-05-07 09:00:00,10.86,8.885,0.0
2025-05-07 10:00:00,9.794,8.013,1.267
2025-05-07 11:00:00,11.632,9.517,0.22
2025-05-07 12:00:00,12.766,10.445,2.984
2025-05-07 13:00:00,14.194,11.613,3.693
2025-05-07 14:00:00,10.777,8.818,2.25
2025-05-07 15:00:00,8.337,6.821,0.351
2025-05-07 16:00:00,5.545,4.536,0.0
2025-05-07 17:00:00,2.696,2.206,0.0
2025-05-07 18:00:00,0.0,0.0,-3.025
2025-05-07 19:00:00,0.0,0.0,-1.61
2025-05-07 20:00:00,0.0,0.0,-1.537
2025-05-07 21:00:00,0.0,0.0,-0.353
2025-05-07 22:00:00,0.0,0.0,-3.952
2025-05-07 23:00:00,0.0,0.0,0.0
2025-05-08 00:00:00,0.0,0.0,0.0
2025-05-08 01:00:00,0.0,0.0,0.0
2025-05-08 02:00:00,0.0,0.0,0.0
2025-05-08 03:00:00,0.0,0.0,0.0
2025-05-08 04:00:00,0.0,0.0,0.0
2025-05-08 05:00:00,0.0,0.0,0.0
2025-05-08 06:00:00,0.0,0.0,0.0
2025-05-08 07:00:00,3.566,2.918,0.0
2025-05-08 08:00:00,5.255,4.299,0.0
2025-05-08 09:00:00,7.615,6.23,0.0
2025-05-08 10:00:00,10.213,8.356,4.156
2025-05-08 11:00:00,12.918,10.57,1.741
2025-05-08 12:00:00,9.712,7.947,3.759
2025-05-08 13:00:00,13.202,10.802,2.396
2025-05-08 14:00:00,12.335,10.092,3.861
2025-05-08 15:00:00,7.401,6.055,5.068
2025-05-08 16:00:00,5.266,4.309,0.0
2025-05-08 17:00:00,4.03,3.297,0.0
2025-05-08 18:00:00,0.0,0.0,-4.95
2025-05-08 19:00:00,0.0,0.0,-2.956
2025-05-08 20:00:00,0.0,0.0,-4.773
2025-05-08 21:00:00,0.0,0.0,-4.1
2025-05-08 22:00:00,0.0,0.0,-0.571
2025-05-08 23:00:00,0.0,0.0,0.0
2025-05-09 00:00:00,0.0,0.0,0.0
2025-05-09 01:00:00,0.0,0.0,0.0
2025-05-09 02:00:00,0.0,0.0,0.0
2025-05-09 03:00:00,0.0,0.0,0.0
2025-05-09 04:00:00,0.0,0.0,0.0
2025-05-09 05:00:00,0.0,0.0,0.0
2025-05-09 06:00:00,0.0,0.0,0.0
2025-05-09 07:00:00,3.988,3.263,0.0
2025-05-09 08:00:00,6.724,5.501,0.0
2025-05-09 09:00:00,9.491,7.765,0.0
2025-05-09 10:00:00,9.837,8.048,4.024
2025-05-09 11:00:00,13.07,10.694,0.794
2025-05-09 12:00:00,12.124,9.92,0.521
2025-05-09 13:00:00,10.548,8.63,0.33
2025-05-09 14:00:00,8.928,7.305,2.362
2025-05-09 15:00:00,8.44,6.905,4.036
2025-05-09 16:00:00,6.317,5.169,0.0
2025-05-09 17:00:00,2.894,2.368,0.0
2025-05-09 18:00:00,0.0,0.0,-2.962
2025-05-09 19:00:00,0.0,0.0,-3.77
2025-05-09 20:00:00,0.0,0.0,-2.428
2025-05-09 21:00:00,0.0,0.0,-0.956
2025-05-09 22:00:00,0.0,0.0,-2.582
2025-05-09 23:00:00,0.0,0.0,0.0
2025-05-10 00:00:00,0.0,0.0,0.0
2025-05-10 01:00:00,0.0,0.0,0.0
2025-05-10 02:00:00,0.0,0.0,0.0
2025-05-10 03:00:00,0.0,0.0,0.0
2025-05-10 04:00:00,0.0,0.0,0.0
2025-05-10 05:00:00,0.0,0.0,0.0
2025-05-10 06:00:00,0.0,0.0,0.0
2025-05-10 07:00:00,3.672,3.005,0.0
2025-05-10 08:00:00,5.108,4.179,0.0
2025-05-10 09:00:00,10.991,8.993,0.0
2025-05-10 10:00:00,12.697,10.388,1.834
2025-05-10 11:00:00,12.307,10.069,4.104
2025-05-10 12:00:00,13.144,10.754,4.149
2025-05-10 13:00:00,9.447,7.729,0.373
2025-05-10 14:00:00,8.543,6.99,5.775
2025-05-10 15:00:00,9.96,8.149,1.69
2025-05-10 16:00:00,7.073,5.787,0.0
2025-05-10 17:00:00,3.492,2.857,0.0
2025-05-10 18:00:00,0.0,0.0,-0.493
2025-05-10 19:00:00,0.0,0.0,-3.284
2025-05-10 20:00:00,0.0,0.0,-1.778
2025-05-10 21:00:00,0.0,0.0,-4.663
2025-05-10 22:00:00,0.0,0.0,-1.669
2025-05-10 23:00:00,0.0,0.0,0.0
2025-05-11 00:00:00,0.0,0.0,0.0
2025-05-11 01:00:00,0.0,0.0,0.0
2025-05-11 02:00:00,0.0,0.0,0.0
2025-05-11 03:00:00,0.0,0.0,0.0
2025-05-11 04:00:00,0.0,0.0,0.0
2025-05-11 05:00:00,0.0,0.0,0.0
2025-05-11 06:00:00,0.0,0.0,0.0
2025-05-11 07:00:00,3.291,2.692,0.0
2025-05-11 08:00:00,6.884,5.632,0.0
2025-05-11 09:00:00,10.544,8.627,0.0
2025-05-11 10:00:00,10.794,8.831,5.217
2025-05-11 11:00:00,13.593,11.121,3.073
2025-05-11 12:00:00,12.478,10.209,2.146
2025-05-11 13:00:00,14.292,11.693,3.448
2025-05-11 14:00:00,8.517,6.968,4.597
2025-05-11 15:00:00,9.285,7.597,4.041
2025-05-11 16:00:00,4.908,4.016,0.0
2025-05-11 17:00:00,2.825,2.312,0.0
2025-05-11 18:00:00,0.0,0.0,-2.892
2025-05-11 19:00:00,0.0,0.0,-1.542
2025-05-11 20:00:00,0.0,0.0,-3.452
2025-05-11 21:00:00,0.0,0.0,-1.253
2025-05-11 22:00:00,0.0,0.0,-2.431
2025-05-11 23:00:00,0.0,0.0,0.0
2025-05-12 00:00:00,0.0,0.0,0.0
2025-05-12 01:00:00,0.0,0.0,0.0
2025-05-12 02:00:00,0.0,0.0,0.0
2025-05-12 03:00:00,0.0,0.0,0.0
2025-05-12 04:00:00,0.0,0.0,0.0
2025-05-12 05:00:00,0.0,0.0,0.0
2025-05-12 06:00:00,0.0,0.0,0.0
2025-05-12 07:00:00,3.584,2.932,0.0
2025-05-12 08:00:00,5.803,4.748,0.0
2025-05-12 09:00:00,8.336,6.82,0.0
2025-05-12 10:00:00,13.159,10.767,3.886
2025-05-12 11:00:00,9.386,7.679,0.345
2025-05-12 12:00:00,15.245,12.473,3.464
2025-05-12 13:00:00,12.154,9.944,3.506
2025-05-12 14:00:00,10.561,8.641,3.447
2025-05-12 15:00:00,8.88,7.266,2.694
2025-05-12 16:00:00,5.253,4.298,0.0
2025-05-12 17:00:00,3.156,2.582,0.0
2025-05-12 18:00:00,0.0,0.0,-0.713
2025-05-12 19:00:00,0.0,0.0,-3.339
2025-05-12 20:00:00,0.0,0.0,-2.983
2025-05-12 21:00:00,0.0,0.0,-3.066
2025-05-12 22:00:00,0.0,0.0,-4.513
2025-05-12 23:00:00,0.0,0.0,0.0
2025-05-13 00:00:00,0.0,0.0,0.0
2025-05-13 01:00:00,0.0,0.0,0.0
2025-05-13 02:00:00,0.0,0.0,0.0
2025-05-13 03:00:00,0.0,0.0,0.0
2025-05-13 04:00:00,0.0,0.0,0.0
2025-05-13 05:00:00,0.0,0.0,0.0
2025-05-13 06:00:00,0.0,0.0,0.0
2025-05-13 07:00:00,2.627,2.149,0.0
2025-05-13 08:00:00,5.256,4.3,0.0
2025-05-13 09:00:00,6.646,5.437,0.0
2025-05-13 10:00:00,11.038,9.031,0.569
2025-05-13 11:00:00,9.37,7.666,3.011
2025-05-13 12:00:00,15.121,12.372,1.786
2025-05-13 13:00:00,14.36,11.749,0.097
2025-05-13 14:00:00,11.753,9.616,2.407
2025-05-13 15:00:00,8.42,6.889,3.842
2025-05-13 16:00:00,7.199,5.89,0.0
2025-05-13 17:00:00,2.979,2.437,0.0
2025-05-13 18:00:00,0.0,0.0,-1.007
2025-05-13 19:00:00,0.0,0.0,-2.963
2025-05-13 20:00:00,0.0,0.0,-0.716
2025-05-13 21:00:00,0.0,0.0,-0.099
2025-05-13 22:00:00,0.0,0.0,-4.113
2025-05-13 23:00:00,0.0,0.0,0.0
2025-05-14 00:00:00,0.0,0.0,0.0
2025-05-14 01:00:00,0.0,0.0,0.0
2025-05-14 02:00:00,0.0,0.0,0.0
2025-05-14 03:00:00,0.0,0.0,0.0
2025-05-14 04:00:00,0.0,0.0,0.0
2025-05-14 05:00:00,0.0,0.0,0.0
2025-05-14 06:00:00,0.0,0.0,0.0
2025-05-14 07:00:00,3.324,2.719,0.0
2025-05-14 08:00:00,4.922,4.027,0.0
2025-05-14 09:00:00,8.495,6.95,0.0
2025-05-14 10:00:00,8.694,7.114,1.009
2025-05-14 11:00:00,14.38,11.765,5.23
2025-05-14 12:00:00,10.929,8.942,4.257
2025-05-14 13:00:00,11.393,9.321,4.907
2025-05-14 14:00:00,9.843,8.054,2.152
2025-05-14 15:00:00,10.255,8.391,5.507
2025-05-14 16:00:00,6.159,5.039,0.0
2025-05-14 17:00:00,3.254,2.662,0.0
2025-05-14 18:00:00,0.0,0.0,-1.767
2025-05-14 19:00:00,0.0,0.0,-1.922
2025-05-14 20:00:00,0.0,0.0,-2.648
2025-05-14 21:00:00,0.0,0.0,-1.208
2025-05-14 22:00:00,0.0,0.0,-4.809
2025-05-14 23:00:00,0.0,0.0,0.0
2025-05-15 00:00:00,0.0,0.0,0.0
2025-05-15 01:00:00,0.0,0.0,0.0
2025-05-15 02:00:00,0.0,0.0,0.0
2025-05-15 03:00:00,0.0,0.0,0.0
2025-05-15 04:00:00,0.0,0.0,0.0
2025-05-15 05:00:00,0.0,0.0,0.0
2025-05-15 06:00:00,0.0,0.0,0.0
2025-05-15 07:00:00,2.802,2.293,0.0
2025-05-15 08:00:00,7.479,6.119,0.0
2025-05-15 09:00:00,8.919,7.297,0.0
2025-05-15 10:00:00,11.732,9.599,1.293
2025-05-15 11:00:00,10.578,8.654,3.074
2025-05-15 12:00:00,11.557,9.456,0.342
2025-05-15 13:00:00,9.144,7.482,1.889
2025-05-15 14:00:00,10.09,8.255,3.499
2025-05-15 15:00:00,8.818,7.214,2.83
2025-05-15 16:00:00,7.029,5.751,0.0
2025-05-15 17:00:00,3.307,2.706,0.0
2025-05-15 18:00:00,0.0,0.0,-0.568
2025-05-15 19:00:00,0.0,0.0,-0.688
2025-05-15 20:00:00,0.0,0.0,-4.607
2025-05-15 21:00:00,0.0,0.0,-2.626
2025-05-15 22:00:00,0.0,0.0,-0.299
2025-05-15 23:00:00,0.0,0.0,0.0
2025-05-16 00:00:00,0.0,0.0,0.0
2025-05-16 01:00:00,0.0,0.0,0.0
2025-05-16 02:00:00,0.0,0.0,0.0
2025-05-16 03:00:00,0.0,0.0,0.0
2025-05-16 04:00:00,0.0,0.0,0.0
2025-05-16 05:00:00,0.0,0.0,0.0
2025-05-16 06:00:00,0.0,0.0,0.0
2025-05-16 07:00:00,3.619,2.961,0.0
2025-05-16 08:00:00,7.68,6.284,0.0
2025-05-16 09:00:00,10.861,8.886,0.0
2025-05-16 10:00:00,9.859,8.066,5.916
2025-05-16 11:00:00,12.711,10.4,5.525
2025-05-16 12:00:00,10.104,8.267,4.454
2025-05-16 13:00:00,13.863,11.342,4.711
2025-05-16 14:00:00,12.12,9.916,3.181
2025-05-16 15:00:00,9.38,7.675,1.717
2025-05-16 16:00:00,7.314,5.984,0.0
2025-05-16 17:00:00,3.689,3.019,0.0
2025-05-16 18:00:00,0.0,0.0,-0.821
2025-05-16 19:00:00,0.0,0.0,-4.67
2025-05-16 20:00:00,0.0,0.0,-1.534
2025-05-16 21:00:00,0.0,0.0,-1.652
2025-05-16 22:00:00,0.0,0.0,-3.214
2025-05-16 23:00:00,0.0,0.0,0.0
2025-05-17 00:00:00,0.0,0.0,0.0
2025-05-17 01:00:00,0.0,0.0,0.0
2025-05-17 02:00:00,0.0,0.0,0.0
2025-05-17 03:00:00,0.0,0.0,0.0
2025-05-17 04:00:00,0.0,0.0,0.0
2025-05-17 05:00:00,0.0,0.0,0.0
2025-05-17 06:00:00,0.0,0.0,0.0
2025-05-17 07:00:00,2.955,2.418,0.0
2025-05-17 08:00:00,5.876,4.807,0.0
2025-05-17 09:00:00,8.1,6.627,0.0
2025-05-17 10:00:00,12.912,10.564,3.216
2025-05-17 11:00:00,10.716,8.768,2.654
2025-05-17 12:00:00,13.889,11.364,3.195
2025-05-17 13:00:00,14.27,11.675,3.456
2025-05-17 14:00:00,10.503,8.594,5.188
2025-05-17 15:00:00,9.399,7.69,1.411
2025-05-17 16:00:00,5.238,4.286,0.0
2025-05-17 17:00:00,3.48,2.848,0.0
2025-05-17 18:00:00,0.0,0.0,-2.287
2025-05-17 19:00:00,0.0,0.0,-4.026
2025-05-17 20:00:00,0.0,0.0,-4.617
2025-05-17 21:00:00,0.0,0.0,-2.697
2025-05-17 22:00:00,0.0,0.0,-3.237
2025-05-17 23:00:00,0.0,0.0,0.0
2025-05-18 00:00:00,0.0,0.0,0.0
2025-05-18 01:00:00,0.0,0.0,0.0
2025-05-18 02:00:00,0.0,0.0,0.0
2025-05-18 03:00:00,0.0,0.0,0.0
2025-05-18 04:00:00,0.0,0.0,0.0
2025-05-18 05:00:00,0.0,0.0,0.0
2025-05-18 06:00:00,0.0,0.0,0.0
2025-05-18 07:00:00,3.552,2.906,0.0
2025-05-18 08:00:00,7.346,6.01,0.0
2025-05-18 09:00:00,9.998,8.18,0.0
2025-05-18 10:00:00,10.257,8.392,1.676
2025-05-18 11:00:00,11.081,9.066,5.06
2025-05-18 12:00:00,13.303,10.885,3.831
2025-05-18 13:00:00,8.997,7.361,5.281
2025-05-18 14:00:00,9.636,7.884,2.235
2025-05-18 15:00:00,9.241,7.56,4.038
2025-05-18 16:00:00,5.408,4.425,0.0
2025-05-18 17:00:00,3.381,2.766,0.0
2025-05-18 18:00:00,0.0,0.0,-3.094
2025-05-18 19:00:00,0.0,0.0,-2.698
2025-05-18 20:00:00,0.0,0.0,-1.669
2025-05-18 21:00:00,0.0,0.0,-3.285
2025-05-18 22:00:00,0.0,0.0,-3.776
2025-05-18 23:00:00,0.0,0.0,0.0
2025-05-19 00:00:00,0.0,0.0,0.0
2025-05-19 01:00:00,0.0,0.0,0.0
2025-05-19 02:00:00,0.0,0.0,0.0
2025-05-19 03:00:00,0.0,0.0,0.0
2025-05-19 04:00:00,0.0,0.0,0.0
2025-05-19 05:00:00,0.0,0.0,0.0
2025-05-19 06:00:00,0.0,0.0,0.0
2025-05-19 07:00:00,2.702,2.211,0.0
2025-05-19 08:00:00,5.887,4.817,0.0
2025-05-19 09:00:00,7.236,5.92,0.0
2025-05-19 10:00:00,9.076,7.426,2.014
2025-05-19 11:00:00,9.241,7.561,0.73
2025-05-19 12:00:00,12.217,9.995,0.147
2025-05-19 13:00:00,10.143,8.299,5.709
2025-05-19 14:00:00,9.117,7.459,5.859
2025-05-19 15:00:00,7.148,5.848,4.808
2025-05-19 16:00:00,6.091,4.983,0.0
2025-05-19 17:00:00,2.721,2.226,0.0
2025-05-19 18:00:00,0.0,0.0,-0.736
2025-05-19 19:00:00,0.0,0.0,-3.064
2025-05-19 20:00:00,0.0,0.0,-3.338
2025-05-19 21:00:00,0.0,0.0,-2.995
2025-05-19 22:00:00,0.0,0.0,-4.355
2025-05-19 23:00:00,0.0,0.0,0.0
2025-05-20 00:00:00,0.0,0.0,0.0
2025-05-20 01:00:00,0.0,0.0,0.0
2025-05-20 02:00:00,0.0,0.0,0.0
2025-05-20 03:00:00,0.0,0.0,0.0
2025-05-20 04:00:00,0.0,0.0,0.0
2025-05-20 05:00:00,0.0,0.0,0.0
2025-05-20 06:00:00,0.0,0.0,0.0
2025-05-20 07:00:00,3.078,2.518,0.0
2025-05-20 08:00:00,6.881,5.63,0.0
2025-05-20 09:00:00,6.69,5.473,0.0
2025-05-20 10:00:00,8.989,7.354,0.59
2025-05-20 11:00:00,13.039,10.668,2.581
2025-05-20 12:00:00,14.942,12.226,3.904
2025-05-20 13:00:00,13.009,10.644,0.975
2025-05-20 14:00:00,11.246,9.201,5.604
2025-05-20 15:00:00,9.306,7.614,4.118
2025-05-20 16:00:00,5.016,4.104,0.0
2025-05-20 17:00:00,3.328,2.723,0.0
2025-05-20 18:00:00,0.0,0.0,-3.977
2025-05-20 19:00:00,0.0,0.0,-1.767
2025-05-20 20:00:00,0.0,0.0,-3.358
2025-05-20 21:00:00,0.0,0.0,-0.327
2025-05-20 22:00:00,0.0,0.0,-3.293
2025-05-20 23:00:00,0.0,0.0,0.0
2025-05-21 00:00:00,0.0,0.0,0.0
2025-05-21 01:00:00,0.0,0.0,0.0
2025-05-21 02:00:00,0.0,0.0,0.0
2025-05-21 03:00:00,0.0,0.0,0.0
2025-05-21 04:00:00,0.0,0.0,0.0
2025-05-21 05:00:00,0.0,0.0,0.0
2025-05-21 06:00:00,0.0,0.0,0.0
2025-05-21 07:00:00,3.591,2.938,0.0
2025-05-21 08:00:00,7.073,5.787,0.0
2025-05-21 09:00:00,10.022,8.2,0.0
2025-05-21 10:00:00,8.707,7.124,2.896
2025-05-21 11:00:00,12.816,10.486,3.837
2025-05-21 12:00:00,10.359,8.475,4.955
2025-05-21 13:00:00,9.316,7.622,5.031
2025-05-21 14:00:00,12.241,10.016,0.026
2025-05-21 15:00:00,7.654,6.262,1.681
2025-05-21 16:00:00,4.74,3.879,0.0
2025-05-21 17:00:00,3.45,2.823,0.0
2025-05-21 18:00:00,0.0,0.0,-1.284
2025-05-21 19:00:00,0.0,0.0,-1.767
2025-05-21 20:00:00,0.0,0.0,-2.211
2025-05-21 21:00:00,0.0,0.0,-4.832
2025-05-21 22:00:00,0.0,0.0,-0.653
2025-05-21 23:00:00,0.0,0.0,0.0
2025-05-22 00:00:00,0.0,0.0,0.0
2025-05-22 01:00:00,0.0,0.0,0.0
2025-05-22 02:00:00,0.0,0.0,0.0
2025-05-22 03:00:00,0.0,0.0,0.0
2025-05-22 04:00:00,0.0,0.0,0.0
2025-05-22 05:00:00,0.0,0.0,0.0
2025-05-22 06:00:00,0.0,0.0,0.0
2025-05-22 07:00:00,3.844,3.145,0.0
2025-05-22 08:00:00,4.882,3.994,0.0
2025-05-22 09:00:00,8.757,7.164,0.0
2025-05-22 10:00:00,12.631,10.335,0.37
2025-05-22 11:00:00,13.847,11.329,0.078
2025-05-22 12:00:00,12.292,10.057,1.093
2025-05-22 13:00:00,12.537,10.258,0.304
2025-05-22 14:00:00,8.119,6.643,2.091
2025-05-22 15:00:00,7.011,5.736,1.464
2025-05-22 16:00:00,7.078,5.791,0.0
2025-05-22 17:00:00,3.409,2.789,0.0
2025-05-22 18:00:00,0.0,0.0,-0.657
2025-05-22 19:00:00,0.0,0.0,-4.306
2025-05-22 20:00:00,0.0,0.0,-0.689
2025-05-22 21:00:00,0.0,0.0,-2.162
2025-05-22 22:00:00,0.0,0.0,-2.353
2025-05-22 23:00:00,0.0,0.0,0.0
2025-05-23 00:00:00,0.0,0.0,0.0
2025-05-23 01:00:00,0.0,0.0,0.0
2025-05-23 02:00:00,0.0,0.0,0.0
2025-05-23 03:00:00,0.0,0.0,0.0
2025-05-23 04:00:00,0.0,0.0,0.0
2025-05-23 05:00:00,0.0,0.0,0.0
2025-05-23 06:00:00,0.0,0.0,0.0
2025-05-23 07:00:00,3.497,2.861,0.0
2025-05-23 08:00:00,4.524,3.701,0.0
2025-05-23 09:00:00,9.69,7.928,0.0
2025-05-23 10:00:00,11.639,9.522,0.758
2025-05-23 11:00:00,12.686,10.379,5.508
2025-05-23 12:00:00,12.217,9.996,3.016
2025-05-23 13:00:00,10.408,8.516,4.542
2025-05-23 14:00:00,9.826,8.04,5.34
2025-05-23 15:00:00,6.737,5.512,2.594
2025-05-23 16:00:00,6.91,5.654,0.0
2025-05-23 17:00:00,3.102,2.538,0.0
2025-05-23 18:00:00,0.0,0.0,-1.052
2025-05-23 19:00:00,0.0,0.0,-1.322
2025-05-23 20:00:00,0.0,0.0,-0.308
2025-05-23 21:00:00,0.0,0.0,-3.134
2025-05-23 22:00:00,0.0,0.0,-0.819
2025-05-23 23:00:00,0.0,0.0,0.0
2025-05-24 00:00:00,0.0,0.0,0.0
2025-05-24 01:00:00,0.0,0.0,0.0
2025-05-24 02:00:00,0.0,0.0,0.0
2025-05-24 03:00:00,0.0,0.0,0.0
2025-05-24 04:00:00,0.0,0.0,0.0
2025-05-24 05:00:00,0.0,0.0,0.0
2025-05-24 06:00:00,0.0,0.0,0.0
2025-05-24 07:00:00,3.471,2.84,0.0
2025-05-24 08:00:00,6.827,5.586,0.0
2025-05-24 09:00:00,6.543,5.353,0.0
2025-05-24 10:00:00,12.761,10.44,0.684
2025-05-24 11:00:00,9.968,8.156,4.6
2025-05-24 12:00:00,9.77,7.993,3.648
2025-05-24 13:00:00,13.757,11.255,5.853
2025-05-24 14:00:00,12.857,10.519,5.065
2025-05-24 15:00:00,7.911,6.473,3.061
2025-05-24 16:00:00,6.557,5.365,0.0
2025-05-24 17:00:00,3.668,3.001,0.0
2025-05-24 18:00:00,0.0,0.0,-1.87
2025-05-24 19:00:00,0.0,0.0,-0.749
2025-05-24 20:00:00,0.0,0.0,-4.814
2025-05-24 21:00:00,0.0,0.0,-0.527
2025-05-24 22:00:00,0.0,0.0,-0.198
2025-05-24 23:00:00,0.0,0.0,0.0
2025-05-25 00:00:00,0.0,0.0,0.0
2025-05-25 01:00:00,0.0,0.0,0.0
2025-05-25 02:00:00,0.0,0.0,0.0
2025-05-25 03:00:00,0.0,0.0,0.0
2025-05-25 04:00:00,0.0,0.0,0.0
2025-05-25 05:00:00,0.0,0.0,0.0
2025-05-25 06:00:00,0.0,0.0,0.0
2025-05-25 07:00:00,3.483,2.85,0.0
2025-05-25 08:00:00,6.288,5.145,0.0
2025-05-25 09:00:00,7.697,6.298,0.0
2025-05-25 10:00:00,11.535,9.437,2.879
2025-05-25 11:00:00,10.281,8.412,5.081
2025-05-25 12:00:00,13.872,11.35,0.918
2025-05-25 13:00:00,12.594,10.304,0.176
2025-05-25 14:00:00,8.265,6.762,0.695
2025-05-25 15:00:00,7.296,5.969,3.885
2025-05-25 16:00:00,6.059,4.957,0.0
2025-05-25 17:00:00,3.625,2.966,0.0
2025-05-25 18:00:00,0.0,0.0,-1.278
2025-05-25 19:00:00,0.0,0.0,-4.138
2025-05-25 20:00:00,0.0,0.0,-2.324
2025-05-25 21:00:00,0.0,0.0,-2.078
2025-05-25 22:00:00,0.0,0.0,-2.339
2025-05-25 23:00:00,0.0,0.0,0.0
2025-05-26 00:00:00,0.0,0.0,0.0
2025-05-26 01:00:00,0.0,0.0,0.0
2025-05-26 02:00:00,0.0,0.0,0.0
2025-05-26 03:00:00,0.0,0.0,0.0
2025-05-26 04:00:00,0.0,0.0,0.0
2025-05-26 05:00:00,0.0,0.0,0.0
2025-05-26 06:00:00,0.0,0.0,0.0
2025-05-26 07:00:00,3.21,2.626,0.0
2025-05-26 08:00:00,5.952,4.87,0.0
2025-05-26 09:00:00,10.44,8.542,0.0
2025-05-26 10:00:00,8.949,7.322,4.343
2025-05-26 11:00:00,11.525,9.429,4.906
2025-05-26 12:00:00,9.962,8.151,3.177
2025-05-26 13:00:00,9.474,7.751,2.344
2025-05-26 14:00:00,11.543,9.445,3.518
2025-05-26 15:00:00,8.146,6.665,2.831
2025-05-26 16:00:00,6.633,5.427,0.0
2025-05-26 17:00:00,3.529,2.887,0.0
2025-05-26 18:00:00,0.0,0.0,-3.293
2025-05-26 19:00:00,0.0,0.0,-4.698
2025-05-26 20:00:00,0.0,0.0,-0.183
2025-05-26 21:00:00,0.0,0.0,-1.37
2025-05-26 22:00:00,0.0,0.0,-0.389
2025-05-26 23:00:00,0.0,0.0,0.0
2025-05-27 00:00:00,0.0,0.0,0.0
2025-05-27 01:00:00,0.0,0.0,0.0
2025-05-27 02:00:00,0.0,0.0,0.0
2025-05-27 03:00:00,0.0,0.0,0.0
2025-05-27 04:00:00,0.0,0.0,0.0
2025-05-27 05:00:00,0.0,0.0,0.0
2025-05-27 06:00:00,0.0,0.0,0.0
2025-05-27 07:00:00,3.546,2.901,0.0
2025-05-27 08:00:00,6.501,5.319,0.0
2025-05-27 09:00:00,9.974,8.161,0.0
2025-05-27 10:00:00,12.354,10.108,5.083
2025-05-27 11:00:00,10.836,8.866,4.309
2025-05-27 12:00:00,9.686,7.925,0.927
2025-05-27 13:00:00,13.497,11.043,3.236
2025-05-27 14:00:00,10.336,8.457,4.263
2025-05-27 15:00:00,9.328,7.632,2.861
2025-05-27 16:00:00,6.782,5.549,0.0
2025-05-27 17:00:00,3.062,2.505,0.0
2025-05-27 18:00:00,0.0,0.0,-3.191
2025-05-27 19:00:00,0.0,0.0,-2.088
2025-05-27 20:00:00,0.0,0.0,-0.37
2025-05-27 21:00:00,0.0,0.0,-4.126
2025-05-27 22:00:00,0.0,0.0,-1.7
2025-05-27 23:00:00,0.0,0.0,0.0
2025-05-28 00:00:00,0.0,0.0,0.0
2025-05-28 01:00:00,0.0,0.0,0.0
2025-05-28 02:00:00,0.0,0.0,0.0
2025-05-28 03:00:00,0.0,0.0,0.0
2025-05-28 04:00:00,0.0,0.0,0.0
2025-05-28 05:00:00,0.0,0.0,0.0
2025-05-28 06:00:00,0.0,0.0,0.0
2025-05-28 07:00:00,3.247,2.656,0.0
2025-05-28 08:00:00,5.38,4.402,0.0
2025-05-28 09:00:00,8.148,6.666,0.0
2025-05-28 10:00:00,7.964,6.516,0.166
2025-05-28 11:00:00,10.469,8.565,3.882
2025-05-28 12:00:00,13.914,11.384,3.822
2025-05-28 13:00:00,10.116,8.277,5.177
2025-05-28 14:00:00,12.44,10.178,2.168
2025-05-28 15:00:00,7.747,6.339,2.15
2025-05-28 16:00:00,5.954,4.871,0.0
2025-05-28 17:00:00,3.332,2.726,0.0
2025-05-28 18:00:00,0.0,0.0,-3.434
2025-05-28 19:00:00,0.0,0.0,-3.833
2025-05-28 20:00:00,0.0,0.0,-2.963
2025-05-28 21:00:00,0.0,0.0,-4.956
2025-05-28 22:00:00,0.0,0.0,-3.122
2025-05-28 23:00:00,0.0,0.0,0.0
2025-05-29 00:00:00,0.0,0.0,0.0
2025-05-29 01:00:00,0.0,0.0,0.0
2025-05-29 02:00:00,0.0,0.0,0.0
2025-05-29 03:00:00,0.0,0.0,0.0
2025-05-29 04:00:00,0.0,0.0,0.0
2025-05-29 05:00:00,0.0,0.0,0.0
2025-05-29 06:00:00,0.0,0.0,0.0
2025-05-29 07:00:00,3.075,2.516,0.0
2025-05-29 08:00:00,7.149,5.849,0.0
2025-05-29 09:00:00,9.824,8.038,0.0
2025-05-29 10:00:00,10.302,8.429,4.868
2025-05-29 11:00:00,13.471,11.022,5.202
2025-05-29 12:00:00,12.422,10.163,0.467
2025-05-29 13:00:00,9.076,7.425,1.269
2025-05-29 14:00:00,9.849,8.058,4.46
2025-05-29 15:00:00,9.332,7.636,0.76
2025-05-29 16:00:00,4.602,3.765,0.0
2025-05-29 17:00:00,3.513,2.874,0.0
2025-05-29 18:00:00,0.0,0.0,-2.427
2025-05-29 19:00:00,0.0,0.0,-4.339
2025-05-29 20:00:00,0.0,0.0,-1.461
2025-05-29 21:00:00,0.0,0.0,-3.205
2025-05-29 22:00:00,0.0,0.0,-4.161
2025-05-29 23:00:00,0.0,0.0,0.0
2025-05-30 00:00:00,0.0,0.0,0.0
2025-05-30 01:00:00,0.0,0.0,0.0
2025-05-30 02:00:00,0.0,0.0,0.0
2025-05-30 03:00:00,0.0,0.0,0.0
2025-05-30 04:00:00,0.0,0.0,0.0
2025-05-30 05:00:00,0.0,0.0,0.0
2025-05-30 06:00:00,0.0,0.0,0.0
2025-05-30 07:00:00,3.375,2.762,0.0
2025-05-30 08:00:00,5.884,4.814,0.0
2025-05-30 09:00:00,6.359,5.203,0.0
2025-05-30 10:00:00,12.564,10.28,1.451
2025-05-30 11:00:00,11.866,9.709,3.387
2025-05-30 12:00:00,10.326,8.449,1.83
2025-05-30 13:00:00,13.764,11.261,1.091
2025-05-30 14:00:00,9.0,7.364,2.737
2025-05-30 15:00:00,9.982,8.167,1.272
2025-05-30 16:00:00,4.691,3.838,0.0
2025-05-30 17:00:00,3.269,2.674,0.0
2025-05-30 18:00:00,0.0,0.0,-2.914
2025-05-30 19:00:00,0.0,0.0,-2.484
2025-05-30 20:00:00,0.0,0.0,-3.474
2025-05-30 21:00:00,0.0,0.0,-2.255
2025-05-30 22:00:00,0.0,0.0,-2.396
2025-05-30 23:00:00,0.0,0.0,0.0
2025-05-31 00:00:00,0.0,0.0,0.0
2025-05-31 01:00:00,0.0,0.0,0.0
2025-05-31 02:00:00,0.0,0.0,0.0
2025-05-31 03:00:00,0.0,0.0,0.0
2025-05-31 04:00:00,0.0,0.0,0.0
2025-05-31 05:00:00,0.0,0.0,0.0
2025-05-31 06:00:00,0.0,0.0,0.0
2025-05-31 07:00:00,2.258,1.847,0.0
2025-05-31 08:00:00,6.727,5.504,0.0
2025-05-31 09:00:00,9.643,7.89,0.0
2025-05-31 10:00:00,11.475,9.389,5.113
2025-05-31 11:00:00,9.486,7.761,4.468
2025-05-31 12:00:00,12.933,10.581,4.559
2025-05-31 13:00:00,12.968,10.61,2.539
2025-05-31 14:00:00,12.395,10.142,0.439
2025-05-31 15:00:00,8.209,6.716,1.402
2025-05-31 16:00:00,6.041,4.942,0.0
2025-05-31 17:00:00,2.756,2.255,0.0
2025-05-31 18:00:00,0.0,0.0,-3.183
2025-05-31 19:00:00,0.0,0.0,-4.436
2025-05-31 20:00:00,0.0,0.0,-2.287
2025-05-31 21:00:00,0.0,0.0,-0.647
2025-05-31 22:00:00,0.0,0.0,-0.835
2025-05-31 23:00:00,0.0,0.0,0.0
2025-06-01 00:00:00,0.0,0.0,0.0
2025-06-01 01:00:00,0.0,0.0,0.0
2025-06-01 02:00:00,0.0,0.0,0.0
2025-06-01 03:00:00,0.0,0.0,0.0
2025-06-01 04:00:00,0.0,0.0,0.0
2025-06-01 05:00:00,0.0,0.0,0.0
2025-06-01 06:00:00,0.0,0.0,0.0
2025-06-01 07:00:00,2.574,2.106,0.0
2025-06-01 08:00:00,4.742,3.88,0.0
2025-06-01 09:00:00,8.322,6.809,0.0
2025-06-01 10:00:00,10.739,8.786,5.005
2025-06-01 11:00:00,10.535,8.619,4.169
2025-06-01 12:00:00,12.084,9.887,1.075
2025-06-01 13:00:00,12.917,10.569,0.298
2025-06-01 14:00:00,12.144,9.936,4.433
2025-06-01 15:00:00,9.686,7.925,0.836
2025-06-01 16:00:00,6.533,5.345,0.0
2025-06-01 17:00:00,2.338,1.913,0.0
2025-06-01 18:00:00,0.0,0.0,-2.62
2025-06-01 19:00:00,0.0,0.0,-1.758
2025-06-01 20:00:00,0.0,0.0,-3.299
2025-06-01 21:00:00,0.0,0.0,-1.003
2025-06-01 22:00:00,0.0,0.0,-1.582
2025-06-01 23:00:00,0.0,0.0,0.0
2025-06-02 00:00:00,0.0,0.0,0.0
2025-06-02 01:00:00,0.0,0.0,0.0
2025-06-02 02:00:00,0.0,0.0,0.0
2025-06-02 03:00:00,0.0,0.0,0.0
2025-06-02 04:00:00,0.0,0.0,0.0
2025-06-02 05:00:00,0.0,0.0,0.0
2025-06-02 06:00:00,0.0,0.0,0.0
2025-06-02 07:00:00,2.289,1.873,0.0
2025-06-02 08:00:00,5.944,4.863,0.0
2025-06-02 09:00:00,7.054,5.772,0.0
2025-06-02 10:00:00,10.313,8.438,2.633
2025-06-02 11:00:00,10.242,8.38,3.663
2025-06-02 12:00:00,10.222,8.363,5.913
2025-06-02 13:00:00,13.754,11.253,0.125
2025-06-02 14:00:00,8.896,7.278,2.47
2025-06-02 15:00:00,6.321,5.172,5.802
2025-06-02 16:00:00,6.126,5.012,0.0
2025-06-02 17:00:00,2.831,2.316,0.0
2025-06-02 18:00:00,0.0,0.0,-1.443
2025-06-02 19:00:00,0.0,0.0,-2.136
2025-06-02 20:00:00,0.0,0.0,-1.967
2025-06-02 21:00:00,0.0,0.0,-2.087
2025-06-02 22:00:00,0.0,0.0,-4.076
2025-06-02 23:00:00,0.0,0.0,0.0
2025-06-03 00:00:00,0.0,0.0,0.0
2025-06-03 01:00:00,0.0,0.0,0.0
2025-06-03 02:00:00,0.0,0.0,0.0
2025-06-03 03:00:00,0.0,0.0,0.0
2025-06-03 04:00:00,0.0,0.0,0.0
2025-06-03 05:00:00,0.0,0.0,0.0
2025-06-03 06:00:00,0.0,0.0,0.0
2025-06-03 07:00:00,2.866,2.345,0.0
2025-06-03 08:00:00,4.856,3.973,0.0
2025-06-03 09:00:00,6.703,5.484,0.0
2025-06-03 10:00:00,7.597,6.216,4.137
2025-06-03 11:00:00,9.314,7.621,5.885
2025-06-03 12:00:00,11.674,9.551,1.643
2025-06-03 13:00:00,10.486,8.58,1.412
2025-06-03 14:00:00,12.16,9.949,0.693
2025-06-03 15:00:00,9.834,8.046,1.485
2025-06-03 16:00:00,6.456,5.282,0.0
2025-06-03 17:00:00,3.299,2.699,0.0
2025-06-03 18:00:00,0.0,0.0,-4.874
2025-06-03 19:00:00,0.0,0.0,-1.397
2025-06-03 20:00:00,0.0,0.0,-4.321
2025-06-03 21:00:00,0.0,0.0,-4.734
2025-06-03 22:00:00,0.0,0.0,-2.725
2025-06-03 23:00:00,0.0,0.0,0.0
2025-06-04 00:00:00,0.0,0.0,0.0
2025-06-04 01:00:00,0.0,0.0,0.0
2025-06-04 02:00:00,0.0,0.0,0.0
2025-06-04 03:00:00,0.0,0.0,0.0
2025-06-04 04:00:00,0.0,0.0,0.0
2025-06-04 05:00:00,0.0,0.0,0.0
2025-06-04 06:00:00,0.0,0.0,0.0
2025-06-04 07:00:00,2.424,1.983,0.0
2025-06-04 08:00:00,6.265,5.126,0.0
2025-06-04 09:00:00,8.76,7.167,0.0
2025-06-04 10:00:00,9.798,8.017,1.863
2025-06-04 11:00:00,12.249,10.022,4.578
2025-06-04 12:00:00,14.243,11.653,1.561
2025-06-04 13:00:00,12.128,9.923,1.311
2025-06-04 14:00:00,12.337,10.094,1.081
2025-06-04 15:00:00,6.88,5.629,4.152
2025-06-04 16:00:00,4.535,3.71,0.0
2025-06-04 17:00:00,2.618,2.142,0.0
2025-06-04 18:00:00,0.0,0.0,-0.413
2025-06-04 19:00:00,0.0,0.0,-2.531
2025-06-04 20:00:00,0.0,0.0,-2.297
2025-06-04 21:00:00,0.0,0.0,-0.328
2025-06-04 22:00:00,0.0,0.0,-0.146
2025-06-04 23:00:00,0.0,0.0,0.0
2025-06-05 00:00:00,0.0,0.0,0.0
2025-06-05 01:00:00,0.0,0.0,0.0
2025-06-05 02:00:00,0.0,0.0,0.0
2025-06-05 03:00:00,0.0,0.0,0.0
2025-06-05 04:00:00,0.0,0.0,0.0
2025-06-05 05:00:00,0.0,0.0,0.0
2025-06-05 06:00:00,0.0,0.0,0.0
2025-06-05 07:00:00,3.029,2.478,0.0
2025-06-05 08:00:00,5.214,4.266,0.0
2025-06-05 09:00:00,9.829,8.042,0.0
2025-06-05 10:00:00,10.599,8.672,1.209
2025-06-05 11:00:00,8.926,7.303,5.903
2025-06-05 12:00:00,11.948,9.776,3.999
2025-06-05 13:00:00,10.379,8.492,2.339
2025-06-05 14:00:00,12.295,10.06,0.705
2025-06-05 15:00:00,8.515,6.966,1.297
2025-06-05 16:00:00,6.26,5.122,0.0
2025-06-05 17:00:00,3.014,2.466,0.0
2025-06-05 18:00:00,0.0,0.0,-3.281
2025-06-05 19:00:00,0.0,0.0,-4.312
2025-06-05 20:00:00,0.0,0.0,-3.185
2025-06-05 21:00:00,0.0,0.0,-2.757
2025-06-05 22:00:00,0.0,0.0,-3.019
2025-06-05 23:00:00,0.0,0.0,0.0
2025-06-06 00:00:00,0.0,0.0,0.0
2025-06-06 01:00:00,0.0,0.0,0.0
2025-06-06 02:00:00,0.0,0.0,0.0
2025-06-06 03:00:00,0.0,0.0,0.0
2025-06-06 04:00:00,0.0,0.0,0.0
2025-06-06 05:00:00,0.0,0.0,0.0
2025-06-06 06:00:00,0.0,0.0,0.0
2025-06-06 07:00:00,2.398,1.962,0.0
2025-06-06 08:00:00,6.994,5.722,0.0
2025-06-06 09:00:00,6.298,5.153,0.0
2025-06-06 10:00:00,11.586,9.48,0.556
2025-06-06 11:00:00,11.991,9.81,4.558
2025-06-06 12:00:00,13.032,10.662,1.26
2025-06-06 13:00:00,9.835,8.046,4.717
2025-06-06 14:00:00,10.449,8.549,1.051
2025-06-06 15:00:00,8.338,6.822,5.616
2025-06-06 16:00:00,7.067,5.782,0.0
2025-06-06 17:00:00,2.533,2.073,0.0
2025-06-06 18:00:00,0.0,0.0,-0.407
2025-06-06 19:00:00,0.0,0.0,-0.291
2025-06-06 20:00:00,0.0,0.0,-0.91
2025-06-06 21:00:00,0.0,0.0,-0.138
2025-06-06 22:00:00,0.0,0.0,-4.768
2025-06-06 23:00:00,0.0,0.0,0.0
2025-06-07 00:00:00,0.0,0.0,0.0
2025-06-07 01:00:00,0.0,0.0,0.0
2025-06-07 02:00:00,0.0,0.0,0.0
2025-06-07 03:00:00,0.0,0.0,0.0
2025-06-07 04:00:00,0.0,0.0,0.0
2025-06-07 05:00:00,0.0,0.0,0.0
2025-06-07 06:00:00,0.0,0.0,0.0
2025-06-07 07:00:00,3.332,2.726,0.0
2025-06-07 08:00:00,4.315,3.53,0.0
2025-06-07 09:00:00,9.859,8.067,0.0
2025-06-07 10:00:00,11.36,9.295,4.366
2025-06-07 11:00:00,11.238,9.195,0.904
2025-06-07 12:00:00,11.641,9.525,2.862
2025-06-07 13:00:00,13.424,10.984,5.074
2025-06-07 14:00:00,7.981,6.53,2.341
2025-06-07 15:00:00,8.21,6.717,5.151
2025-06-07 16:00:00,6.955,5.69,0.0
2025-06-07 17:00:00,2.472,2.023,0.0
2025-06-07 18:00:00,0.0,0.0,-0.535
2025-06-07 19:00:00,0.0,0.0,-4.773
2025-06-07 20:00:00,0.0,0.0,-4.775
2025-06-07 21:00:00,0.0,0.0,-2.075
2025-06-07 22:00:00,0.0,0.0,-0.509
2025-06-07 23:00:00,0.0,0.0,0.0
2025-06-08 00:00:00,0.0,0.0,0.0
2025-06-08 01:00:00,0.0,0.0,0.0
2025-06-08 02:00:00,0.0,0.0,0.0
2025-06-08 03:00:00,0.0,0.0,0.0
2025-06-08 04:00:00,0.0,0.0,0.0
2025-06-08 05:00:00,0.0,0.0,0.0
2025-06-08 06:00:00,0.0,0.0,0.0
2025-06-08 07:00:00,2.766,2.263,0.0
2025-06-08 08:00:00,6.321,5.171,0.0
2025-06-08 09:00:00,8.498,6.953,0.0
2025-06-08 10:00:00,10.137,8.294,0.797
2025-06-08 11:00:00,11.592,9.485,1.363
2025-06-08 12:00:00,10.791,8.829,0.924
2025-06-08 13:00:00,10.87,8.894,4.23
2025-06-08 14:00:00,11.599,9.49,2.29
2025-06-08 15:00:00,9.088,7.436,1.818
2025-06-08 16:00:00,5.074,4.151,0.0
2025-06-08 17:00:00,3.233,2.645,0.0
2025-06-08 18:00:00,0.0,0.0,-3.439
2025-06-08 19:00:00,0.0,0.0,-2.209
2025-06-08 20:00:00,0.0,0.0,-2.681
2025-06-08 21:00:00,0.0,0.0,-4.795
2025-06-08 22:00:00,0.0,0.0,-3.439
2025-06-08 23:00:00,0.0,0.0,0.0
2025-06-09 00:00:00,0.0,0.0,0.0
2025-06-09 01:00:00,0.0,0.0,0.0
2025-06-09 02:00:00,0.0,0.0,0.0
2025-06-09 03:00:00,0.0,0.0,0.0
2025-06-09 04:00:00,0.0,0.0,0.0
2025-06-09 05:00:00,0.0,0.0,0.0
2025-06-09 06:00:00,0.0,0.0,0.0
2025-06-09 07:00:00,3.176,2.598,0.0
2025-06-09 08:00:00,4.452,3.642,0.0
2025-06-09 09:00:00,6.417,5.25,0.0
2025-06-09 10:00:00,10.358,8.475,1.388
2025-06-09 11:00:00,9.576,7.835,1.202
2025-06-09 12:00:00,10.082,8.249,3.484
2025-06-09 13:00:00,12.304,10.067,1.331
2025-06-09 14:00:00,10.043,8.217,4.342
2025-06-09 15:00:00,6.439,5.268,4.74
2025-06-09 16:00:00,5.062,4.142,0.0
2025-06-09 17:00:00,2.59,2.119,0.0
2025-06-09 18:00:00,0.0,0.0,-4.681
2025-06-09 19:00:00,0.0,0.0,-0.491
2025-06-09 20:00:00,0.0,0.0,-2.883
2025-06-09 21:00:00,0.0,0.0,-4.257
2025-06-09 22:00:00,0.0,0.0,-3.564
2025-06-09 23:00:00,0.0,0.0,0.0
2025-06-10 00:00:00,0.0,0.0,0.0
2025-06-10 01:00:00,0.0,0.0,0.0
2025-06-10 02:00:00,0.0,0.0,0.0
2025-06-10 03:00:00,0.0,0.0,0.0
2025-06-10 04:00:00,0.0,0.0,0.0
2025-06-10 05:00:00,0.0,0.0,0.0
2025-06-10 06:00:00,0.0,0.0,0.0
2025-06-10 07:00:00,3.296,2.697,0.0
2025-06-10 08:00:00,5.94,4.86,0.0
2025-06-10 09:00:00,6.786,5.552,0.0
2025-06-10 10:00:00,7.867,6.437,2.693
2025-06-10 11:00:00,12.691,10.383,2.78
2025-06-10 12:00:00,9.325,7.63,3.235
2025-06-10 13:00:00,10.524,8.61,1.987
2025-06-10 14:00:00,10.908,8.925,3.119
2025-06-10 15:00:00,9.314,7.621,5.252
2025-06-10 16:00:00,6.583,5.386,0.0
2025-06-10 17:00:00,2.781,2.275,0.0
2025-06-10 18:00:00,0.0,0.0,-3.684
2025-06-10 19:00:00,0.0,0.0,-0.391
2025-06-10 20:00:00,0.0,0.0,-4.066
2025-06-10 21:00:00,0.0,0.0,-0.594
2025-06-10 22:00:00,0.0,0.0,-4.629
2025-06-10 23:00:00,0.0,0.0,0.0
2025-06-11 00:00:00,0.0,0.0,0.0
2025-06-11 01:00:00,0.0,0.0,0.0
2025-06-11 02:00:00,0.0,0.0,0.0
2025-06-11 03:00:00,0.0,0.0,0.0
2025-06-11 04:00:00,0.0,0.0,0.0
2025-06-11 05:00:00,0.0,0.0,0.0
2025-06-11 06:00:00,0.0,0.0,0.0
2025-06-11 07:00:00,2.331,1.907,0.0
2025-06-11 08:00:00,6.988,5.718,0.0
2025-06-11 09:00:00,8.502,6.956,0.0
2025-06-11 10:00:00,11.548,9.448,4.083
2025-06-11 11:00:00,11.014,9.012,1.704
2025-06-11 12:00:00,9.777,7.999,0.082
2025-06-11 13:00:00,8.373,6.851,3.899
2025-06-11 14:00:00,11.412,9.337,3.637
2025-06-11 15:00:00,9.081,7.43,1.389
2025-06-11 16:00:00,4.823,3.946,0.0
2025-06-11 17:00:00,2.425,1.984,0.0
2025-06-11 18:00:00,0.0,0.0,-4.254
2025-06-11 19:00:00,0.0,0.0,-2.005
2025-06-11 20:00:00,0.0,0.0,-0.741
2025-06-11 21:00:00,0.0,0.0,-3.381
2025-06-11 22:00:00,0.0,0.0,-2.296
2025-06-11 23:00:00,0.0,0.0,0.0
2025-06-12 00:00:00,0.0,0.0,0.0
2025-06-12 01:00:00,0.0,0.0,0.0
2025-06-12 02:00:00,0.0,0.0,0.0
2025-06-12 03:00:00,0.0,0.0,0.0
2025-06-12 04:00:00,0.0,0.0,0.0
2025-06-12 05:00:00,0.0,0.0,0.0
2025-06-12 06:00:00,0.0,0.0,0.0
2025-06-12 07:00:00,3.313,2.711,0.0
2025-06-12 08:00:00,4.774,3.906,0.0
2025-06-12 09:00:00,8.95,7.323,0.0
2025-06-12 10:00:00,10.789,8.827,5.916
2025-06-12 11:00:00,8.445,6.91,0.324
2025-06-12 12:00:00,10.205,8.35,4.414
2025-06-12 13:00:00,8.97,7.339,1.248
2025-06-12 14:00:00,10.07,8.239,4.234
2025-06-12 15:00:00,8.697,7.116,1.012
2025-06-12 16:00:00,5.998,4.907,0.0
2025-06-12 17:00:00,2.984,2.442,0.0
2025-06-12 18:00:00,0.0,0.0,-1.642
2025-06-12 19:00:00,0.0,0.0,-1.238
2025-06-12 20:00:00,0.0,0.0,-0.549
2025-06-12 21:00:00,0.0,0.0,-4.706
2025-06-12 22:00:00,0.0,0.0,-4.01
2025-06-12 23:00:00,0.0,0.0,0.0
2025-06-13 00:00:00,0.0,0.0,0.0
2025-06-13 01:00:00,0.0,0.0,0.0
2025-06-13 02:00:00,0.0,0.0,0.0
2025-06-13 03:00:00,0.0,0.0,0.0
2025-06-13 04:00:00,0.0,0.0,0.0
2025-06-13 05:00:00,0.0,0.0,0.0
2025-06-13 06:00:00,0.0,0.0,0.0
2025-06-13 07:00:00,2.379,1.947,0.0
2025-06-13 08:00:00,5.661,4.631,0.0
2025-06-13 09:00:00,8.994,7.359,0.0
2025-06-13 10:00:00,9.769,7.993,0.62
2025-06-13 11:00:00,9.294,7.604,5.448
2025-06-13 12:00:00,12.327,10.086,5.706
2025-06-13 13:00:00,9.199,7.527,3.82
2025-06-13 14:00:00,11.324,9.265,2.855
2025-06-13 15:00:00,7.851,6.423,5.731
2025-06-13 16:00:00,5.591,4.574,0.0
2025-06-13 17:00:00,3.314,2.712,0.0
2025-06-13 18:00:00,0.0,0.0,-2.525
2025-06-13 19:00:00,0.0,0.0,-1.824
2025-06-13 20:00:00,0.0,0.0,-2.853
2025-06-13 21:00:00,0.0,0.0,-0.261
2025-06-13 22:00:00,0.0,0.0,-4.95
2025-06-13 23:00:00,0.0,0.0,0.0
2025-06-14 00:00:00,0.0,0.0,0.0
2025-06-14 01:00:00,0.0,0.0,0.0
2025-06-14 02:00:00,0.0,0.0,0.0
2025-06-14 03:00:00,0.0,0.0,0.0
2025-06-14 04:00:00,0.0,0.0,0.0
2025-06-14 05:00:00,0.0,0.0,0.0
2025-06-14 06:00:00,0.0,0.0,0.0
2025-06-14 07:00:00,2.474,2.024,0.0
2025-06-14 08:00:00,4.415,3.613,0.0
2025-06-14 09:00:00,7.566,6.19,0.0
2025-06-14 10:00:00,10.16,8.313,0.573
2025-06-14 11:00:00,12.351,10.106,1.106
2025-06-14 12:00:00,9.493,7.767,0.589
2025-06-14 13:00:00,10.686,8.743,0.645
2025-06-14 14:00:00,8.108,6.634,5.135
2025-06-14 15:00:00,6.364,5.207,2.157
2025-06-14 16:00:00,6.678,5.464,0.0
2025-06-14 17:00:00,2.481,2.03,0.0
2025-06-14 18:00:00,0.0,0.0,-3.816
2025-06-14 19:00:00,0.0,0.0,-3.627
2025-06-14 20:00:00,0.0,0.0,-4.165
2025-06-14 21:00:00,0.0,0.0,-1.142
2025-06-14 22:00:00,0.0,0.0,-4.864
2025-06-14 23:00:00,0.0,0.0,0.0
2025-06-15 00:00:00,0.0,0.0,0.0
2025-06-15 01:00:00,0.0,0.0,0.0
2025-06-15 02:00:00,0.0,0.0,0.0
2025-06-15 03:00:00,0.0,0.0,0.0
2025-06-15 04:00:00,0.0,0.0,0.0
2025-06-15 05:00:00,0.0,0.0,0.0
2025-06-15 06:00:00,0.0,0.0,0.0
2025-06-15 07:00:00,2.155,1.764,0.0
2025-06-15 08:00:00,6.753,5.525,0.0
2025-06-15 09:00:00,6.442,5.271,0.0
2025-06-15 10:00:00,10.844,8.872,3.996
2025-06-15 11:00:00,8.584,7.024,3.145
2025-06-15 12:00:00,8.424,6.893,2.635
2025-06-15 13:00:00,9.722,7.954,2.978
2025-06-15 14:00:00,10.85,8.878,4.099
2025-06-15 15:00:00,6.492,5.312,0.58
2025-06-15 16:00:00,5.332,4.362,0.0
2025-06-15 17:00:00,2.967,2.428,0.0
2025-06-15 18:00:00,0.0,0.0,-1.492
2025-06-15 19:00:00,0.0,0.0,-4.695
2025-06-15 20:00:00,0.0,0.0,-0.073
2025-06-15 21:00:00,0.0,0.0,-0.996
2025-06-15 22:00:00,0.0,0.0,-1.513
2025-06-15 23:00:00,0.0,0.0,0.0
2025-06-16 00:00:00,0.0,0.0,0.0
2025-06-16 01:00:00,0.0,0.0,0.0
2025-06-16 02:00:00,0.0,0.0,0.0
2025-06-16 03:00:00,0.0,0.0,0.0
2025-06-16 04:00:00,0.0,0.0,0.0
2025-06-16 05:00:00,0.0,0.0,0.0
2025-06-16 06:00:00,0.0,0.0,0.0
2025-06-16 07:00:00,2.974,2.433,0.0
2025-06-16 08:00:00,4.294,3.513,0.0
2025-06-16 09:00:00,6.096,4.988,0.0
2025-06-16 10:00:00,10.46,8.559,1.18
2025-06-16 11:00:00,13.055,10.682,1.481
2025-06-16 12:00:00,11.719,9.588,1.859
2025-06-16 13:00:00,10.977,8.981,3.321
2025-06-16 14:00:00,10.168,8.319,5.545
2025-06-16 15:00:00,7.159,5.858,2.083
2025-06-16 16:00:00,5.942,4.862,0.0
2025-06-16 17:00:00,2.875,2.352,0.0
2025-06-16 18:00:00,0.0,0.0,-0.9
2025-06-16 19:00:00,0.0,0.0,-0.662
2025-06-16 20:00:00,0.0,0.0,-2.555
2025-06-16 21:00:00,0.0,0.0,-4.876
2025-06-16 22:00:00,0.0,0.0,-3.284
2025-06-16 23:00:00,0.0,0.0,0.0
2025-06-17 00:00:00,0.0,0.0,0.0
2025-06-17 01:00:00,0.0,0.0,0.0
2025-06-17 02:00:00,0.0,0.0,0.0
2025-06-17 03:00:00,0.0,0.0,0.0
2025-06-17 04:00:00,0.0,0.0,0.0
2025-06-17 05:00:00,0.0,0.0,0.0
2025-06-17 06:00:00,0.0,0.0,0.0
2025-06-17 07:00:00,2.191,1.793,0.0
2025-06-17 08:00:00,6.222,5.091,0.0
2025-06-17 09:00:00,8.243,6.744,0.0
2025-06-17 10:00:00,8.4,6.873,5.964
2025-06-17 11:00:00,10.242,8.38,5.869
2025-06-17 12:00:00,9.536,7.802,1.844
2025-06-17 13:00:00,10.258,8.393,1.942
2025-06-17 14:00:00,9.651,7.896,4.003
2025-06-17 15:00:00,7.948,6.503,2.782
2025-06-17 16:00:00,4.797,3.925,0.0
2025-06-17 17:00:00,2.676,2.189,0.0
2025-06-17 18:00:00,0.0,0.0,-2.038
2025-06-17 19:00:00,0.0,0.0,-2.764
2025-06-17 20:00:00,0.0,0.0,-0.279
2025-06-17 21:00:00,0.0,0.0,-2.069
2025-06-17 22:00:00,0.0,0.0,-3.786
2025-06-17 23:00:00,0.0,0.0,0.0
2025-06-18 00:00:00,0.0,0.0,0.0
2025-06-18 01:00:00,0.0,0.0,0.0
2025-06-18 02:00:00,0.0,0.0,0.0
2025-06-18 03:00:00,0.0,0.0,0.0
2025-06-18 04:00:00,0.0,0.0,0.0
2025-06-18 05:00:00,0.0,0.0,0.0
2025-06-18 06:00:00,0.0,0.0,0.0
2025-06-18 07:00:00,2.597,2.125,0.0
2025-06-18 08:00:00,5.321,4.353,0.0
2025-06-18 09:00:00,7.924,6.484,0.0
2025-06-18 10:00:00,11.143,9.117,0.924
2025-06-18 11:00:00,9.4,7.691,0.32
2025-06-18 12:00:00,12.118,9.915,3.443
2025-06-18 13:00:00,10.046,8.22,5.895
2025-06-18 14:00:00,9.653,7.898,4.143
2025-06-18 15:00:00,8.014,6.557,1.756
2025-06-18 16:00:00,4.852,3.97,0.0
2025-06-18 17:00:00,2.523,2.064,0.0
2025-06-18 18:00:00,0.0,0.0,-4.353
2025-06-18 19:00:00,0.0,0.0,-3.615
2025-06-18 20:00:00,0.0,0.0,-2.984
2025-06-18 21:00:00,0.0,0.0,-4.38
2025-06-18 22:00:00,0.0,0.0,-1.561
2025-06-18 23:00:00,0.0,0.0,0.0
2025-06-19 00:00:00,0.0,0.0,0.0
2025-06-19 01:00:00,0.0,0.0,0.0
2025-06-19 02:00:00,0.0,0.0,0.0
2025-06-19 03:00:00,0.0,0.0,0.0
2025-06-19 04:00:00,0.0,0.0,0.0
2025-06-19 05:00:00,0.0,0.0,0.0
2025-06-19 06:00:00,0.0,0.0,0.0
2025-06-19 07:00:00,2.266,1.854,0.0
2025-06-19 08:00:00,4.739,3.878,0.0
2025-06-19 09:00:00,7.025,5.748,0.0
2025-06-19 10:00:00,8.747,7.157,4.345
2025-06-19 11:00:00,10.204,8.349,1.59
2025-06-19 12:00:00,10.88,8.901,0.702
2025-06-19 13:00:00,12.309,10.071,1.542
2025-06-19 14:00:00,11.362,9.297,0.822
2025-06-19 15:00:00,8.999,7.363,4.683
2025-06-19 16:00:00,5.487,4.49,0.0
2025-06-19 17:00:00,2.261,1.85,0.0
2025-06-19 18:00:00,0.0,0.0,-2.003
2025-06-19 19:00:00,0.0,0.0,-1.113
2025-06-19 20:00:00,0.0,0.0,-1.161
2025-06-19 21:00:00,0.0,0.0,-3.88
2025-06-19 22:00:00,0.0,0.0,-0.509
2025-06-19 23:00:00,0.0,0.0,0.0
2025-06-20 00:00:00,0.0,0.0,0.0
2025-06-20 01:00:00,0.0,0.0,0.0
2025-06-20 02:00:00,0.0,0.0,0.0
2025-06-20 03:00:00,0.0,0.0,0.0
2025-06-20 04:00:00,0.0,0.0,0.0
2025-06-20 05:00:00,0.0,0.0,0.0
2025-06-20 06:00:00,0.0,0.0,0.0
2025-06-20 07:00:00,2.75,2.25,0.0
2025-06-20 08:00:00,5.557,4.547,0.0
2025-06-20 09:00:00,9.259,7.576,0.0
2025-06-20 10:00:00,10.044,8.218,0.602
2025-06-20 11:00:00,12.796,10.469,0.026
2025-06-20 12:00:00,12.894,10.549,5.254
2025-06-20 13:00:00,12.456,10.191,5.346
2025-06-20 14:00:00,9.574,7.834,1.648
2025-06-20 15:00:00,7.983,6.532,1.282
2025-06-20 16:00:00,5.755,4.708,0.0
2025-06-20 17:00:00,2.199,1.799,0.0
2025-06-20 18:00:00,0.0,0.0,-0.866
2025-06-20 19:00:00,0.0,0.0,-3.431
2025-06-20 20:00:00,0.0,0.0,-2.405
2025-06-20 21:00:00,0.0,0.0,-2.608
2025-06-20 22:00:00,0.0,0.0,-4.347
2025-06-20 23:00:00,0.0,0.0,0.0
2025-06-21 00:00:00,0.0,0.0,0.0
2025-06-21 01:00:00,0.0,0.0,0.0
2025-06-21 02:00:00,0.0,0.0,0.0
2025-06-21 03:00:00,0.0,0.0,0.0
2025-06-21 04:00:00,0.0,0.0,0.0
2025-06-21 05:00:00,0.0,0.0,0.0
2025-06-21 06:00:00,0.0,0.0,0.0
2025-06-21 07:00:00,3.065,2.508,0.0
2025-06-21 08:00:00,5.314,4.348,0.0
2025-06-21 09:00:00,5.787,4.735,0.0
2025-06-21 10:00:00,7.767,6.355,4.971
2025-06-21 11:00:00,10.382,8.494,3.183
2025-06-21 12:00:00,8.428,6.895,3.022
2025-06-21 13:00:00,11.005,9.004,4.375
2025-06-21 14:00:00,11.031,9.026,1.462
2025-06-21 15:00:00,7.727,6.322,4.069
2025-06-21 16:00:00,4.299,3.517,0.0
2025-06-21 17:00:00,3.474,2.842,0.0
2025-06-21 18:00:00,0.0,0.0,-1.075
2025-06-21 19:00:00,0.0,0.0,-1.503
2025-06-21 20:00:00,0.0,0.0,-4.177
2025-06-21 21:00:00,0.0,0.0,-0.877
2025-06-21 22:00:00,0.0,0.0,-3.656
2025-06-21 23:00:00,0.0,0.0,0.0
2025-06-22 00:00:00,0.0,0.0,0.0
2025-06-22 01:00:00,0.0,0.0,0.0
2025-06-22 02:00:00,0.0,0.0,0.0
2025-06-22 03:00:00,0.0,0.0,0.0
2025-06-22 04:00:00,0.0,0.0,0.0
2025-06-22 05:00:00,0.0,0.0,0.0
2025-06-22 06:00:00,0.0,0.0,0.0
2025-06-22 07:00:00,2.368,1.938,0.0
2025-06-22 08:00:00,5.363,4.388,0.0
2025-06-22 09:00:00,7.545,6.173,0.0
2025-06-22 10:00:00,9.781,8.003,1.533
2025-06-22 11:00:00,11.589,9.482,2.282
2025-06-22 12:00:00,8.651,7.078,4.461
2025-06-22 13:00:00,10.834,8.864,5.861
2025-06-22 14:00:00,9.463,7.743,2.228
2025-06-22 15:00:00,9.581,7.839,1.94
2025-06-22 16:00:00,6.551,5.36,0.0
2025-06-22 17:00:00,2.587,2.116,0.0
2025-06-22 18:00:00,0.0,0.0,-1.323
2025-06-22 19:00:00,0.0,0.0,-3.92
2025-06-22 20:00:00,0.0,0.0,-4.714
2025-06-22 21:00:00,0.0,0.0,-2.227
2025-06-22 22:00:00,0.0,0.0,-2.434
2025-06-22 23:00:00,0.0,0.0,0.0
2025-06-23 00:00:00,0.0,0.0,0.0
2025-06-23 01:00:00,0.0,0.0,0.0
2025-06-23 02:00:00,0.0,0.0,0.0
2025-06-23 03:00:00,0.0,0.0,0.0
2025-06-23 04:00:00,0.0,0.0,0.0
2025-06-23 05:00:00,0.0,0.0,0.0
2025-06-23 06:00:00,0.0,0.0,0.0
2025-06-23 07:00:00,3.066,2.509,0.0
2025-06-23 08:00:00,6.597,5.398,0.0
2025-06-23 09:00:00,7.319,5.989,0.0
2025-06-23 10:00:00,7.34,6.005,2.085
2025-06-23 11:00:00,10.366,8.482,3.392
2025-06-23 12:00:00,9.969,8.156,0.573
2025-06-23 13:00:00,11.014,9.011,2.355
2025-06-23 14:00:00,7.091,5.801,4.534
2025-06-23 15:00:00,9.254,7.572,4.433
2025-06-23 16:00:00,6.465,5.289,0.0
2025-06-23 17:00:00,2.609,2.135,0.0
2025-06-23 18:00:00,0.0,0.0,-3.168
2025-06-23 19:00:00,0.0,0.0,-1.678
2025-06-23 20:00:00,0.0,0.0,-1.628
2025-06-23 21:00:00,0.0,0.0,-2.327
2025-06-23 22:00:00,0.0,0.0,-1.235
2025-06-23 23:00:00,0.0,0.0,0.0
2025-06-24 00:00:00,0.0,0.0,0.0
2025-06-24 01:00:00,0.0,0.0,0.0
2025-06-24 02:00:00,0.0,0.0,0.0
2025-06-24 03:00:00,0.0,0.0,0.0
2025-06-24 04:00:00,0.0,0.0,0.0
2025-06-24 05:00:00,0.0,0.0,0.0
2025-06-24 06:00:00,0.0,0.0,0.0
2025-06-24 07:00:00,3.485,2.852,0.0
2025-06-24 08:00:00,4.242,3.47,0.0
2025-06-24 09:00:00,9.196,7.524,0.0
2025-06-24 10:00:00,10.384,8.496,0.856
2025-06-24 11:00:00,10.534,8.619,5.802
2025-06-24 12:00:00,11.461,9.377,0.049
2025-06-24 13:00:00,12.407,10.152,5.902
2025-06-24 14:00:00,9.333,7.636,1.495
2025-06-24 15:00:00,6.24,5.106,4.637
2025-06-24 16:00:00,6.238,5.104,0.0
2025-06-24 17:00:00,2.128,1.741,0.0
2025-06-24 18:00:00,0.0,0.0,-4.962
2025-06-24 19:00:00,0.0,0.0,-2.572
2025-06-24 20:00:00,0.0,0.0,-0.547
2025-06-24 21:00:00,0.0,0.0,-0.361
2025-06-24 22:00:00,0.0,0.0,-0.981
2025-06-24 23:00:00,0.0,0.0,0.0
2025-06-25 00:00:00,0.0,0.0,0.0
2025-06-25 01:00:00,0.0,0.0,0.0
2025-06-25 02:00:00,0.0,0.0,0.0
2025-06-25 03:00:00,0.0,0.0,0.0
2025-06-25 04:00:00,0.0,0.0,0.0
2025-06-25 05:00:00,0.0,0.0,0.0
2025-06-25 06:00:00,0.0,0.0,0.0
2025-06-25 07:00:00,2.594,2.122,0.0
2025-06-25 08:00:00,4.814,3.939,0.0
2025-06-25 09:00:00,7.929,6.487,0.0
2025-06-25 10:00:00,11.195,9.159,3.54
2025-06-25 11:00:00,10.044,8.218,5.402
2025-06-25 12:00:00,8.604,7.039,3.214
2025-06-25 13:00:00,9.767,7.991,2.479
2025-06-25 14:00:00,7.774,6.361,0.051
2025-06-25 15:00:00,8.044,6.582,5.37
2025-06-25 16:00:00,4.8,3.927,0.0
2025-06-25 17:00:00,2.779,2.274,0.0
2025-06-25 18:00:00,0.0,0.0,-1.863
2025-06-25 19:00:00,0.0,0.0,-3.464
2025-06-25 20:00:00,0.0,0.0,-1.374
2025-06-25 21:00:00,0.0,0.0,-0.363
2025-06-25 22:00:00,0.0,0.0,-3.374
2025-06-25 23:00:00,0.0,0.0,0.0
2025-06-26 00:00:00,0.0,0.0,0.0
2025-06-26 01:00:00,0.0,0.0,0.0
2025-06-26 02:00:00,0.0,0.0,0.0
2025-06-26 03:00:00,0.0,0.0,0.0
2025-06-26 04:00:00,0.0,0.0,0.0
2025-06-26 05:00:00,0.0,0.0,0.0
2025-06-26 06:00:00,0.0,0.0,0.0
2025-06-26 07:00:00,2.597,2.125,0.0
2025-06-26 08:00:00,6.646,5.438,0.0
2025-06-26 09:00:00,9.492,7.766,0.0
2025-06-26 10:00:00,7.801,6.382,3.708
2025-06-26 11:00:00,8.712,7.128,5.339
2025-06-26 12:00:00,8.466,6.926,5.305
2025-06-26 13:00:00,11.856,9.701,4.778
2025-06-26 14:00:00,9.12,7.462,3.548
2025-06-26 15:00:00,7.466,6.109,4.909
2025-06-26 16:00:00,4.405,3.604,0.0
2025-06-26 17:00:00,2.535,2.074,0.0
2025-06-26 18:00:00,0.0,0.0,-3.747
2025-06-26 19:00:00,0.0,0.0,-1.405
2025-06-26 20:00:00,0.0,0.0,-1.697
2025-06-26 21:00:00,0.0,0.0,-2.008
2025-06-26 22:00:00,0.0,0.0,-0.256
2025-06-26 23:00:00,0.0,0.0,0.0
2025-06-27 00:00:00,0.0,0.0,0.0
2025-06-27 01:00:00,0.0,0.0,0.0
2025-06-27 02:00:00,0.0,0.0,0.0
2025-06-27 03:00:00,0.0,0.0,0.0
2025-06-27 04:00:00,0.0,0.0,0.0
2025-06-27 05:00:00,0.0,0.0,0.0
2025-06-27 06:00:00,0.0,0.0,0.0
2025-06-27 07:00:00,2.707,2.215,0.0
2025-06-27 08:00:00,4.08,3.338,0.0
2025-06-27 09:00:00,7.431,6.08,0.0
2025-06-27 10:00:00,8.002,6.547,4.325
2025-06-27 11:00:00,8.394,6.867,0.902
2025-06-27 12:00:00,9.998,8.18,2.395
2025-06-27 13:00:00,12.722,10.409,3.664
2025-06-27 14:00:00,8.786,7.189,1.862
2025-06-27 15:00:00,8.728,7.141,5.159
2025-06-27 16:00:00,4.453,3.643,0.0
2025-06-27 17:00:00,2.44,1.996,0.0
2025-06-27 18:00:00,0.0,0.0,-2.981
2025-06-27 19:00:00,0.0,0.0,-1.833
2025-06-27 20:00:00,0.0,0.0,-3.931
2025-06-27 21:00:00,0.0,0.0,-3.144
2025-06-27 22:00:00,0.0,0.0,-3.113
2025-06-27 23:00:00,0.0,0.0,0.0
2025-06-28 00:00:00,0.0,0.0,0.0
2025-06-28 01:00:00,0.0,0.0,0.0
2025-06-28 02:00:00,0.0,0.0,0.0
2025-06-28 03:00:00,0.0,0.0,0.0
2025-06-28 04:00:00,0.0,0.0,0.0
2025-06-28 05:00:00,0.0,0.0,0.0
2025-06-28 06:00:00,0.0,0.0,0.0
2025-06-28 07:00:00,2.923,2.392,0.0
2025-06-28 08:00:00,4.054,3.317,0.0
2025-06-28 09:00:00,7.814,6.393,0.0
2025-06-28 10:00:00,8.532,6.981,2.494
2025-06-28 11:00:00,11.65,9.532,3.241
2025-06-28 12:00:00,8.571,7.013,1.989
2025-06-28 13:00:00,8.313,6.801,2.628
2025-06-28 14:00:00,10.436,8.538,1.437
2025-06-28 15:00:00,7.807,6.388,0.066
2025-06-28 16:00:00,4.4,3.6,0.0
2025-06-28 17:00:00,2.868,2.346,0.0
2025-06-28 18:00:00,0.0,0.0,-1.088
2025-06-28 19:00:00,0.0,0.0,-3.241
2025-06-28 20:00:00,0.0,0.0,-3.23
2025-06-28 21:00:00,0.0,0.0,-1.064
2025-06-28 22:00:00,0.0,0.0,-4.487
2025-06-28 23:00:00,0.0,0.0,0.0
2025-06-29 00:00:00,0.0,0.0,0.0
2025-06-29 01:00:00,0.0,0.0,0.0
2025-06-29 02:00:00,0.0,0.0,0.0
2025-06-29 03:00:00,0.0,0.0,0.0
2025-06-29 04:00:00,0.0,0.0,0.0
2025-06-29 05:00:00,0.0,0.0,0.0
2025-06-29 06:00:00,0.0,0.0,0.0
2025-06-29 07:00:00,2.522,2.063,0.0
2025-06-29 08:00:00,5.837,4.776,0.0
2025-06-29 09:00:00,7.86,6.431,0.0
2025-06-29 10:00:00,11.113,9.092,4.698
2025-06-29 11:00:00,10.68,8.738,3.452
2025-06-29 12:00:00,13.143,10.754,4.371
2025-06-29 13:00:00,8.254,6.754,0.609
2025-06-29 14:00:00,9.157,7.492,3.656
2025-06-29 15:00:00,6.301,5.155,3.298
2025-06-29 16:00:00,5.008,4.098,0.0
2025-06-29 17:00:00,2.518,2.061,0.0
2025-06-29 18:00:00,0.0,0.0,-1.809
2025-06-29 19:00:00,0.0,0.0,-3.978
2025-06-29 20:00:00,0.0,0.0,-1.795
2025-06-29 21:00:00,0.0,0.0,-0.929
2025-06-29 22:00:00,0.0,0.0,-4.969
2025-06-29 23:00:00,0.0,0.0,0.0
2025-06-30 00:00:00,0.0,0.0,0.0
2025-06-30 01:00:00,0.0,0.0,0.0
2025-06-30 02:00:00,0.0,0.0,0.0
2025-06-30 03:00:00,0.0,0.0,0.0
2025-06-30 04:00:00,0.0,0.0,0.0
2025-06-30 05:00:00,0.0,0.0,0.0
2025-06-30 06:00:00,0.0,0.0,0.0
2025-06-30 07:00:00,3.261,2.668,0.0
2025-06-30 08:00:00,4.652,3.806,0.0
2025-06-30 09:00:00,9.02,7.38,0.0
2025-06-30 10:00:00,11.296,9.242,0.159
2025-06-30 11:00:00,8.681,7.103,0.081
2025-06-30 12:00:00,10.044,8.218,5.361
2025-06-30 13:00:00,8.969,7.338,0.053
2025-06-30 14:00:00,8.43,6.897,2.526
2025-06-30 15:00:00,8.386,6.862,3.964
2025-06-30 16:00:00,4.842,3.962,0.0
2025-06-30 17:00:00,2.462,2.014,0.0
2025-06-30 18:00:00,0.0,0.0,-3.811
2025-06-30 19:00:00,0.0,0.0,-2.273
2025-06-30 20:00:00,0.0,0.0,-3.155
2025-06-30 21:00:00,0.0,0.0,-4.859
2025-06-30 22:00:00,0.0,0.0,-1.801
2025-06-30 23:00:00,0.0,0.0,0.0
2025-07-01 00:00:00,0.0,0.0,0.0
2025-07-01 01:00:00,0.0,0.0,0.0
2025-07-01 02:00:00,0.0,0.0,0.0
2025-07-01 03:00:00,0.0,0.0,0.0
2025-07-01 04:00:00,0.0,0.0,0.0
2025-07-01 05:00:00,0.0,0.0,0.0
2025-07-01 06:00:00,0.0,0.0,0.0
2025-07-01 07:00:00,3.402,2.783,0.0
2025-07-01 08:00:00,6.649,5.44,0.0
2025-07-01 09:00:00,8.551,6.996,0.0
2025-07-01 10:00:00,11.387,9.317,0.832
2025-07-01 11:00:00,7.765,6.354,2.226
2025-07-01 12:00:00,8.353,6.834,3.321
2025-07-01 13:00:00,11.739,9.605,5.789
2025-07-01 14:00:00,11.502,9.411,4.144
2025-07-01 15:00:00,8.31,6.799,3.451
2025-07-01 16:00:00,5.277,4.317,0.0
2025-07-01 17:00:00,3.376,2.762,0.0
2025-07-01 18:00:00,0.0,0.0,-0.143
2025-07-01 19:00:00,0.0,0.0,-0.951
2025-07-01 20:00:00,0.0,0.0,-2.479
2025-07-01 21:00:00,0.0,0.0,-3.274
2025-07-01 22:00:00,0.0,0.0,-2.121
2025-07-01 23:00:00,0.0,0.0,0.0
2025-07-02 00:00:00,0.0,0.0,0.0
2025-07-02 01:00:00,0.0,0.0,0.0
2025-07-02 02:00:00,0.0,0.0,0.0
2025-07-02 03:00:00,0.0,0.0,0.0
2025-07-02 04:00:00,0.0,0.0,0.0
2025-07-02 05:00:00,0.0,0.0,0.0
2025-07-02 06:00:00,0.0,0.0,0.0
2025-07-02 07:00:00,3.222,2.636,0.0
2025-07-02 08:00:00,4.046,3.31,0.0
2025-07-02 09:00:00,6.483,5.304,0.0
2025-07-02 10:00:00,7.268,5.947,0.918
2025-07-02 11:00:00,12.827,10.495,2.946
2025-07-02 12:00:00,11.29,9.237,3.552
2025-07-02 13:00:00,11.081,9.066,0.43
2025-07-02 14:00:00,10.25,8.386,0.402
2025-07-02 15:00:00,8.709,7.125,5.713
2025-07-02 16:00:00,4.98,4.075,0.0
2025-07-02 17:00:00,3.415,2.794,0.0
2025-07-02 18:00:00,0.0,0.0,-2.769
2025-07-02 19:00:00,0.0,0.0,-1.389
2025-07-02 20:00:00,0.0,0.0,-0.737
2025-07-02 21:00:00,0.0,0.0,-2.531
2025-07-02 22:00:00,0.0,0.0,-1.853
2025-07-02 23:00:00,0.0,0.0,0.0
2025-07-03 00:00:00,0.0,0.0,0.0
2025-07-03 01:00:00,0.0,0.0,0.0
2025-07-03 02:00:00,0.0,0.0,0.0
2025-07-03 03:00:00,0.0,0.0,0.0
2025-07-03 04:00:00,0.0,0.0,0.0
2025-07-03 05:00:00,0.0,0.0,0.0
2025-07-03 06:00:00,0.0,0.0,0.0
2025-07-03 07:00:00,2.2,1.8,0.0
2025-07-03 08:00:00,5.186,4.243,0.0
2025-07-03 09:00:00,6.564,5.371,0.0
2025-07-03 10:00:00,9.186,7.516,1.504
2025-07-03 11:00:00,12.135,9.928,5.756
2025-07-03 12:00:00,13.283,10.868,4.25
2025-07-03 13:00:00,9.539,7.805,1.378
2025-07-03 14:00:00,7.76,6.349,5.443
2025-07-03 15:00:00,7.51,6.144,2.472
2025-07-03 16:00:00,5.971,4.885,0.0
2025-07-03 17:00:00,2.13,1.743,0.0
2025-07-03 18:00:00,0.0,0.0,-3.235
2025-07-03 19:00:00,0.0,0.0,-3.405
2025-07-03 20:00:00,0.0,0.0,-4.074
2025-07-03 21:00:00,0.0,0.0,-1.643
2025-07-03 22:00:00,0.0,0.0,-0.545
2025-07-03 23:00:00,0.0,0.0,0.0
2025-07-04 00:00:00,0.0,0.0,0.0
2025-07-04 01:00:00,0.0,0.0,0.0
2025-07-04 02:00:00,0.0,0.0,0.0
2025-07-04 03:00:00,0.0,0.0,0.0
2025-07-04 04:00:00,0.0,0.0,0.0
2025-07-04 05:00:00,0.0,0.0,0.0
2025-07-04 06:00:00,0.0,0.0,0.0
2025-07-04 07:00:00,2.889,2.364,0.0
2025-07-04 08:00:00,4.52,3.698,0.0
2025-07-04 09:00:00,9.286,7.598,0.0
2025-07-04 10:00:00,8.58,7.02,2.877
2025-07-04 11:00:00,12.511,10.236,0.52
2025-07-04 12:00:00,11.259,9.212,1.621
2025-07-04 13:00:00,12.819,10.488,5.556
2025-07-04 14:00:00,11.469,9.384,3.562
2025-07-04 15:00:00,5.698,4.662,0.987
2025-07-04 16:00:00,6.0,4.909,0.0
2025-07-04 17:00:00,2.864,2.344,0.0
2025-07-04 18:00:00,0.0,0.0,-1.735
2025-07-04 19:00:00,0.0,0.0,-1.439
2025-07-04 20:00:00,0.0,0.0,-1.822
2025-07-04 21:00:00,0.0,0.0,-3.849
2025-07-04 22:00:00,0.0,0.0,-4.207
2025-07-04 23:00:00,0.0,0.0,0.0
2025-07-05 00:00:00,0.0,0.0,0.0
2025-07-05 01:00:00,0.0,0.0,0.0
2025-07-05 02:00:00,0.0,0.0,0.0
2025-07-05 03:00:00,0.0,0.0,0.0
2025-07-05 04:00:00,0.0,0.0,0.0
2025-07-05 05:00:00,0.0,0.0,0.0
2025-07-05 06:00:00,0.0,0.0,0.0
2025-07-05 07:00:00,3.103,2.539,0.0
2025-07-05 08:00:00,6.41,5.244,0.0
2025-07-05 09:00:00,6.454,5.281,0.0
2025-07-05 10:00:00,8.864,7.252,4.027
2025-07-05 11:00:00,10.652,8.715,1.641
2025-07-05 12:00:00,11.095,9.078,2.174
2025-07-05 13:00:00,12.612,10.319,5.1
2025-07-05 14:00:00,11.328,9.268,1.933
2025-07-05 15:00:00,6.743,5.517,4.866
2025-07-05 16:00:00,5.483,4.486,0.0
2025-07-05 17:00:00,2.194,1.795,0.0
2025-07-05 18:00:00,0.0,0.0,-2.28
2025-07-05 19:00:00,0.0,0.0,-3.382
2025-07-05 20:00:00,0.0,0.0,-4.753
2025-07-05 21:00:00,0.0,0.0,-2.733
2025-07-05 22:00:00,0.0,0.0,-3.103
2025-07-05 23:00:00,0.0,0.0,0.0
2025-07-06 00:00:00,0.0,0.0,0.0
2025-07-06 01:00:00,0.0,0.0,0.0
2025-07-06 02:00:00,0.0,0.0,0.0
2025-07-06 03:00:00,0.0,0.0,0.0
2025-07-06 04:00:00,0.0,0.0,0.0
2025-07-06 05:00:00,0.0,0.0,0.0
2025-07-06 06:00:00,0.0,0.0,0.0
2025-07-06 07:00:00,2.695,2.205,0.0
2025-07-06 08:00:00,5.975,4.889,0.0
2025-07-06 09:00:00,7.741,6.333,0.0
2025-07-06 10:00:00,10.303,8.43,0.707
2025-07-06 11:00:00,11.482,9.394,2.703
2025-07-06 12:00:00,12.736,10.42,1.367
2025-07-06 13:00:00,8.268,6.765,5.627
2025-07-06 14:00:00,10.297,8.425,2.188
2025-07-06 15:00:00,6.462,5.287,5.836
2025-07-06 16:00:00,4.804,3.931,0.0
2025-07-06 17:00:00,3.237,2.648,0.0
2025-07-06 18:00:00,0.0,0.0,-2.055
2025-07-06 19:00:00,0.0,0.0,-3.658
2025-07-06 20:00:00,0.0,0.0,-0.205
2025-07-06 21:00:00,0.0,0.0,-1.792
2025-07-06 22:00:00,0.0,0.0,-2.991
2025-07-06 23:00:00,0.0,0.0,0.0
2025-07-07 00:00:00,0.0,0.0,0.0
2025-07-07 01:00:00,0.0,0.0,0.0
2025-07-07 02:00:00,0.0,0.0,0.0
2025-07-07 03:00:00,0.0,0.0,0.0
2025-07-07 04:00:00,0.0,0.0,0.0
2025-07-07 05:00:00,0.0,0.0,0.0
2025-07-07 06:00:00,0.0,0.0,0.0
2025-07-07 07:00:00,3.409,2.789,0.0
2025-07-07 08:00:00,5.641,4.615,0.0
2025-07-07 09:00:00,8.128,6.65,0.0
2025-07-07 10:00:00,9.137,7.476,0.384
2025-07-07 11:00:00,9.633,7.882,0.964
2025-07-07 12:00:00,10.414,8.52,0.111
2025-07-07 13:00:00,10.497,8.588,2.941
2025-07-07 14:00:00,11.166,9.136,2.267
2025-07-07 15:00:00,8.681,7.103,3.443
2025-07-07 16:00:00,6.131,5.016,0.0
2025-07-07 17:00:00,2.123,1.737,0.0
2025-07-07 18:00:00,0.0,0.0,-0.64
2025-07-07 19:00:00,0.0,0.0,-1.025
2025-07-07 20:00:00,0.0,0.0,-0.476
2025-07-07 21:00:00,0.0,0.0,-0.858
2025-07-07 22:00:00,0.0,0.0,-4.98
2025-07-07 23:00:00,0.0,0.0,0.0
2025-07-08 00:00:00,0.0,0.0,0.0
2025-07-08 01:00:00,0.0,0.0,0.0
2025-07-08 02:00:00,0.0,0.0,0.0
2025-07-08 03:00:00,0.0,0.0,0.0
2025-07-08 04:00:00,0.0,0.0,0.0
2025-07-08 05:00:00,0.0,0.0,0.0
2025-07-08 06:00:00,0.0,0.0,0.0
2025-07-08 07:00:00,2.41,1.972,0.0
2025-07-08 08:00:00,4.411,3.609,0.0
2025-07-08 09:00:00,7.989,6.537,0.0
2025-07-08 10:00:00,9.424,7.711,1.444
2025-07-08 11:00:00,7.914,6.475,2.264
2025-07-08 12:00:00,8.331,6.816,2.334
2025-07-08 13:00:00,9.66,7.904,4.208
2025-07-08 14:00:00,7.768,6.356,3.59
2025-07-08 15:00:00,9.332,7.635,2.315
2025-07-08 16:00:00,4.109,3.362,0.0
2025-07-08 17:00:00,3.06,2.504,0.0
2025-07-08 18:00:00,0.0,0.0,-0.947
2025-07-08 19:00:00,0.0,0.0,-4.339
2025-07-08 20:00:00,0.0,0.0,-3.105
2025-07-08 21:00:00,0.0,0.0,-1.86
2025-07-08 22:00:00,0.0,0.0,-2.533
2025-07-08 23:00:00,0.0,0.0,0.0
2025-07-09 00:00:00,0.0,0.0,0.0
2025-07-09 01:00:00,0.0,0.0,0.0
2025-07-09 02:00:00,0.0,0.0,0.0
2025-07-09 03:00:00,0.0,0.0,0.0
2025-07-09 04:00:00,0.0,0.0,0.0
2025-07-09 05:00:00,0.0,0.0,0.0
2025-07-09 06:00:00,0.0,0.0,0.0
2025-07-09 07:00:00,3.101,2.537,0.0
2025-07-09 08:00:00,6.614,5.411,0.0
2025-07-09 09:00:00,8.75,7.159,0.0
2025-07-09 10:00:00,9.472,7.749,5.733
2025-07-09 11:00:00,8.063,6.597,0.359
2025-07-09 12:00:00,12.849,10.513,1.1
2025-07-09 13:00:00,11.215,9.176,0.993
2025-07-09 14:00:00,10.254,8.39,5.222
2025-07-09 15:00:00,8.069,6.602,2.108
2025-07-09 16:00:00,5.16,4.222,0.0
2025-07-09 17:00:00,2.744,2.245,0.0
2025-07-09 18:00:00,0.0,0.0,-2.195
2025-07-09 19:00:00,0.0,0.0,-1.321
2025-07-09 20:00:00,0.0,0.0,-4.274
2025-07-09 21:00:00,0.0,0.0,-1.154
2025-07-09 22:00:00,0.0,0.0,-4.357
2025-07-09 23:00:00,0.0,0.0,0.0
2025-07-10 00:00:00,0.0,0.0,0.0
2025-07-10 01:00:00,0.0,0.0,0.0
2025-07-10 02:00:00,0.0,0.0,0.0
2025-07-10 03:00:00,0.0,0.0,0.0
2025-07-10 04:00:00,0.0,0.0,0.0
2025-07-10 05:00:00,0.0,0.0,0.0
2025-07-10 06:00:00,0.0,0.0,0.0
2025-07-10 07:00:00,2.41,1.972,0.0
2025-07-10 08:00:00,5.843,4.781,0.0
2025-07-10 09:00:00,6.836,5.593,0.0
2025-07-10 10:00:00,8.692,7.112,0.739
2025-07-10 11:00:00,8.886,7.27,2.971
2025-07-10 12:00:00,9.309,7.616,2.926
2025-07-10 13:00:00,11.709,9.58,1.224
2025-07-10 14:00:00,9.469,7.747,2.587
2025-07-10 15:00:00,7.546,6.174,5.846
2025-07-10 16:00:00,4.064,3.325,0.0
2025-07-10 17:00:00,2.467,2.019,0.0
2025-07-10 18:00:00,0.0,0.0,-4.165
2025-07-10 19:00:00,0.0,0.0,-3.412
2025-07-10 20:00:00,0.0,0.0,-2.763
2025-07-10 21:00:00,0.0,0.0,-4.51
2025-07-10 22:00:00,0.0,0.0,-2.979
2025-07-10 23:00:00,0.0,0.0,0.0
2025-07-11 00:00:00,0.0,0.0,0.0
2025-07-11 01:00:00,0.0,0.0,0.0
2025-07-11 02:00:00,0.0,0.0,0.0
2025-07-11 03:00:00,0.0,0.0,0.0
2025-07-11 04:00:00,0.0,0.0,0.0
2025-07-11 05:00:00,0.0,0.0,0.0
2025-07-11 06:00:00,0.0,0.0,0.0
2025-07-11 07:00:00,3.15,2.577,0.0
2025-07-11 08:00:00,4.263,3.488,0.0
2025-07-11 09:00:00,8.068,6.601,0.0
2025-07-11 10:00:00,7.288,5.963,3.111
2025-07-11 11:00:00,8.249,6.75,5.623
2025-07-11 12:00:00,10.254,8.39,5.858
2025-07-11 13:00:00,9.211,7.536,5.856
2025-07-11 14:00:00,7.706,6.305,3.104
2025-07-11 15:00:00,5.82,4.762,2.599
2025-07-11 16:00:00,4.126,3.376,0.0
2025-07-11 17:00:00,2.925,2.393,0.0
2025-07-11 18:00:00,0.0,0.0,-2.65
2025-07-11 19:00:00,0.0,0.0,-0.99
2025-07-11 20:00:00,0.0,0.0,-4.485
2025-07-11 21:00:00,0.0,0.0,-2.871
2025-07-11 22:00:00,0.0,0.0,-4.084
2025-07-11 23:00:00,0.0,0.0,0.0
2025-07-12 00:00:00,0.0,0.0,0.0
2025-07-12 01:00:00,0.0,0.0,0.0
2025-07-12 02:00:00,0.0,0.0,0.0
2025-07-12 03:00:00,0.0,0.0,0.0
2025-07-12 04:00:00,0.0,0.0,0.0
2025-07-12 05:00:00,0.0,0.0,0.0
2025-07-12 06:00:00,0.0,0.0,0.0
2025-07-12 07:00:00,2.164,1.77,0.0
2025-07-12 08:00:00,6.235,5.101,0.0
2025-07-12 09:00:00,6.749,5.522,0.0
2025-07-12 10:00:00,8.279,6.773,2.502
2025-07-12 11:00:00,9.496,7.769,2.911
2025-07-12 12:00:00,9.091,7.438,3.228
2025-07-12 13:00:00,11.023,9.019,3.292
2025-07-12 14:00:00,10.355,8.472,1.9
2025-07-12 15:00:00,8.019,6.561,0.648
2025-07-12 16:00:00,5.604,4.585,0.0
2025-07-12 17:00:00,2.975,2.434,0.0
2025-07-12 18:00:00,0.0,0.0,-4.314
2025-07-12 19:00:00,0.0,0.0,-4.078
2025-07-12 20:00:00,0.0,0.0,-1.369
2025-07-12 21:00:00,0.0,0.0,-1.11
2025-07-12 22:00:00,0.0,0.0,-4.828
2025-07-12 23:00:00,0.0,0.0,0.0
2025-07-13 00:00:00,0.0,0.0,0.0
2025-07-13 01:00:00,0.0,0.0,0.0
2025-07-13 02:00:00,0.0,0.0,0.0
2025-07-13 03:00:00,0.0,0.0,0.0
2025-07-13 04:00:00,0.0,0.0,0.0
2025-07-13 05:00:00,0.0,0.0,0.0
2025-07-13 06:00:00,0.0,0.0,0.0
2025-07-13 07:00:00,2.281,1.866,0.0
2025-07-13 08:00:00,5.511,4.509,0.0
2025-07-13 09:00:00,7.693,6.295,0.0
2025-07-13 10:00:00,6.958,5.693,1.863
2025-07-13 11:00:00,12.523,10.246,5.233
2025-07-13 12:00:00,8.286,6.779,4.241
2025-07-13 13:00:00,11.483,9.395,4.061
2025-07-13 14:00:00,8.15,6.668,3.151
2025-07-13 15:00:00,5.988,4.899,1.446
2025-07-13 16:00:00,5.357,4.383,0.0
2025-07-13 17:00:00,2.949,2.413,0.0
2025-07-13 18:00:00,0.0,0.0,-2.48
2025-07-13 19:00:00,0.0,0.0,-0.984
2025-07-13 20:00:00,0.0,0.0,-0.459
2025-07-13 21:00:00,0.0,0.0,-0.254
2025-07-13 22:00:00,0.0,0.0,-4.71
2025-07-13 23:00:00,0.0,0.0,0.0
2025-07-14 00:00:00,0.0,0.0,0.0
2025-07-14 01:00:00,0.0,0.0,0.0
2025-07-14 02:00:00,0.0,0.0,0.0
2025-07-14 03:00:00,0.0,0.0,0.0
2025-07-14 04:00:00,0.0,0.0,0.0
2025-07-14 05:00:00,0.0,0.0,0.0
2025-07-14 06:00:00,0.0,0.0,0.0
2025-07-14 07:00:00,2.418,1.979,0.0
2025-07-14 08:00:00,5.84,4.778,0.0
2025-07-14 09:00:00,6.918,5.66,0.0
2025-07-14 10:00:00,9.658,7.902,2.578
2025-07-14 11:00:00,12.303,10.066,0.813
2025-07-14 12:00:00,10.752,8.797,0.618
2025-07-14 13:00:00,11.449,9.367,5.495
2025-07-14 14:00:00,10.891,8.911,4.64
2025-07-14 15:00:00,7.467,6.109,3.697
2025-07-14 16:00:00,6.308,5.161,0.0
2025-07-14 17:00:00,3.405,2.786,0.0
2025-07-14 18:00:00,0.0,0.0,-1.481
2025-07-14 19:00:00,0.0,0.0,-0.035
2025-07-14 20:00:00,0.0,0.0,-2.103
2025-07-14 21:00:00,0.0,0.0,-0.72
2025-07-14 22:00:00,0.0,0.0,-4.891
2025-07-14 23:00:00,0.0,0.0,0.0
2025-07-15 00:00:00,0.0,0.0,0.0
2025-07-15 01:00:00,0.0,0.0,0.0
2025-07-15 02:00:00,0.0,0.0,0.0
2025-07-15 03:00:00,0.0,0.0,0.0
2025-07-15 04:00:00,0.0,0.0,0.0
2025-07-15 05:00:00,0.0,0.0,0.0
2025-07-15 06:00:00,0.0,0.0,0.0
2025-07-15 07:00:00,2.192,1.793,0.0
2025-07-15 08:00:00,6.01,4.917,0.0
2025-07-15 09:00:00,8.095,6.623,0.0
2025-07-15 10:00:00,7.1,5.809,5.459
2025-07-15 11:00:00,8.04,6.579,3.062
2025-07-15 12:00:00,8.856,7.246,2.741
2025-07-15 13:00:00,10.774,8.815,4.754
2025-07-15 14:00:00,9.624,7.874,0.122
2025-07-15 15:00:00,6.902,5.647,5.681
2025-07-15 16:00:00,4.012,3.283,0.0
2025-07-15 17:00:00,2.255,1.845,0.0
2025-07-15 18:00:00,0.0,0.0,-4.309
2025-07-15 19:00:00,0.0,0.0,-0.965
2025-07-15 20:00:00,0.0,0.0,-1.045
2025-07-15 21:00:00,0.0,0.0,-3.561
2025-07-15 22:00:00,0.0,0.0,-3.093
2025-07-15 23:00:00,0.0,0.0,0.0
2025-07-16 00:00:00,0.0,0.0,0.0
2025-07-16 01:00:00,0.0,0.0,0.0
2025-07-16 02:00:00,0.0,0.0,0.0
2025-07-16 03:00:00,0.0,0.0,0.0
2025-07-16 04:00:00,0.0,0.0,0.0
2025-07-16 05:00:00,0.0,0.0,0.0
2025-07-16 06:00:00,0.0,0.0,0.0
2025-07-16 07:00:00,2.204,1.803,0.0
2025-07-16 08:00:00,6.338,5.186,0.0
2025-07-16 09:00:00,8.051,6.587,0.0
2025-07-16 10:00:00,11.269,9.22,3.744
2025-07-16 11:00:00,8.955,7.327,1.278
2025-07-16 12:00:00,10.659,8.721,0.584
2025-07-16 13:00:00,11.356,9.291,5.355
2025-07-16 14:00:00,10.789,8.827,0.113
2025-07-16 15:00:00,8.124,6.647,0.505
2025-07-16 16:00:00,6.233,5.1,0.0
2025-07-16 17:00:00,3.179,2.601,0.0
2025-07-16 18:00:00,0.0,0.0,-4.853
2025-07-16 19:00:00,0.0,0.0,-4.349
2025-07-16 20:00:00,0.0,0.0,-4.458
2025-07-16 21:00:00,0.0,0.0,-3.7
2025-07-16 22:00:00,0.0,0.0,-4.13
2025-07-16 23:00:00,0.0,0.0,0.0
2025-07-17 00:00:00,0.0,0.0,0.0
2025-07-17 01:00:00,0.0,0.0,0.0
2025-07-17 02:00:00,0.0,0.0,0.0
2025-07-17 03:00:00,0.0,0.0,0.0
2025-07-17 04:00:00,0.0,0.0,0.0
2025-07-17 05:00:00,0.0,0.0,0.0
2025-07-17 06:00:00,0.0,0.0,0.0
2025-07-17 07:00:00,2.407,1.969,0.0
2025-07-17 08:00:00,4.202,3.438,0.0
2025-07-17 09:00:00,8.284,6.778,0.0
2025-07-17 10:00:00,7.619,6.233,2.302
2025-07-17 11:00:00,8.484,6.942,5.718
2025-07-17 12:00:00,9.894,8.095,3.129
2025-07-17 13:00:00,11.414,9.339,3.887
2025-07-17 14:00:00,9.697,7.934,1.796
2025-07-17 15:00:00,6.422,5.254,5.37
2025-07-17 16:00:00,4.903,4.011,0.0
2025-07-17 17:00:00,3.181,2.602,0.0
2025-07-17 18:00:00,0.0,0.0,-3.584
2025-07-17 19:00:00,0.0,0.0,-1.058
2025-07-17 20:00:00,0.0,0.0,-3.757
2025-07-17 21:00:00,0.0,0.0,-1.396
2025-07-17 22:00:00,0.0,0.0,-0.136
2025-07-17 23:00:00,0.0,0.0,0.0
2025-07-18 00:00:00,0.0,0.0,0.0
2025-07-18 01:00:00,0.0,0.0,0.0
2025-07-18 02:00:00,0.0,0.0,0.0
2025-07-18 03:00:00,0.0,0.0,0.0
2025-07-18 04:00:00,0.0,0.0,0.0
2025-07-18 05:00:00,0.0,0.0,0.0
2025-07-18 06:00:00,0.0,0.0,0.0
2025-07-18 07:00:00,2.289,1.873,0.0
2025-07-18 08:00:00,5.693,4.658,0.0
2025-07-18 09:00:00,8.162,6.678,0.0
2025-07-18 10:00:00,11.202,9.165,0.879
2025-07-18 11:00:00,11.726,9.594,4.56
2025-07-18 12:00:00,9.17,7.503,0.182
2025-07-18 13:00:00,9.813,8.029,0.53
2025-07-18 14:00:00,7.417,6.069,2.608
2025-07-18 15:00:00,8.262,6.76,5.284
2025-07-18 16:00:00,5.393,4.412,0.0
2025-07-18 17:00:00,2.579,2.11,0.0
2025-07-18 18:00:00,0.0,0.0,-2.506
2025-07-18 19:00:00,0.0,0.0,-2.161
2025-07-18 20:00:00,0.0,0.0,-2.29
2025-07-18 21:00:00,0.0,0.0,-4.426
2025-07-18 22:00:00,0.0,0.0,-2.86
2025-07-18 23:00:00,0.0,0.0,0.0
2025-07-19 00:00:00,0.0,0.0,0.0
2025-07-19 01:00:00,0.0,0.0,0.0
2025-07-19 02:00:00,0.0,0.0,0.0
2025-07-19 03:00:00,0.0,0.0,0.0
2025-07-19 04:00:00,0.0,0.0,0.0
2025-07-19 05:00:00,0.0,0.0,0.0
2025-07-19 06:00:00,0.0,0.0,0.0
2025-07-19 07:00:00,3.405,2.786,0.0
2025-07-19 08:00:00,3.973,3.251,0.0
2025-07-19 09:00:00,8.332,6.817,0.0
2025-07-19 10:00:00,8.56,7.004,3.942
2025-07-19 11:00:00,9.993,8.176,5.265
2025-07-19 12:00:00,11.282,9.23,4.238
2025-07-19 13:00:00,10.465,8.562,0.23
2025-07-19 14:00:00,10.891,8.911,1.199
2025-07-19 15:00:00,8.635,7.065,5.877
2025-07-19 16:00:00,5.641,4.615,0.0
2025-07-19 17:00:00,2.484,2.032,0.0
2025-07-19 18:00:00,0.0,0.0,-4.404
2025-07-19 19:00:00,0.0,0.0,-2.829
2025-07-19 20:00:00,0.0,0.0,-3.175
2025-07-19 21:00:00,0.0,0.0,-0.538
2025-07-19 22:00:00,0.0,0.0,-0.013
2025-07-19 23:00:00,0.0,0.0,0.0
2025-07-20 00:00:00,0.0,0.0,0.0
2025-07-20 01:00:00,0.0,0.0,0.0
2025-07-20 02:00:00,0.0,0.0,0.0
2025-07-20 03:00:00,0.0,0.0,0.0
2025-07-20 04:00:00,0.0,0.0,0.0
2025-07-20 05:00:00,0.0,0.0,0.0
2025-07-20 06:00:00,0.0,0.0,0.0
2025-07-20 07:00:00,2.744,2.245,0.0
2025-07-20 08:00:00,5.502,4.501,0.0
2025-07-20 09:00:00,6.33,5.179,0.0
2025-07-20 10:00:00,7.205,5.895,4.084
2025-07-20 11:00:00,9.387,7.68,1.198
2025-07-20 12:00:00,8.116,6.641,0.988
2025-07-20 13:00:00,8.943,7.317,3.397
2025-07-20 14:00:00,11.264,9.216,4.938
2025-07-20 15:00:00,6.027,4.931,1.092
2025-07-20 16:00:00,4.917,4.023,0.0
2025-07-20 17:00:00,3.05,2.495,0.0
2025-07-20 18:00:00,0.0,0.0,-0.843
2025-07-20 19:00:00,0.0,0.0,-0.448
2025-07-20 20:00:00,0.0,0.0,-1.244
2025-07-20 21:00:00,0.0,0.0,-0.642
2025-07-20 22:00:00,0.0,0.0,-2.568
2025-07-20 23:00:00,0.0,0.0,0.0
2025-07-21 00:00:00,0.0,0.0,0.0
2025-07-21 01:00:00,0.0,0.0,0.0
2025-07-21 02:00:00,0.0,0.0,0.0
2025-07-21 03:00:00,0.0,0.0,0.0
2025-07-21 04:00:00,0.0,0.0,0.0
2025-07-21 05:00:00,0.0,0.0,0.0
2025-07-21 06:00:00,0.0,0.0,0.0
2025-07-21 07:00:00,2.315,1.894,0.0
2025-07-21 08:00:00,6.434,5.264,0.0
2025-07-21 09:00:00,5.987,4.899,0.0
2025-07-21 10:00:00,10.332,8.454,3.145
2025-07-21 11:00:00,9.238,7.559,0.765
2025-07-21 12:00:00,9.396,7.688,2.302
2025-07-21 13:00:00,9.854,8.063,2.874
2025-07-21 14:00:00,11.372,9.305,1.877
2025-07-21 15:00:00,9.202,7.529,0.356
2025-07-21 16:00:00,6.258,5.12,0.0
2025-07-21 17:00:00,2.703,2.211,0.0
2025-07-21 18:00:00,0.0,0.0,-1.028
2025-07-21 19:00:00,0.0,0.0,-3.091
2025-07-21 20:00:00,0.0,0.0,-2.047
2025-07-21 21:00:00,0.0,0.0,-2.929
2025-07-21 22:00:00,0.0,0.0,-3.115
2025-07-21 23:00:00,0.0,0.0,0.0
2025-07-22 00:00:00,0.0,0.0,0.0
2025-07-22 01:00:00,0.0,0.0,0.0
2025-07-22 02:00:00,0.0,0.0,0.0
2025-07-22 03:00:00,0.0,0.0,0.0
2025-07-22 04:00:00,0.0,0.0,0.0
2025-07-22 05:00:00,0.0,0.0,0.0
2025-07-22 06:00:00,0.0,0.0,0.0
2025-07-22 07:00:00,2.952,2.416,0.0
2025-07-22 08:00:00,6.279,5.137,0.0
2025-07-22 09:00:00,6.713,5.492,0.0
2025-07-22 10:00:00,10.83,8.861,1.914
2025-07-22 11:00:00,8.707,7.124,5.696
2025-07-22 12:00:00,12.625,10.33,0.657
2025-07-22 13:00:00,8.644,7.072,1.979
2025-07-22 14:00:00,11.276,9.226,5.017
2025-07-22 15:00:00,7.151,5.851,2.057
2025-07-22 16:00:00,5.243,4.29,0.0
2025-07-22 17:00:00,2.873,2.35,0.0
2025-07-22 18:00:00,0.0,0.0,-3.837
2025-07-22 19:00:00,0.0,0.0,-1.329
2025-07-22 20:00:00,0.0,0.0,-4.044
2025-07-22 21:00:00,0.0,0.0,-1.105
2025-07-22 22:00:00,0.0,0.0,-3.379
2025-07-22 23:00:00,0.0,0.0,0.0
2025-07-23 00:00:00,0.0,0.0,0.0
2025-07-23 01:00:00,0.0,0.0,0.0
2025-07-23 02:00:00,0.0,0.0,0.0
2025-07-23 03:00:00,0.0,0.0,0.0
2025-07-23 04:00:00,0.0,0.0,0.0
2025-07-23 05:00:00,0.0,0.0,0.0
2025-07-23 06:00:00,0.0,0.0,0.0
2025-07-23 07:00:00,2.752,2.252,0.0
2025-07-23 08:00:00,6.209,5.08,0.0
2025-07-23 09:00:00,7.242,5.925,0.0
2025-07-23 10:00:00,9.48,7.756,0.097
2025-07-23 11:00:00,10.048,8.221,3.263
2025-07-23 12:00:00,11.152,9.125,4.355
2025-07-23 13:00:00,12.138,9.931,3.054
2025-07-23 14:00:00,8.337,6.821,0.109
2025-07-23 15:00:00,7.421,6.071,1.323
2025-07-23 16:00:00,5.485,4.488,0.0
2025-07-23 17:00:00,2.578,2.109,0.0
2025-07-23 18:00:00,0.0,0.0,-0.106
2025-07-23 19:00:00,0.0,0.0,-2.047
2025-07-23 20:00:00,0.0,0.0,-2.661
2025-07-23 21:00:00,0.0,0.0,-0.127
2025-07-23 22:00:00,0.0,0.0,-3.818
2025-07-23 23:00:00,0.0,0.0,0.0
2025-07-24 00:00:00,0.0,0.0,0.0
2025-07-24 01:00:00,0.0,0.0,0.0
2025-07-24 02:00:00,0.0,0.0,0.0
2025-07-24 03:00:00,0.0,0.0,0.0
2025-07-24 04:00:00,0.0,0.0,0.0
2025-07-24 05:00:00,0.0,0.0,0.0
2025-07-24 06:00:00,0.0,0.0,0.0
2025-07-24 07:00:00,2.457,2.01,0.0
2025-07-24 08:00:00,5.062,4.142,0.0
2025-07-24 09:00:00,8.801,7.201,0.0
2025-07-24 10:00:00,9.505,7.777,5.918
2025-07-24 11:00:00,8.091,6.62,4.118
2025-07-24 12:00:00,12.607,10.315,2.643
2025-07-24 13:00:00,8.621,7.054,1.508
2025-07-24 14:00:00,9.074,7.424,0.277
2025-07-24 15:00:00,7.503,6.139,3.917
2025-07-24 16:00:00,5.303,4.339,0.0
2025-07-24 17:00:00,2.277,1.863,0.0
2025-07-24 18:00:00,0.0,0.0,-1.437
2025-07-24 19:00:00,0.0,0.0,-3.182
2025-07-24 20:00:00,0.0,0.0,-2.531
2025-07-24 21:00:00,0.0,0.0,-2.769
2025-07-24 22:00:00,0.0,0.0,-3.9
2025-07-24 23:00:00,0.0,0.0,0.0
2025-07-25 00:00:00,0.0,0.0,0.0
2025-07-25 01:00:00,0.0,0.0,0.0
2025-07-25 02:00:00,0.0,0.0,0.0
2025-07-25 03:00:00,0.0,0.0,0.0
2025-07-25 04:00:00,0.0,0.0,0.0
2025-07-25 05:00:00,0.0,0.0,0.0
2025-07-25 06:00:00,0.0,0.0,0.0
2025-07-25 07:00:00,2.375,1.943,0.0
2025-07-25 08:00:00,5.122,4.191,0.0
2025-07-25 09:00:00,5.887,4.817,0.0
2025-07-25 10:00:00,11.298,9.244,3.108
2025-07-25 11:00:00,9.716,7.95,5.778
2025-07-25 12:00:00,10.978,8.982,1.865
2025-07-25 13:00:00,11.624,9.511,4.729
2025-07-25 14:00:00,9.705,7.94,1.347
2025-07-25 15:00:00,6.014,4.921,0.024
2025-07-25 16:00:00,4.975,4.07,0.0
2025-07-25 17:00:00,2.779,2.274,0.0
2025-07-25 18:00:00,0.0,0.0,-0.269
2025-07-25 19:00:00,0.0,0.0,-3.24
2025-07-25 20:00:00,0.0,0.0,-1.251
2025-07-25 21:00:00,0.0,0.0,-0.37
2025-07-25 22:00:00,0.0,0.0,-0.742
2025-07-25 23:00:00,0.0,0.0,0.0
2025-07-26 00:00:00,0.0,0.0,0.0
2025-07-26 01:00:00,0.0,0.0,0.0
2025-07-26 02:00:00,0.0,0.0,0.0
2025-07-26 03:00:00,0.0,0.0,0.0
2025-07-26 04:00:00,0.0,0.0,0.0
2025-07-26 05:00:00,0.0,0.0,0.0
2025-07-26 06:00:00,0.0,0.0,0.0
2025-07-26 07:00:00,2.186,1.789,0.0
2025-07-26 08:00:00,4.885,3.997,0.0
2025-07-26 09:00:00,6.583,5.386,0.0
2025-07-26 10:00:00,8.638,7.067,0.345
2025-07-26 11:00:00,10.693,8.749,5.556
2025-07-26 12:00:00,11.736,9.602,4.699
2025-07-26 13:00:00,9.266,7.581,1.904
2025-07-26 14:00:00,8.073,6.605,2.761
2025-07-26 15:00:00,8.777,7.181,0.88
2025-07-26 16:00:00,6.511,5.327,0.0
2025-07-26 17:00:00,3.251,2.66,0.0
2025-07-26 18:00:00,0.0,0.0,-3.525
2025-07-26 19:00:00,0.0,0.0,-2.552
2025-07-26 20:00:00,0.0,0.0,-0.718
2025-07-26 21:00:00,0.0,0.0,-2.917
2025-07-26 22:00:00,0.0,0.0,-3.373
2025-07-26 23:00:00,0.0,0.0,0.0
2025-07-27 00:00:00,0.0,0.0,0.0
2025-07-27 01:00:00,0.0,0.0,0.0
2025-07-27 02:00:00,0.0,0.0,0.0
2025-07-27 03:00:00,0.0,0.0,0.0
2025-07-27 04:00:00,0.0,0.0,0.0
2025-07-27 05:00:00,0.0,0.0,0.0
2025-07-27 06:00:00,0.0,0.0,0.0
2025-07-27 07:00:00,2.937,2.403,0.0
2025-07-27 08:00:00,5.96,4.877,0.0
2025-07-27 09:00:00,8.528,6.977,0.0
2025-07-27 10:00:00,8.402,6.874,4.711
2025-07-27 11:00:00,9.805,8.022,1.194
2025-07-27 12:00:00,11.29,9.237,1.871
2025-07-27 13:00:00,11.044,9.036,1.981
2025-07-27 14:00:00,10.722,8.773,2.992
2025-07-27 15:00:00,9.123,7.464,3.43
2025-07-27 16:00:00,6.452,5.279,0.0
2025-07-27 17:00:00,3.263,2.67,0.0
2025-07-27 18:00:00,0.0,0.0,-1.31
2025-07-27 19:00:00,0.0,0.0,-3.034
2025-07-27 20:00:00,0.0,0.0,-2.483
2025-07-27 21:00:00,0.0,0.0,-4.364
2025-07-27 22:00:00,0.0,0.0,-4.948
2025-07-27 23:00:00,0.0,0.0,0.0
2025-07-28 00:00:00,0.0,0.0,0.0
2025-07-28 01:00:00,0.0,0.0,0.0
2025-07-28 02:00:00,0.0,0.0,0.0
2025-07-28 03:00:00,0.0,0.0,0.0
2025-07-28 04:00:00,0.0,0.0,0.0
2025-07-28 05:00:00,0.0,0.0,0.0
2025-07-28 06:00:00,0.0,0.0,0.0
2025-07-28 07:00:00,3.418,2.796,0.0
2025-07-28 08:00:00,5.902,4.829,0.0
2025-07-28 09:00:00,8.191,6.702,0.0
2025-07-28 10:00:00,11.163,9.133,3.606
2025-07-28 11:00:00,9.294,7.604,0.818
2025-07-28 12:00:00,8.917,7.296,3.203
2025-07-28 13:00:00,9.11,7.453,0.456
2025-07-28 14:00:00,8.742,7.153,3.283
2025-07-28 15:00:00,6.234,5.1,5.245
2025-07-28 16:00:00,5.436,4.447,0.0
2025-07-28 17:00:00,3.357,2.747,0.0
2025-07-28 18:00:00,0.0,0.0,-2.213
2025-07-28 19:00:00,0.0,0.0,-3.469
2025-07-28 20:00:00,0.0,0.0,-4.605
2025-07-28 21:00:00,0.0,0.0,-1.501
2025-07-28 22:00:00,0.0,0.0,-1.775
2025-07-28 23:00:00,0.0,0.0,0.0
2025-07-29 00:00:00,0.0,0.0,0.0
2025-07-29 01:00:00,0.0,0.0,0.0
2025-07-29 02:00:00,0.0,0.0,0.0
2025-07-29 03:00:00,0.0,0.0,0.0
2025-07-29 04:00:00,0.0,0.0,0.0
2025-07-29 05:00:00,0.0,0.0,0.0
2025-07-29 06:00:00,0.0,0.0,0.0
2025-07-29 07:00:00,2.565,2.099,0.0
2025-07-29 08:00:00,5.201,4.256,0.0
2025-07-29 09:00:00,6.073,4.969,0.0
2025-07-29 10:00:00,11.159,9.13,5.609
2025-07-29 11:00:00,8.022,6.563,0.86
2025-07-29 12:00:00,10.531,8.617,3.651
2025-07-29 13:00:00,8.719,7.134,4.518
2025-07-29 14:00:00,10.418,8.524,0.004
2025-07-29 15:00:00,5.916,4.84,0.882
2025-07-29 16:00:00,4.23,3.461,0.0
2025-07-29 17:00:00,2.826,2.313,0.0
2025-07-29 18:00:00,0.0,0.0,-3.883
2025-07-29 19:00:00,0.0,0.0,-3.731
2025-07-29 20:00:00,0.0,0.0,-4.064
2025-07-29 21:00:00,0.0,0.0,-2.496
2025-07-29 22:00:00,0.0,0.0,-0.979
2025-07-29 23:00:00,0.0,0.0,0.0
2025-07-30 00:00:00,0.0,0.0,0.0
2025-07-30 01:00:00,0.0,0.0,0.0
2025-07-30 02:00:00,0.0,0.0,0.0
2025-07-30 03:00:00,0.0,0.0,0.0
2025-07-30 04:00:00,0.0,0.0,0.0
2025-07-30 05:00:00,0.0,0.0,0.0
2025-07-30 06:00:00,0.0,0.0,0.0
2025-07-30 07:00:00,2.87,2.349,0.0
2025-07-30 08:00:00,4.743,3.881,0.0
2025-07-30 09:00:00,7.07,5.784,0.0
2025-07-30 10:00:00,10.765,8.807,4.753
2025-07-30 11:00:00,8.013,6.556,0.0
2025-07-30 12:00:00,11.875,9.716,5.761
2025-07-30 13:00:00,9.049,7.404,5.08
2025-07-30 14:00:00,10.125,8.284,0.196
2025-07-30 15:00:00,6.799,5.563,5.375
2025-07-30 16:00:00,6.438,5.267,0.0
2025-07-30 17:00:00,2.319,1.897,0.0
2025-07-30 18:00:00,0.0,0.0,-0.184
2025-07-30 19:00:00,0.0,0.0,-1.432
2025-07-30 20:00:00,0.0,0.0,-1.05
2025-07-30 21:00:00,0.0,0.0,-3.72
2025-07-30 22:00:00,0.0,0.0,-3.921
2025-07-30 23:00:00,0.0,0.0,0.0
2025-07-31 00:00:00,0.0,0.0,0.0
2025-07-31 01:00:00,0.0,0.0,0.0
2025-07-31 02:00:00,0.0,0.0,0.0
2025-07-31 03:00:00,0.0,0.0,0.0
2025-07-31 04:00:00,0.0,0.0,0.0
2025-07-31 05:00:00,0.0,0.0,0.0
2025-07-31 06:00:00,0.0,0.0,0.0
2025-07-31 07:00:00,3.047,2.493,0.0
2025-07-31 08:00:00,5.213,4.265,0.0
2025-07-31 09:00:00,5.762,4.714,0.0
2025-07-31 10:00:00,10.201,8.347,5.32
2025-07-31 11:00:00,9.238,7.559,4.762
2025-07-31 12:00:00,13.302,10.884,2.837
2025-07-31 13:00:00,12.196,9.979,4.273
2025-07-31 14:00:00,9.663,7.906,1.614
2025-07-31 15:00:00,7.727,6.322,4.838
2025-07-31 16:00:00,6.474,5.297,0.0
2025-07-31 17:00:00,2.996,2.452,0.0
2025-07-31 18:00:00,0.0,0.0,-3.254
2025-07-31 19:00:00,0.0,0.0,-2.206
2025-07-31 20:00:00,0.0,0.0,-3.355
2025-07-31 21:00:00,0.0,0.0,-3.185
2025-07-31 22:00:00,0.0,0.0,-1.578
2025-07-31 23:00:00,0.0,0.0,0.0
2025-08-01 00:00:00,0.0,0.0,0.0
2025-08-01 01:00:00,0.0,0.0,0.0
2025-08-01 02:00:00,0.0,0.0,0.0
2025-08-01 03:00:00,0.0,0.0,0.0
2025-08-01 04:00:00,0.0,0.0,0.0
2025-08-01 05:00:00,0.0,0.0,0.0
2025-08-01 06:00:00,0.0,0.0,0.0
2025-08-01 07:00:00,3.21,2.627,0.0
2025-08-01 08:00:00,6.363,5.206,0.0
2025-08-01 09:00:00,6.156,5.037,0.0
2025-08-01 10:00:00,9.361,7.659,1.64
2025-08-01 11:00:00,11.812,9.664,1.775
2025-08-01 12:00:00,9.114,7.457,0.183
2025-08-01 13:00:00,11.556,9.455,3.679
2025-08-01 14:00:00,7.401,6.055,0.545
2025-08-01 15:00:00,6.645,5.437,2.895
2025-08-01 16:00:00,5.803,4.748,0.0
2025-08-01 17:00:00,2.954,2.417,0.0
2025-08-01 18:00:00,0.0,0.0,-0.226
2025-08-01 19:00:00,0.0,0.0,-3.95
2025-08-01 20:00:00,0.0,0.0,-2.453
2025-08-01 21:00:00,0.0,0.0,-0.1
2025-08-01 22:00:00,0.0,0.0,-1.589
2025-08-01 23:00:00,0.0,0.0,0.0
2025-08-02 00:00:00,0.0,0.0,0.0
2025-08-02 01:00:00,0.0,0.0,0.0
2025-08-02 02:00:00,0.0,0.0,0.0
2025-08-02 03:00:00,0.0,0.0,0.0
2025-08-02 04:00:00,0.0,0.0,0.0
2025-08-02 05:00:00,0.0,0.0,0.0
2025-08-02 06:00:00,0.0,0.0,0.0
2025-08-02 07:00:00,2.812,2.301,0.0
2025-08-02 08:00:00,4.265,3.49,0.0
2025-08-02 09:00:00,6.402,5.238,0.0
2025-08-02 10:00:00,11.535,9.438,0.217
2025-08-02 11:00:00,8.331,6.817,5.617
2025-08-02 12:00:00,12.312,10.073,0.91
2025-08-02 13:00:00,10.823,8.855,4.397
2025-08-02 14:00:00,7.008,5.734,5.543
2025-08-02 15:00:00,6.11,4.999,1.433
2025-08-02 16:00:00,4.43,3.624,0.0
2025-08-02 17:00:00,2.968,2.428,0.0
2025-08-02 18:00:00,0.0,0.0,-3.336
2025-08-02 19:00:00,0.0,0.0,-1.241
2025-08-02 20:00:00,0.0,0.0,-2.026
2025-08-02 21:00:00,0.0,0.0,-2.46
2025-08-02 22:00:00,0.0,0.0,-3.864
2025-08-02 23:00:00,0.0,0.0,0.0
2025-08-03 00:00:00,0.0,0.0,0.0
2025-08-03 01:00:00,0.0,0.0,0.0
2025-08-03 02:00:00,0.0,0.0,0.0
2025-08-03 03:00:00,0.0,0.0,0.0
2025-08-03 04:00:00,0.0,0.0,0.0
2025-08-03 05:00:00,0.0,0.0,0.0
2025-08-03 06:00:00,0.0,0.0,0.0
2025-08-03 07:00:00,2.704,2.212,0.0
2025-08-03 08:00:00,4.221,3.453,0.0
2025-08-03 09:00:00,7.509,6.143,0.0
2025-08-03 10:00:00,7.012,5.737,0.267
2025-08-03 11:00:00,9.378,7.673,5.081
2025-08-03 12:00:00,9.013,7.374,3.381
2025-08-03 13:00:00,10.318,8.442,1.868
2025-08-03 14:00:00,8.613,7.047,4.719
2025-08-03 15:00:00,7.385,6.042,4.793
2025-08-03 16:00:00,4.955,4.054,0.0
2025-08-03 17:00:00,2.809,2.299,0.0
2025-08-03 18:00:00,0.0,0.0,-3.19
2025-08-03 19:00:00,0.0,0.0,-2.917
2025-08-03 20:00:00,0.0,0.0,-3.547
2025-08-03 21:00:00,0.0,0.0,-1.623
2025-08-03 22:00:00,0.0,0.0,-3.584
2025-08-03 23:00:00,0.0,0.0,0.0
2025-08-04 00:00:00,0.0,0.0,0.0
2025-08-04 01:00:00,0.0,0.0,0.0
2025-08-04 02:00:00,0.0,0.0,0.0
2025-08-04 03:00:00,0.0,0.0,0.0
2025-08-04 04:00:00,0.0,0.0,0.0
2025-08-04 05:00:00,0.0,0.0,0.0
2025-08-04 06:00:00,0.0,0.0,0.0
2025-08-04 07:00:00,3.458,2.829,0.0
2025-08-04 08:00:00,4.863,3.978,0.0
2025-08-04 09:00:00,9.001,7.364,0.0
2025-08-04 10:00:00,9.009,7.371,2.924
2025-08-04 11:00:00,11.538,9.44,3.065
2025-08-04 12:00:00,8.713,7.129,2.365
2025-08-04 13:00:00,12.575,10.289,4.158
2025-08-04 14:00:00,8.717,7.132,4.1
2025-08-04 15:00:00,6.795,5.56,2.657
2025-08-04 16:00:00,4.687,3.835,0.0
2025-08-04 17:00:00,2.585,2.115,0.0
2025-08-04 18:00:00,0.0,0.0,-0.434
2025-08-04 19:00:00,0.0,0.0,-1.517
2025-08-04 20:00:00,0.0,0.0,-1.199
2025-08-04 21:00:00,0.0,0.0,-0.58
2025-08-04 22:00:00,0.0,0.0,-0.127
2025-08-04 23:00:00,0.0,0.0,0.0
2025-08-05 00:00:00,0.0,0.0,0.0
2025-08-05 01:00:00,0.0,0.0,0.0
2025-08-05 02:00:00,0.0,0.0,0.0
2025-08-05 03:00:00,0.0,0.0,0.0
2025-08-05 04:00:00,0.0,0.0,0.0
2025-08-05 05:00:00,0.0,0.0,0.0
2025-08-05 06:00:00,0.0,0.0,0.0
2025-08-05 07:00:00,2.134,1.746,0.0
2025-08-05 08:00:00,4.406,3.605,0.0
2025-08-05 09:00:00,7.058,5.775,0.0
2025-08-05 10:00:00,9.561,7.823,1.285
2025-08-05 11:00:00,9.61,7.863,5.879
2025-08-05 12:00:00,9.162,7.496,2.141
2025-08-05 13:00:00,8.896,7.278,1.618
2025-08-05 14:00:00,8.882,7.267,3.845
2025-08-05 15:00:00,8.694,7.113,0.64
2025-08-05 16:00:00,4.43,3.625,0.0
2025-08-05 17:00:00,3.057,2.501,0.0
2025-08-05 18:00:00,0.0,0.0,-0.25
2025-08-05 19:00:00,0.0,0.0,-4.668
2025-08-05 20:00:00,0.0,0.0,-4.455
2025-08-05 21:00:00,0.0,0.0,-1.117
2025-08-05 22:00:00,0.0,0.0,-2.257
2025-08-05 23:00:00,0.0,0.0,0.0
2025-08-06 00:00:00,0.0,0.0,0.0
2025-08-06 01:00:00,0.0,0.0,0.0
2025-08-06 02:00:00,0.0,0.0,0.0
2025-08-06 03:00:00,0.0,0.0,0.0
2025-08-06 04:00:00,0.0,0.0,0.0
2025-08-06 05:00:00,0.0,0.0,0.0
2025-08-06 06:00:00,0.0,0.0,0.0
2025-08-06 07:00:00,2.222,1.818,0.0
2025-08-06 08:00:00,4.559,3.73,0.0
2025-08-06 09:00:00,8.677,7.099,0.0
2025-08-06 10:00:00,7.795,6.378,2.453
2025-08-06 11:00:00,9.121,7.462,4.357
2025-08-06 12:00:00,11.733,9.6,0.768
2025-08-06 13:00:00,11.082,9.067,3.775
2025-08-06 14:00:00,7.699,6.299,5.478
2025-08-06 15:00:00,8.516,6.967,1.231
2025-08-06 16:00:00,5.602,4.583,0.0
2025-08-06 17:00:00,3.207,2.624,0.0
2025-08-06 18:00:00,0.0,0.0,-4.805
2025-08-06 19:00:00,0.0,0.0,-1.92
2025-08-06 20:00:00,0.0,0.0,-1.542
2025-08-06 21:00:00,0.0,0.0,-4.806
2025-08-06 22:00:00,0.0,0.0,-2.579
2025-08-06 23:00:00,0.0,0.0,0.0
2025-08-07 00:00:00,0.0,0.0,0.0
2025-08-07 01:00:00,0.0,0.0,0.0
2025-08-07 02:00:00,0.0,0.0,0.0
2025-08-07 03:00:00,0.0,0.0,0.0
2025-08-07 04:00:00,0.0,0.0,0.0
2025-08-07 05:00:00,0.0,0.0,0.0
2025-08-07 06:00:00,0.0,0.0,0.0
2025-08-07 07:00:00,3.279,2.682,0.0
2025-08-07 08:00:00,5.653,4.625,0.0
2025-08-07 09:00:00,9.089,7.436,0.0
2025-08-07 10:00:00,7.894,6.458,1.187
2025-08-07 11:00:00,12.617,10.323,1.159
2025-08-07 12:00:00,9.204,7.53,2.602
2025-08-07 13:00:00,10.267,8.401,3.466
2025-08-07 14:00:00,11.082,9.067,2.063
2025-08-07 15:00:00,7.743,6.335,2.074
2025-08-07 16:00:00,6.689,5.473,0.0
2025-08-07 17:00:00,3.361,2.75,0.0
2025-08-07 18:00:00,0.0,0.0,-4.939
2025-08-07 19:00:00,0.0,0.0,-3.327
2025-08-07 20:00:00,0.0,0.0,-4.83
2025-08-07 21:00:00,0.0,0.0,-1.478
2025-08-07 22:00:00,0.0,0.0,-4.711
2025-08-07 23:00:00,0.0,0.0,0.0
2025-08-08 00:00:00,0.0,0.0,0.0
2025-08-08 01:00:00,0.0,0.0,0.0
2025-08-08 02:00:00,0.0,0.0,0.0
2025-08-08 03:00:00,0.0,0.0,0.0
2025-08-08 04:00:00,0.0,0.0,0.0
2025-08-08 05:00:00,0.0,0.0,0.0
2025-08-08 06:00:00,0.0,0.0,0.0
2025-08-08 07:00:00,3.365,2.753,0.0
2025-08-08 08:00:00,5.198,4.253,0.0
2025-08-08 09:00:00,8.679,7.101,0.0
2025-08-08 10:00:00,7.955,6.508,2.861
2025-08-08 11:00:00,9.183,7.513,1.919
2025-08-08 12:00:00,9.689,7.927,2.162
2025-08-08 13:00:00,8.064,6.598,4.193
2025-08-08 14:00:00,10.713,8.765,4.652
2025-08-08 15:00:00,6.36,5.204,4.438
2025-08-08 16:00:00,4.173,3.414,0.0
2025-08-08 17:00:00,2.397,1.961,0.0
2025-08-08 18:00:00,0.0,0.0,-3.703
2025-08-08 19:00:00,0.0,0.0,-4.531
2025-08-08 20:00:00,0.0,0.0,-0.115
2025-08-08 21:00:00,0.0,0.0,-2.107
2025-08-08 22:00:00,0.0,0.0,-4.325
2025-08-08 23:00:00,0.0,0.0,0.0
2025-08-09 00:00:00,0.0,0.0,0.0
2025-08-09 01:00:00,0.0,0.0,0.0
2025-08-09 02:00:00,0.0,0.0,0.0
2025-08-09 03:00:00,0.0,0.0,0.0
2025-08-09 04:00:00,0.0,0.0,0.0
2025-08-09 05:00:00,0.0,0.0,0.0
2025-08-09 06:00:00,0.0,0.0,0.0
2025-08-09 07:00:00,2.945,2.41,0.0
2025-08-09 08:00:00,4.742,3.879,0.0
2025-08-09 09:00:00,6.306,5.159,0.0
2025-08-09 10:00:00,9.966,8.154,2.933
2025-08-09 11:00:00,12.294,10.058,4.544
2025-08-09 12:00:00,12.103,9.903,2.118
2025-08-09 13:00:00,8.144,6.664,3.569
2025-08-09 14:00:00,11.309,9.252,4.665
2025-08-09 15:00:00,6.797,5.561,0.387
2025-08-09 16:00:00,4.118,3.369,0.0
2025-08-09 17:00:00,3.099,2.536,0.0
2025-08-09 18:00:00,0.0,0.0,-4.703
2025-08-09 19:00:00,0.0,0.0,-2.002
2025-08-09 20:00:00,0.0,0.0,-1.351
2025-08-09 21:00:00,0.0,0.0,-2.42
2025-08-09 22:00:00,0.0,0.0,-2.714
2025-08-09 23:00:00,0.0,0.0,0.0
2025-08-10 00:00:00,0.0,0.0,0.0
2025-08-10 01:00:00,0.0,0.0,0.0
2025-08-10 02:00:00,0.0,0.0,0.0
2025-08-10 03:00:00,0.0,0.0,0.0
2025-08-10 04:00:00,0.0,0.0,0.0
2025-08-10 05:00:00,0.0,0.0,0.0
2025-08-10 06:00:00,0.0,0.0,0.0
2025-08-10 07:00:00,2.722,2.227,0.0
2025-08-10 08:00:00,5.736,4.693,0.0
2025-08-10 09:00:00,8.677,7.1,0.0
2025-08-10 10:00:00,9.809,8.026,5.09
2025-08-10 11:00:00,10.597,8.67,0.673
2025-08-10 12:00:00,8.739,7.15,0.558
2025-08-10 13:00:00,8.465,6.926,0.218
2025-08-10 14:00:00,8.4,6.873,2.039
2025-08-10 15:00:00,7.783,6.368,2.957
2025-08-10 16:00:00,6.295,5.151,0.0
2025-08-10 17:00:00,3.107,2.542,0.0
2025-08-10 18:00:00,0.0,0.0,-2.702
2025-08-10 19:00:00,0.0,0.0,-3.934
2025-08-10 20:00:00,0.0,0.0,-4.063
2025-08-10 21:00:00,0.0,0.0,-2.362
2025-08-10 22:00:00,0.0,0.0,-1.971
2025-08-10 23:00:00,0.0,0.0,0.0
2025-08-11 00:00:00,0.0,0.0,0.0
2025-08-11 01:00:00,0.0,0.0,0.0
2025-08-11 02:00:00,0.0,0.0,0.0
2025-08-11 03:00:00,0.0,0.0,0.0
2025-08-11 04:00:00,0.0,0.0,0.0
2025-08-11 05:00:00,0.0,0.0,0.0
2025-08-11 06:00:00,0.0,0.0,0.0
2025-08-11 07:00:00,2.855,2.336,0.0
2025-08-11 08:00:00,6.702,5.483,0.0
2025-08-11 09:00:00,7.4,6.054,0.0
2025-08-11 10:00:00,10.3,8.428,2.882
2025-08-11 11:00:00,10.816,8.849,3.015
2025-08-11 12:00:00,11.796,9.652,2.042
2025-08-11 13:00:00,9.475,7.752,1.358
2025-08-11 14:00:00,11.521,9.426,1.47
2025-08-11 15:00:00,8.464,6.925,1.975
2025-08-11 16:00:00,6.53,5.343,0.0
2025-08-11 17:00:00,2.329,1.905,0.0
2025-08-11 18:00:00,0.0,0.0,-0.483
2025-08-11 19:00:00,0.0,0.0,-1.299
2025-08-11 20:00:00,0.0,0.0,-3.006
2025-08-11 21:00:00,0.0,0.0,-2.152
2025-08-11 22:00:00,0.0,0.0,-1.53
2025-08-11 23:00:00,0.0,0.0,0.0
2025-08-12 00:00:00,0.0,0.0,0.0
2025-08-12 01:00:00,0.0,0.0,0.0
2025-08-12 02:00:00,0.0,0.0,0.0
2025-08-12 03:00:00,0.0,0.0,0.0
2025-08-12 04:00:00,0.0,0.0,0.0
2025-08-12 05:00:00,0.0,0.0,0.0
2025-08-12 06:00:00,0.0,0.0,0.0
2025-08-12 07:00:00,3.104,2.54,0.0
2025-08-12 08:00:00,4.901,4.01,0.0
2025-08-12 09:00:00,9.226,7.548,0.0
2025-08-12 10:00:00,11.717,9.587,4.482
2025-08-12 11:00:00,11.969,9.792,2.693
2025-08-12 12:00:00,11.563,9.46,1.601
2025-08-12 13:00:00,12.392,10.139,2.999
2025-08-12 14:00:00,9.732,7.963,1.996
2025-08-12 15:00:00,5.863,4.797,2.329
2025-08-12 16:00:00,4.998,4.089,0.0
2025-08-12 17:00:00,2.788,2.281,0.0
2025-08-12 18:00:00,0.0,0.0,-3.453
2025-08-12 19:00:00,0.0,0.0,-2.041
2025-08-12 20:00:00,0.0,0.0,-1.782
2025-08-12 21:00:00,0.0,0.0,-2.175
2025-08-12 22:00:00,0.0,0.0,-0.534
2025-08-12 23:00:00,0.0,0.0,0.0
2025-08-13 00:00:00,0.0,0.0,0.0
2025-08-13 01:00:00,0.0,0.0,0.0
2025-08-13 02:00:00,0.0,0.0,0.0
2025-08-13 03:00:00,0.0,0.0,0.0
2025-08-13 04:00:00,0.0,0.0,0.0
2025-08-13 05:00:00,0.0,0.0,0.0
2025-08-13 06:00:00,0.0,0.0,0.0
2025-08-13 07:00:00,2.932,2.399,0.0
2025-08-13 08:00:00,5.902,4.829,0.0
2025-08-13 09:00:00,5.824,4.765,0.0
2025-08-13 10:00:00,9.123,7.464,0.988
2025-08-13 11:00:00,12.159,9.948,2.923
2025-08-13 12:00:00,11.558,9.457,3.667
2025-08-13 13:00:00,10.074,8.243,2.883
2025-08-13 14:00:00,8.956,7.328,5.065
2025-08-13 15:00:00,7.39,6.046,3.046
2025-08-13 16:00:00,4.935,4.038,0.0
2025-08-13 17:00:00,2.157,1.765,0.0
2025-08-13 18:00:00,0.0,0.0,-1.87
2025-08-13 19:00:00,0.0,0.0,-4.494
2025-08-13 20:00:00,0.0,0.0,-3.521
2025-08-13 21:00:00,0.0,0.0,-0.626
2025-08-13 22:00:00,0.0,0.0,-4.869
2025-08-13 23:00:00,0.0,0.0,0.0
2025-08-14 00:00:00,0.0,0.0,0.0
2025-08-14 01:00:00,0.0,0.0,0.0
2025-08-14 02:00:00,0.0,0.0,0.0
2025-08-14 03:00:00,0.0,0.0,0.0
2025-08-14 04:00:00,0.0,0.0,0.0
2025-08-14 05:00:00,0.0,0.0,0.0
2025-08-14 06:00:00,0.0,0.0,0.0
2025-08-14 07:00:00,2.734,2.237,0.0
2025-08-14 08:00:00,5.256,4.3,0.0
2025-08-14 09:00:00,8.66,7.086,0.0
2025-08-14 10:00:00,8.725,7.138,1.847
2025-08-14 11:00:00,8.726,7.139,3.137
2025-08-14 12:00:00,10.974,8.978,2.184
2025-08-14 13:00:00,12.433,10.173,0.852
2025-08-14 14:00:00,7.451,6.096,2.541
2025-08-14 15:00:00,9.356,7.655,4.984
2025-08-14 16:00:00,4.21,3.444,0.0
2025-08-14 17:00:00,2.39,1.955,0.0
2025-08-14 18:00:00,0.0,0.0,-3.973
2025-08-14 19:00:00,0.0,0.0,-2.151
2025-08-14 20:00:00,0.0,0.0,-4.954
2025-08-14 21:00:00,0.0,0.0,-1.939
2025-08-14 22:00:00,0.0,0.0,-2.833
2025-08-14 23:00:00,0.0,0.0,0.0
2025-08-15 00:00:00,0.0,0.0,0.0
2025-08-15 01:00:00,0.0,0.0,0.0
2025-08-15 02:00:00,0.0,0.0,0.0
2025-08-15 03:00:00,0.0,0.0,0.0
2025-08-15 04:00:00,0.0,0.0,0.0
2025-08-15 05:00:00,0.0,0.0,0.0
2025-08-15 06:00:00,0.0,0.0,0.0
2025-08-15 07:00:00,2.89,2.365,0.0
2025-08-15 08:00:00,4.204,3.44,0.0
2025-08-15 09:00:00,6.808,5.57,0.0
2025-08-15 10:00:00,9.72,7.953,2.454
2025-08-15 11:00:00,9.492,7.766,4.128
2025-08-15 12:00:00,8.544,6.991,4.364
2025-08-15 13:00:00,8.801,7.201,0.079
2025-08-15 14:00:00,9.283,7.595,1.595
2025-08-15 15:00:00,9.682,7.921,2.087
2025-08-15 16:00:00,5.82,4.762,0.0
2025-08-15 17:00:00,3.552,2.906,0.0
2025-08-15 18:00:00,0.0,0.0,-1.773
2025-08-15 19:00:00,0.0,0.0,-0.71
2025-08-15 20:00:00,0.0,0.0,-4.086
2025-08-15 21:00:00,0.0,0.0,-3.936
2025-08-15 22:00:00,0.0,0.0,-1.724
2025-08-15 23:00:00,0.0,0.0,0.0
2025-08-16 00:00:00,0.0,0.0,0.0
2025-08-16 01:00:00,0.0,0.0,0.0
2025-08-16 02:00:00,0.0,0.0,0.0
2025-08-16 03:00:00,0.0,0.0,0.0
2025-08-16 04:00:00,0.0,0.0,0.0
2025-08-16 05:00:00,0.0,0.0,0.0
2025-08-16 06:00:00,0.0,0.0,0.0
2025-08-16 07:00:00,2.929,2.396,0.0
2025-08-16 08:00:00,5.985,4.897,0.0
2025-08-16 09:00:00,6.934,5.673,0.0
2025-08-16 10:00:00,7.431,6.08,3.94
2025-08-16 11:00:00,10.239,8.377,1.155
2025-08-16 12:00:00,12.629,10.332,3.134
2025-08-16 13:00:00,12.5,10.227,0.046
2025-08-16 14:00:00,11.299,9.245,2.218
2025-08-16 15:00:00,9.377,7.672,0.796
2025-08-16 16:00:00,4.792,3.92,0.0
2025-08-16 17:00:00,2.797,2.288,0.0
2025-08-16 18:00:00,0.0,0.0,-2.985
2025-08-16 19:00:00,0.0,0.0,-0.027
2025-08-16 20:00:00,0.0,0.0,-2.687
2025-08-16 21:00:00,0.0,0.0,-0.007
2025-08-16 22:00:00,0.0,0.0,-3.46
2025-08-16 23:00:00,0.0,0.0,0.0
2025-08-17 00:00:00,0.0,0.0,0.0
2025-08-17 01:00:00,0.0,0.0,0.0
2025-08-17 02:00:00,0.0,0.0,0.0
2025-08-17 03:00:00,0.0,0.0,0.0
2025-08-17 04:00:00,0.0,0.0,0.0
2025-08-17 05:00:00,0.0,0.0,0.0
2025-08-17 06:00:00,0.0,0.0,0.0
2025-08-17 07:00:00,2.357,1.928,0.0
2025-08-17 08:00:00,5.479,4.483,0.0
2025-08-17 09:00:00,8.664,7.088,0.0
2025-08-17 10:00:00,9.246,7.565,0.238
2025-08-17 11:00:00,9.596,7.851,3.732
2025-08-17 12:00:00,11.521,9.426,4.987
2025-08-17 13:00:00,10.842,8.871,5.521
2025-08-17 14:00:00,9.977,8.163,5.562
2025-08-17 15:00:00,8.928,7.305,0.927
2025-08-17 16:00:00,4.933,4.036,0.0
2025-08-17 17:00:00,3.201,2.619,0.0
2025-08-17 18:00:00,0.0,0.0,-1.34
2025-08-17 19:00:00,0.0,0.0,-0.684
2025-08-17 20:00:00,0.0,0.0,-0.412
2025-08-17 21:00:00,0.0,0.0,-4.647
2025-08-17 22:00:00,0.0,0.0,-2.347
2025-08-17 23:00:00,0.0,0.0,0.0
2025-08-18 00:00:00,0.0,0.0,0.0
2025-08-18 01:00:00,0.0,0.0,0.0
2025-08-18 02:00:00,0.0,0.0,0.0
2025-08-18 03:00:00,0.0,0.0,0.0
2025-08-18 04:00:00,0.0,0.0,0.0
2025-08-18 05:00:00,0.0,0.0,0.0
2025-08-18 06:00:00,0.0,0.0,0.0
2025-08-18 07:00:00,2.955,2.418,0.0
2025-08-18 08:00:00,6.555,5.364,0.0
2025-08-18 09:00:00,6.29,5.146,0.0
2025-08-18 10:00:00,9.077,7.427,4.611
2025-08-18 11:00:00,8.207,6.715,4.687
2025-08-18 12:00:00,13.111,10.727,1.961
2025-08-18 13:00:00,13.046,10.674,2.173
2025-08-18 14:00:00,9.886,8.089,3.036
2025-08-18 15:00:00,7.969,6.52,0.099
2025-08-18 16:00:00,6.82,5.58,0.0
2025-08-18 17:00:00,2.326,1.903,0.0
2025-08-18 18:00:00,0.0,0.0,-0.453
2025-08-18 19:00:00,0.0,0.0,-0.7
2025-08-18 20:00:00,0.0,0.0,-1.705
2025-08-18 21:00:00,0.0,0.0,-4.049
2025-08-18 22:00:00,0.0,0.0,-1.386
2025-08-18 23:00:00,0.0,0.0,0.0
2025-08-19 00:00:00,0.0,0.0,0.0
2025-08-19 01:00:00,0.0,0.0,0.0
2025-08-19 02:00:00,0.0,0.0,0.0
2025-08-19 03:00:00,0.0,0.0,0.0
2025-08-19 04:00:00,0.0,0.0,0.0
2025-08-19 05:00:00,0.0,0.0,0.0
2025-08-19 06:00:00,0.0,0.0,0.0
2025-08-19 07:00:00,2.359,1.93,0.0
2025-08-19 08:00:00,4.425,3.62,0.0
2025-08-19 09:00:00,9.697,7.934,0.0
2025-08-19 10:00:00,10.817,8.851,3.307
2025-08-19 11:00:00,8.758,7.166,3.882
2025-08-19 12:00:00,12.474,10.206,4.582
2025-08-19 13:00:00,10.603,8.675,2.909
2025-08-19 14:00:00,9.967,8.155,5.923
2025-08-19 15:00:00,9.619,7.87,4.454
2025-08-19 16:00:00,5.328,4.36,0.0
2025-08-19 17:00:00,2.783,2.277,0.0
2025-08-19 18:00:00,0.0,0.0,-2.316
2025-08-19 19:00:00,0.0,0.0,-2.55
2025-08-19 20:00:00,0.0,0.0,-3.46
2025-08-19 21:00:00,0.0,0.0,-4.515
2025-08-19 22:00:00,0.0,0.0,-2.1
2025-08-19 23:00:00,0.0,0.0,0.0
2025-08-20 00:00:00,0.0,0.0,0.0
2025-08-20 01:00:00,0.0,0.0,0.0
2025-08-20 02:00:00,0.0,0.0,0.0
2025-08-20 03:00:00,0.0,0.0,0.0
2025-08-20 04:00:00,0.0,0.0,0.0
2025-08-20 05:00:00,0.0,0.0,0.0
2025-08-20 06:00:00,0.0,0.0,0.0
2025-08-20 07:00:00,2.541,2.079,0.0
2025-08-20 08:00:00,5.964,4.879,0.0
2025-08-20 09:00:00,9.353,7.652,0.0
2025-08-20 10:00:00,9.384,7.678,1.396
2025-08-20 11:00:00,10.771,8.812,1.756
2025-08-20 12:00:00,10.897,8.916,1.033
2025-08-20 13:00:00,9.041,7.397,2.148
2025-08-20 14:00:00,11.87,9.712,2.004
2025-08-20 15:00:00,7.129,5.833,2.71
2025-08-20 16:00:00,6.352,5.197,0.0
2025-08-20 17:00:00,3.426,2.803,0.0
2025-08-20 18:00:00,0.0,0.0,-0.51
2025-08-20 19:00:00,0.0,0.0,-1.098
2025-08-20 20:00:00,0.0,0.0,-3.139
2025-08-20 21:00:00,0.0,0.0,-4.977
2025-08-20 22:00:00,0.0,0.0,-2.959
2025-08-20 23:00:00,0.0,0.0,0.0
2025-08-21 00:00:00,0.0,0.0,0.0
2025-08-21 01:00:00,0.0,0.0,0.0
2025-08-21 02:00:00,0.0,0.0,0.0
2025-08-21 03:00:00,0.0,0.0,0.0
2025-08-21 04:00:00,0.0,0.0,0.0
2025-08-21 05:00:00,0.0,0.0,0.0
2025-08-21 06:00:00,0.0,0.0,0.0
2025-08-21 07:00:00,3.285,2.688,0.0
2025-08-21 08:00:00,5.158,4.22,0.0
2025-08-21 09:00:00,5.962,4.878,0.0
2025-08-21 10:00:00,11.38,9.311,2.211
2025-08-21 11:00:00,12.294,10.058,1.809
2025-08-21 12:00:00,12.297,10.061,2.458
2025-08-21 13:00:00,12.843,10.508,0.848
2025-08-21 14:00:00,9.298,7.608,0.508
2025-08-21 15:00:00,7.814,6.393,5.837
2025-08-21 16:00:00,5.896,4.824,0.0
2025-08-21 17:00:00,3.561,2.914,0.0
2025-08-21 18:00:00,0.0,0.0,-1.789
2025-08-21 19:00:00,0.0,0.0,-3.869
2025-08-21 20:00:00,0.0,0.0,-1.271
2025-08-21 21:00:00,0.0,0.0,-4.694
2025-08-21 22:00:00,0.0,0.0,-2.876
2025-08-21 23:00:00,0.0,0.0,0.0
2025-08-22 00:00:00,0.0,0.0,0.0
2025-08-22 01:00:00,0.0,0.0,0.0
2025-08-22 02:00:00,0.0,0.0,0.0
2025-08-22 03:00:00,0.0,0.0,0.0
2025-08-22 04:00:00,0.0,0.0,0.0
2025-08-22 05:00:00,0.0,0.0,0.0
2025-08-22 06:00:00,0.0,0.0,0.0
2025-08-22 07:00:00,3.309,2.707,0.0
2025-08-22 08:00:00,6.184,5.059,0.0
2025-08-22 09:00:00,8.744,7.154,0.0
2025-08-22 10:00:00,12.121,9.917,1.983
2025-08-22 11:00:00,8.667,7.091,2.816
2025-08-22 12:00:00,12.116,9.913,3.936
2025-08-22 13:00:00,13.278,10.864,1.443
2025-08-22 14:00:00,11.759,9.621,1.481
2025-08-22 15:00:00,6.559,5.366,2.62
2025-08-22 16:00:00,6.703,5.484,0.0
2025-08-22 17:00:00,2.498,2.043,0.0
2025-08-22 18:00:00,0.0,0.0,-1.13
2025-08-22 19:00:00,0.0,0.0,-0.512
2025-08-22 20:00:00,0.0,0.0,-4.073
2025-08-22 21:00:00,0.0,0.0,-1.167
2025-08-22 22:00:00,0.0,0.0,-1.701
2025-08-22 23:00:00,0.0,0.0,0.0
2025-08-23 00:00:00,0.0,0.0,0.0
2025-08-23 01:00:00,0.0,0.0,0.0
2025-08-23 02:00:00,0.0,0.0,0.0
2025-08-23 03:00:00,0.0,0.0,0.0
2025-08-23 04:00:00,0.0,0.0,0.0
2025-08-23 05:00:00,0.0,0.0,0.0
2025-08-23 06:00:00,0.0,0.0,0.0
2025-08-23 07:00:00,2.33,1.907,0.0
2025-08-23 08:00:00,6.651,5.442,0.0
2025-08-23 09:00:00,8.994,7.359,0.0
2025-08-23 10:00:00,12.087,9.889,1.475
2025-08-23 11:00:00,8.548,6.994,2.498
2025-08-23 12:00:00,11.386,9.316,4.424
2025-08-23 13:00:00,8.531,6.98,1.238
2025-08-23 14:00:00,11.722,9.591,2.197
2025-08-23 15:00:00,9.574,7.834,4.817
2025-08-23 16:00:00,4.381,3.585,0.0
2025-08-23 17:00:00,2.331,1.907,0.0
2025-08-23 18:00:00,0.0,0.0,-1.602
2025-08-23 19:00:00,0.0,0.0,-2.875
2025-08-23 20:00:00,0.0,0.0,-3.662
2025-08-23 21:00:00,0.0,0.0,-4.948
2025-08-23 22:00:00,0.0,0.0,-0.6
2025-08-23 23:00:00,0.0,0.0,0.0
2025-08-24 00:00:00,0.0,0.0,0.0
2025-08-24 01:00:00,0.0,0.0,0.0
2025-08-24 02:00:00,0.0,0.0,0.0
2025-08-24 03:00:00,0.0,0.0,0.0
2025-08-24 04:00:00,0.0,0.0,0.0
2025-08-24 05:00:00,0.0,0.0,0.0
2025-08-24 06:00:00,0.0,0.0,0.0
2025-08-24 07:00:00,2.941,2.406,0.0
2025-08-24 08:00:00,6.837,5.594,0.0
2025-08-24 09:00:00,6.926,5.667,0.0
2025-08-24 10:00:00,7.769,6.356,4.599
2025-08-24 11:00:00,9.368,7.665,3.394
2025-08-24 12:00:00,8.669,7.093,1.621
2025-08-24 13:00:00,12.651,10.351,2.613
2025-08-24 14:00:00,10.843,8.871,5.301
2025-08-24 15:00:00,6.211,5.081,3.453
2025-08-24 16:00:00,4.971,4.067,0.0
2025-08-24 17:00:00,2.565,2.098,0.0
2025-08-24 18:00:00,0.0,0.0,-2.303
2025-08-24 19:00:00,0.0,0.0,-3.947
2025-08-24 20:00:00,0.0,0.0,-4.125
2025-08-24 21:00:00,0.0,0.0,-1.352
2025-08-24 22:00:00,0.0,0.0,-0.236
2025-08-24 23:00:00,0.0,0.0,0.0
2025-08-25 00:00:00,0.0,0.0,0.0
2025-08-25 01:00:00,0.0,0.0,0.0
2025-08-25 02:00:00,0.0,0.0,0.0
2025-08-25 03:00:00,0.0,0.0,0.0
2025-08-25 04:00:00,0.0,0.0,0.0
2025-08-25 05:00:00,0.0,0.0,0.0
2025-08-25 06:00:00,0.0,0.0,0.0
2025-08-25 07:00:00,3.073,2.514,0.0
2025-08-25 08:00:00,6.502,5.32,0.0
2025-08-25 09:00:00,7.955,6.509,0.0
2025-08-25 10:00:00,12.161,9.95,3.197
2025-08-25 11:00:00,9.189,7.518,1.254
2025-08-25 12:00:00,11.968,9.792,0.44
2025-08-25 13:00:00,13.343,10.917,1.125
2025-08-25 14:00:00,10.014,8.194,0.588
2025-08-25 15:00:00,9.634,7.882,3.962
2025-08-25 16:00:00,6.14,5.024,0.0
2025-08-25 17:00:00,2.582,2.113,0.0
2025-08-25 18:00:00,0.0,0.0,-2.257
2025-08-25 19:00:00,0.0,0.0,-3.35
2025-08-25 20:00:00,0.0,0.0,-3.684
2025-08-25 21:00:00,0.0,0.0,-2.381
2025-08-25 22:00:00,0.0,0.0,-2.076
2025-08-25 23:00:00,0.0,0.0,0.0
2025-08-26 00:00:00,0.0,0.0,0.0
2025-08-26 01:00:00,0.0,0.0,0.0
2025-08-26 02:00:00,0.0,0.0,0.0
2025-08-26 03:00:00,0.0,0.0,0.0
2025-08-26 04:00:00,0.0,0.0,0.0
2025-08-26 05:00:00,0.0,0.0,0.0
2025-08-26 06:00:00,0.0,0.0,0.0
2025-08-26 07:00:00,2.964,2.425,0.0
2025-08-26 08:00:00,4.37,3.576,0.0
2025-08-26 09:00:00,8.768,7.174,0.0
2025-08-26 10:00:00,7.794,6.377,2.521
2025-08-26 11:00:00,11.65,9.532,3.473
2025-08-26 12:00:00,11.899,9.736,0.979
2025-08-26 13:00:00,12.57,10.284,3.036
2025-08-26 14:00:00,12.203,9.984,0.379
2025-08-26 15:00:00,7.423,6.073,1.961
2025-08-26 16:00:00,4.971,4.067,0.0
2025-08-26 17:00:00,2.608,2.133,0.0
2025-08-26 18:00:00,0.0,0.0,-1.272
2025-08-26 19:00:00,0.0,0.0,-1.562
2025-08-26 20:00:00,0.0,0.0,-4.486
2025-08-26 21:00:00,0.0,0.0,-2.613
2025-08-26 22:00:00,0.0,0.0,-1.359
2025-08-26 23:00:00,0.0,0.0,0.0
2025-08-27 00:00:00,0.0,0.0,0.0
2025-08-27 01:00:00,0.0,0.0,0.0
2025-08-27 02:00:00,0.0,0.0,0.0
2025-08-27 03:00:00,0.0,0.0,0.0
2025-08-27 04:00:00,0.0,0.0,0.0
2025-08-27 05:00:00,0.0,0.0,0.0
2025-08-27 06:00:00,0.0,0.0,0.0
2025-08-27 07:00:00,3.38,2.765,0.0
2025-08-27 08:00:00,4.367,3.573,0.0
2025-08-27 09:00:00,8.595,7.032,0.0
2025-08-27 10:00:00,9.525,7.793,1.376
2025-08-27 11:00:00,11.355,9.291,1.363
2025-08-27 12:00:00,12.124,9.92,2.953
2025-08-27 13:00:00,12.678,10.373,3.434
2025-08-27 14:00:00,10.536,8.621,2.762
2025-08-27 15:00:00,9.736,7.966,3.383
2025-08-27 16:00:00,5.736,4.693,0.0
2025-08-27 17:00:00,2.224,1.82,0.0
2025-08-27 18:00:00,0.0,0.0,-3.481
2025-08-27 19:00:00,0.0,0.0,-4.237
2025-08-27 20:00:00,0.0,0.0,-4.108
2025-08-27 21:00:00,0.0,0.0,-3.322
2025-08-27 22:00:00,0.0,0.0,-4.283
2025-08-27 23:00:00,0.0,0.0,0.0
2025-08-28 00:00:00,0.0,0.0,0.0
2025-08-28 01:00:00,0.0,0.0,0.0
2025-08-28 02:00:00,0.0,0.0,0.0
2025-08-28 03:00:00,0.0,0.0,0.0
2025-08-28 04:00:00,0.0,0.0,0.0
2025-08-28 05:00:00,0.0,0.0,0.0
2025-08-28 06:00:00,0.0,0.0,0.0
2025-08-28 07:00:00,2.849,2.331,0.0
2025-08-28 08:00:00,7.151,5.851,0.0
2025-08-28 09:00:00,9.593,7.849,0.0
2025-08-28 10:00:00,12.401,10.146,5.622
2025-08-28 11:00:00,8.717,7.132,3.133
2025-08-28 12:00:00,10.826,8.858,5.808
2025-08-28 13:00:00,10.62,8.689,0.546
2025-08-28 14:00:00,8.406,6.878,1.607
2025-08-28 15:00:00,6.531,5.344,4.494
2025-08-28 16:00:00,5.12,4.189,0.0
2025-08-28 17:00:00,2.361,1.932,0.0
2025-08-28 18:00:00,0.0,0.0,-3.364
2025-08-28 19:00:00,0.0,0.0,-3.875
2025-08-28 20:00:00,0.0,0.0,-4.255
2025-08-28 21:00:00,0.0,0.0,-2.973
2025-08-28 22:00:00,0.0,0.0,-3.772
2025-08-28 23:00:00,0.0,0.0,0.0
2025-08-29 00:00:00,0.0,0.0,0.0
2025-08-29 01:00:00,0.0,0.0,0.0
2025-08-29 02:00:00,0.0,0.0,0.0
2025-08-29 03:00:00,0.0,0.0,0.0
2025-08-29 04:00:00,0.0,0.0,0.0
2025-08-29 05:00:00,0.0,0.0,0.0
2025-08-29 06:00:00,0.0,0.0,0.0
2025-08-29 07:00:00,3.037,2.485,0.0
2025-08-29 08:00:00,6.275,5.134,0.0
2025-08-29 09:00:00,7.709,6.307,0.0
2025-08-29 10:00:00,9.233,7.554,4.771
2025-08-29 11:00:00,10.317,8.441,2.153
2025-08-29 12:00:00,12.83,10.497,2.171
2025-08-29 13:00:00,12.611,10.318,1.735
2025-08-29 14:00:00,7.758,6.347,0.29
2025-08-29 15:00:00,8.949,7.322,3.446
2025-08-29 16:00:00,4.383,3.586,0.0
2025-08-29 17:00:00,2.271,1.858,0.0
2025-08-29 18:00:00,0.0,0.0,-0.614
2025-08-29 19:00:00,0.0,0.0,-1.647
2025-08-29 20:00:00,0.0,0.0,-1.963
2025-08-29 21:00:00,0.0,0.0,-3.893
2025-08-29 22:00:00,0.0,0.0,-3.841
2025-08-29 23:00:00,0.0,0.0,0.0
2025-08-30 00:00:00,0.0,0.0,0.0
2025-08-30 01:00:00,0.0,0.0,0.0
2025-08-30 02:00:00,0.0,0.0,0.0
2025-08-30 03:00:00,0.0,0.0,0.0
2025-08-30 04:00:00,0.0,0.0,0.0
2025-08-30 05:00:00,0.0,0.0,0.0
2025-08-30 06:00:00,0.0,0.0,0.0
2025-08-30 07:00:00,2.932,2.399,0.0
2025-08-30 08:00:00,4.344,3.554,0.0
2025-08-30 09:00:00,9.24,7.56,0.0
2025-08-30 10:00:00,10.154,8.308,2.067
2025-08-30 11:00:00,10.768,8.81,2.849
2025-08-30 12:00:00,11.029,9.024,4.237
2025-08-30 13:00:00,8.54,6.987,2.734
2025-08-30 14:00:00,11.849,9.695,2.981
2025-08-30 15:00:00,6.393,5.23,5.568
2025-08-30 16:00:00,5.147,4.211,0.0
2025-08-30 17:00:00,3.264,2.671,0.0
2025-08-30 18:00:00,0.0,0.0,-2.25
2025-08-30 19:00:00,0.0,0.0,-1.069
2025-08-30 20:00:00,0.0,0.0,-2.065
2025-08-30 21:00:00,0.0,0.0,-0.382
2025-08-30 22:00:00,0.0,0.0,-0.4
2025-08-30 23:00:00,0.0,0.0,0.0
2025-08-31 00:00:00,0.0,0.0,0.0
2025-08-31 01:00:00,0.0,0.0,0.0
2025-08-31 02:00:00,0.0,0.0,0.0
2025-08-31 03:00:00,0.0,0.0,0.0
2025-08-31 04:00:00,0.0,0.0,0.0
2025-08-31 05:00:00,0.0,0.0,0.0
2025-08-31 06:00:00,0.0,0.0,0.0
2025-08-31 07:00:00,3.389,2.773,0.0
2025-08-31 08:00:00,6.448,5.276,0.0
2025-08-31 09:00:00,7.912,6.473,0.0
2025-08-31 10:00:00,12.35,10.105,2.112
2025-08-31 11:00:00,13.923,11.391,4.089
2025-08-31 12:00:00,9.852,8.061,4.585
2025-08-31 13:00:00,11.931,9.762,0.303
2025-08-31 14:00:00,8.43,6.897,5.983
2025-08-31 15:00:00,6.386,5.225,2.7
2025-08-31 16:00:00,5.598,4.58,0.0
2025-08-31 17:00:00,3.552,2.906,0.0
2025-08-31 18:00:00,0.0,0.0,-0.648
2025-08-31 19:00:00,0.0,0.0,-0.286
2025-08-31 20:00:00,0.0,0.0,-4.43
2025-08-31 21:00:00,0.0,0.0,-0.461
2025-08-31 22:00:00,0.0,0.0,-2.26
2025-08-31 23:00:00,0.0,0.0,0.0
2025-09-01 00:00:00,0.0,0.0,0.0
2025-09-01 01:00:00,0.0,0.0,0.0
2025-09-01 02:00:00,0.0,0.0,0.0
2025-09-01 03:00:00,0.0,0.0,0.0
2025-09-01 04:00:00,0.0,0.0,0.0
2025-09-01 05:00:00,0.0,0.0,0.0
2025-09-01 06:00:00,0.0,0.0,0.0
2025-09-01 07:00:00,3.044,2.491,0.0
2025-09-01 08:00:00,6.392,5.23,0.0
2025-09-01 09:00:00,9.158,7.493,0.0
2025-09-01 10:00:00,8.389,6.863,4.746
2025-09-01 11:00:00,12.847,10.511,4.122
2025-09-01 12:00:00,10.579,8.656,4.898
2025-09-01 13:00:00,10.773,8.815,1.404
2025-09-01 14:00:00,9.529,7.797,3.517
2025-09-01 15:00:00,9.389,7.682,5.062
2025-09-01 16:00:00,7.009,5.734,0.0
2025-09-01 17:00:00,3.742,3.062,0.0
2025-09-01 18:00:00,0.0,0.0,-1.737
2025-09-01 19:00:00,0.0,0.0,-3.852
2025-09-01 20:00:00,0.0,0.0,-2.832
2025-09-01 21:00:00,0.0,0.0,-3.111
2025-09-01 22:00:00,0.0,0.0,-1.587
2025-09-01 23:00:00,0.0,0.0,0.0
2025-09-02 00:00:00,0.0,0.0,0.0
2025-09-02 01:00:00,0.0,0.0,0.0
2025-09-02 02:00:00,0.0,0.0,0.0
2025-09-02 03:00:00,0.0,0.0,0.0
2025-09-02 04:00:00,0.0,0.0,0.0
2025-09-02 05:00:00,0.0,0.0,0.0
2025-09-02 06:00:00,0.0,0.0,0.0
2025-09-02 07:00:00,2.381,1.948,0.0
2025-09-02 08:00:00,7.046,5.765,0.0
2025-09-02 09:00:00,9.478,7.755,0.0
2025-09-02 10:00:00,9.898,8.098,0.996
2025-09-02 11:00:00,10.868,8.892,4.989
2025-09-02 12:00:00,14.431,11.807,5.386
2025-09-02 13:00:00,11.918,9.751,0.102
2025-09-02 14:00:00,8.775,7.18,1.459
2025-09-02 15:00:00,6.592,5.394,2.426
2025-09-02 16:00:00,4.744,3.881,0.0
2025-09-02 17:00:00,2.61,2.135,0.0
2025-09-02 18:00:00,0.0,0.0,-1.533
2025-09-02 19:00:00,0.0,0.0,-0.863
2025-09-02 20:00:00,0.0,0.0,-1.586
2025-09-02 21:00:00,0.0,0.0,-3.934
2025-09-02 22:00:00,0.0,0.0,-4.573
2025-09-02 23:00:00,0.0,0.0,0.0
2025-09-03 00:00:00,0.0,0.0,0.0
2025-09-03 01:00:00,0.0,0.0,0.0
2025-09-03 02:00:00,0.0,0.0,0.0
2025-09-03 03:00:00,0.0,0.0,0.0
2025-09-03 04:00:00,0.0,0.0,0.0
2025-09-03 05:00:00,0.0,0.0,0.0
2025-09-03 06:00:00,0.0,0.0,0.0
2025-09-03 07:00:00,2.622,2.145,0.0
2025-09-03 08:00:00,5.41,4.426,0.0
2025-09-03 09:00:00,9.44,7.724,0.0
2025-09-03 10:00:00,10.761,8.804,4.981
2025-09-03 11:00:00,11.24,9.196,4.612
2025-09-03 12:00:00,13.8,11.291,1.909
2025-09-03 13:00:00,9.992,8.176,2.815
2025-09-03 14:00:00,10.854,8.881,1.68
2025-09-03 15:00:00,9.166,7.5,5.604
2025-09-03 16:00:00,6.489,5.309,0.0
2025-09-03 17:00:00,3.328,2.723,0.0
2025-09-03 18:00:00,0.0,0.0,-3.971
2025-09-03 19:00:00,0.0,0.0,-4.311
2025-09-03 20:00:00,0.0,0.0,-2.907
2025-09-03 21:00:00,0.0,0.0,-1.34
2025-09-03 22:00:00,0.0,0.0,-3.051
2025-09-03 23:00:00,0.0,0.0,0.0
2025-09-04 00:00:00,0.0,0.0,0.0
2025-09-04 01:00:00,0.0,0.0,0.0
2025-09-04 02:00:00,0.0,0.0,0.0
2025-09-04 03:00:00,0.0,0.0,0.0
2025-09-04 04:00:00,0.0,0.0,0.0
2025-09-04 05:00:00,0.0,0.0,0.0
2025-09-04 06:00:00,0.0,0.0,0.0
2025-09-04 07:00:00,3.218,2.633,0.0
2025-09-04 08:00:00,4.851,3.969,0.0
2025-09-04 09:00:00,9.834,8.046,0.0
2025-09-04 10:00:00,10.012,8.192,1.667
2025-09-04 11:00:00,11.517,9.423,1.802
2025-09-04 12:00:00,13.005,10.641,3.05
2025-09-04 13:00:00,9.75,7.977,1.291
2025-09-04 14:00:00,9.604,7.858,3.128
2025-09-04 15:00:00,9.856,8.064,0.356
2025-09-04 16:00:00,4.657,3.81,0.0
2025-09-04 17:00:00,3.099,2.536,0.0
2025-09-04 18:00:00,0.0,0.0,-4.887
2025-09-04 19:00:00,0.0,0.0,-1.038
2025-09-04 20:00:00,0.0,0.0,-1.94
2025-09-04 21:00:00,0.0,0.0,-3.646
2025-09-04 22:00:00,0.0,0.0,-2.641
2025-09-04 23:00:00,0.0,0.0,0.0
2025-09-05 00:00:00,0.0,0.0,0.0
2025-09-05 01:00:00,0.0,0.0,0.0
2025-09-05 02:00:00,0.0,0.0,0.0
2025-09-05 03:00:00,0.0,0.0,0.0
2025-09-05 04:00:00,0.0,0.0,0.0
2025-09-05 05:00:00,0.0,0.0,0.0
2025-09-05 06:00:00,0.0,0.0,0.0
2025-09-05 07:00:00,3.526,2.885,0.0
2025-09-05 08:00:00,7.37,6.03,0.0
2025-09-05 09:00:00,8.441,6.906,0.0
2025-09-05 10:00:00,9.013,7.375,3.942
2025-09-05 11:00:00,10.193,8.339,0.705
2025-09-05 12:00:00,14.333,11.727,1.523
2025-09-05 13:00:00,10.636,8.702,0.66
2025-09-05 14:00:00,11.901,9.737,2.991
2025-09-05 15:00:00,9.036,7.393,3.179
2025-09-05 16:00:00,5.593,4.576,0.0
2025-09-05 17:00:00,2.81,2.299,0.0
2025-09-05 18:00:00,0.0,0.0,-2.37
2025-09-05 19:00:00,0.0,0.0,-4.713
2025-09-05 20:00:00,0.0,0.0,-3.302
2025-09-05 21:00:00,0.0,0.0,-3.127
2025-09-05 22:00:00,0.0,0.0,-1.669
2025-09-05 23:00:00,0.0,0.0,0.0
2025-09-06 00:00:00,0.0,0.0,0.0
2025-09-06 01:00:00,0.0,0.0,0.0
2025-09-06 02:00:00,0.0,0.0,0.0
2025-09-06 03:00:00,0.0,0.0,0.0
2025-09-06 04:00:00,0.0,0.0,0.0
2025-09-06 05:00:00,0.0,0.0,0.0
2025-09-06 06:00:00,0.0,0.0,0.0
2025-09-06 07:00:00,2.675,2.189,0.0
2025-09-06 08:00:00,5.941,4.861,0.0
2025-09-06 09:00:00,8.75,7.159,0.0
2025-09-06 10:00:00,9.126,7.467,3.934
2025-09-06 11:00:00,11.621,9.508,1.492
2025-09-06 12:00:00,13.783,11.277,0.382
2025-09-06 13:00:00,8.956,7.328,1.494
2025-09-06 14:00:00,12.493,10.221,0.204
2025-09-06 15:00:00,10.254,8.39,1.414
2025-09-06 16:00:00,5.011,4.1,0.0
2025-09-06 17:00:00,2.591,2.12,0.0
2025-09-06 18:00:00,0.0,0.0,-2.709
2025-09-06 19:00:00,0.0,0.0,-2.661
2025-09-06 20:00:00,0.0,0.0,-0.879
2025-09-06 21:00:00,0.0,0.0,-0.083
2025-09-06 22:00:00,0.0,0.0,-0.54
2025-09-06 23:00:00,0.0,0.0,0.0
2025-09-07 00:00:00,0.0,0.0,0.0
2025-09-07 01:00:00,0.0,0.0,0.0
2025-09-07 02:00:00,0.0,0.0,0.0
2025-09-07 03:00:00,0.0,0.0,0.0
2025-09-07 04:00:00,0.0,0.0,0.0
2025-09-07 05:00:00,0.0,0.0,0.0
2025-09-07 06:00:00,0.0,0.0,0.0
2025-09-07 07:00:00,3.038,2.486,0.0
2025-09-07 08:00:00,5.923,4.846,0.0
2025-09-07 09:00:00,8.914,7.293,0.0
2025-09-07 10:00:00,12.375,10.125,4.548
2025-09-07 11:00:00,12.765,10.444,1.134
2025-09-07 12:00:00,12.735,10.419,4.216
2025-09-07 13:00:00,12.144,9.936,5.639
2025-09-07 14:00:00,9.82,8.035,3.108
2025-09-07 15:00:00,8.189,6.7,3.327
2025-09-07 16:00:00,6.826,5.585,0.0
2025-09-07 17:00:00,3.186,2.606,0.0
2025-09-07 18:00:00,0.0,0.0,-0.849
2025-09-07 19:00:00,0.0,0.0,-1.875
2025-09-07 20:00:00,0.0,0.0,-1.458
2025-09-07 21:00:00,0.0,0.0,-3.315
2025-09-07 22:00:00,0.0,0.0,-1.915
2025-09-07 23:00:00,0.0,0.0,0.0
2025-09-08 00:00:00,0.0,0.0,0.0
2025-09-08 01:00:00,0.0,0.0,0.0
2025-09-08 02:00:00,0.0,0.0,0.0
2025-09-08 03:00:00,0.0,0.0,0.0
2025-09-08 04:00:00,0.0,0.0,0.0
2025-09-08 05:00:00,0.0,0.0,0.0
2025-09-08 06:00:00,0.0,0.0,0.0
2025-09-08 07:00:00,3.287,2.689,0.0
2025-09-08 08:00:00,5.843,4.781,0.0
2025-09-08 09:00:00,7.873,6.442,0.0
2025-09-08 10:00:00,7.811,6.391,1.281
2025-09-08 11:00:00,9.19,7.519,5.056
2025-09-08 12:00:00,11.479,9.392,3.55
2025-09-08 13:00:00,9.301,7.61,1.581
2025-09-08 14:00:00,9.478,7.755,2.053
2025-09-08 15:00:00,8.903,7.284,2.65
2025-09-08 16:00:00,7.461,6.104,0.0
2025-09-08 17:00:00,2.572,2.104,0.0
2025-09-08 18:00:00,0.0,0.0,-1.351
2025-09-08 19:00:00,0.0,0.0,-3.298
2025-09-08 20:00:00,0.0,0.0,-1.95
2025-09-08 21:00:00,0.0,0.0,-0.523
2025-09-08 22:00:00,0.0,0.0,-3.242
2025-09-08 23:00:00,0.0,0.0,0.0
2025-09-09 00:00:00,0.0,0.0,0.0
2025-09-09 01:00:00,0.0,0.0,0.0
2025-09-09 02:00:00,0.0,0.0,0.0
2025-09-09 03:00:00,0.0,0.0,0.0
2025-09-09 04:00:00,0.0,0.0,0.0
2025-09-09 05:00:00,0.0,0.0,0.0
2025-09-09 06:00:00,0.0,0.0,0.0
2025-09-09 07:00:00,3.797,3.107,0.0
2025-09-09 08:00:00,6.926,5.667,0.0
2025-09-09 09:00:00,10.57,8.649,0.0
2025-09-09 10:00:00,8.285,6.778,5.906
2025-09-09 11:00:00,12.686,10.379,5.173
2025-09-09 12:00:00,12.807,10.479,3.812
2025-09-09 13:00:00,10.849,8.877,3.789
2025-09-09 14:00:00,9.745,7.973,1.859
2025-09-09 15:00:00,8.44,6.905,4.324
2025-09-09 16:00:00,7.034,5.755,0.0
2025-09-09 17:00:00,2.783,2.277,0.0
2025-09-09 18:00:00,0.0,0.0,-2.091
2025-09-09 19:00:00,0.0,0.0,-1.312
2025-09-09 20:00:00,0.0,0.0,-4.317
2025-09-09 21:00:00,0.0,0.0,-4.49
2025-09-09 22:00:00,0.0,0.0,-0.069
2025-09-09 23:00:00,0.0,0.0,0.0
2025-09-10 00:00:00,0.0,0.0,0.0
2025-09-10 01:00:00,0.0,0.0,0.0
2025-09-10 02:00:00,0.0,0.0,0.0
2025-09-10 03:00:00,0.0,0.0,0.0
2025-09-10 04:00:00,0.0,0.0,0.0
2025-09-10 05:00:00,0.0,0.0,0.0
2025-09-10 06:00:00,0.0,0.0,0.0
2025-09-10 07:00:00,2.684,2.196,0.0
2025-09-10 08:00:00,5.151,4.214,0.0
2025-09-10 09:00:00,10.333,8.455,0.0
2025-09-10 10:00:00,11.182,9.149,2.978
2025-09-10 11:00:00,13.946,11.411,1.133
2025-09-10 12:00:00,11.221,9.181,5.369
2025-09-10 13:00:00,13.008,10.643,4.42
2025-09-10 14:00:00,8.051,6.587,0.395
2025-09-10 15:00:00,10.418,8.524,0.47
2025-09-10 16:00:00,6.02,4.926,0.0
2025-09-10 17:00:00,3.474,2.842,0.0
2025-09-10 18:00:00,0.0,0.0,-3.92
2025-09-10 19:00:00,0.0,0.0,-4.646
2025-09-10 20:00:00,0.0,0.0,-0.179
2025-09-10 21:00:00,0.0,0.0,-0.661
2025-09-10 22:00:00,0.0,0.0,-3.432
2025-09-10 23:00:00,0.0,0.0,0.0
2025-09-11 00:00:00,0.0,0.0,0.0
2025-09-11 01:00:00,0.0,0.0,0.0
2025-09-11 02:00:00,0.0,0.0,0.0
2025-09-11 03:00:00,0.0,0.0,0.0
2025-09-11 04:00:00,0.0,0.0,0.0
2025-09-11 05:00:00,0.0,0.0,0.0
2025-09-11 06:00:00,0.0,0.0,0.0
2025-09-11 07:00:00,3.406,2.787,0.0
2025-09-11 08:00:00,4.649,3.804,0.0
2025-09-11 09:00:00,8.639,7.068,0.0
2025-09-11 10:00:00,12.593,10.303,2.328
2025-09-11 11:00:00,8.934,7.309,0.212
2025-09-11 12:00:00,12.572,10.286,2.648
2025-09-11 13:00:00,12.209,9.989,3.298
2025-09-11 14:00:00,10.44,8.542,2.576
2025-09-11 15:00:00,7.083,5.795,3.326
2025-09-11 16:00:00,5.227,4.277,0.0
2025-09-11 17:00:00,3.02,2.471,0.0
2025-09-11 18:00:00,0.0,0.0,-4.219
2025-09-11 19:00:00,0.0,0.0,-4.851
2025-09-11 20:00:00,0.0,0.0,-1.045
2025-09-11 21:00:00,0.0,0.0,-4.951
2025-09-11 22:00:00,0.0,0.0,-1.692
2025-09-11 23:00:00,0.0,0.0,0.0
2025-09-12 00:00:00,0.0,0.0,0.0
2025-09-12 01:00:00,0.0,0.0,0.0
2025-09-12 02:00:00,0.0,0.0,0.0
2025-09-12 03:00:00,0.0,0.0,0.0
2025-09-12 04:00:00,0.0,0.0,0.0
2025-09-12 05:00:00,0.0,0.0,0.0
2025-09-12 06:00:00,0.0,0.0,0.0
2025-09-12 07:00:00,3.507,2.87,0.0
2025-09-12 08:00:00,7.103,5.812,0.0
2025-09-12 09:00:00,8.917,7.296,0.0
2025-09-12 10:00:00,10.746,8.793,4.829
2025-09-12 11:00:00,12.269,10.039,4.87
2025-09-12 12:00:00,13.251,10.842,4.543
2025-09-12 13:00:00,11.66,9.54,3.919
2025-09-12 14:00:00,11.937,9.767,4.904
2025-09-12 15:00:00,9.721,7.954,5.291
2025-09-12 16:00:00,7.179,5.874,0.0
2025-09-12 17:00:00,3.301,2.701,0.0
2025-09-12 18:00:00,0.0,0.0,-3.881
2025-09-12 19:00:00,0.0,0.0,-4.074
2025-09-12 20:00:00,0.0,0.0,-1.158
2025-09-12 21:00:00,0.0,0.0,-4.008
2025-09-12 22:00:00,0.0,0.0,-0.098
2025-09-12 23:00:00,0.0,0.0,0.0
2025-09-13 00:00:00,0.0,0.0,0.0
2025-09-13 01:00:00,0.0,0.0,0.0
2025-09-13 02:00:00,0.0,0.0,0.0
2025-09-13 03:00:00,0.0,0.0,0.0
2025-09-13 04:00:00,0.0,0.0,0.0
2025-09-13 05:00:00,0.0,0.0,0.0
2025-09-13 06:00:00,0.0,0.0,0.0
2025-09-13 07:00:00,3.382,2.767,0.0
2025-09-13 08:00:00,5.148,4.212,0.0
2025-09-13 09:00:00,8.907,7.287,0.0
2025-09-13 10:00:00,8.214,6.721,0.057
2025-09-13 11:00:00,14.116,11.55,2.169
2025-09-13 12:00:00,10.195,8.342,4.212
2025-09-13 13:00:00,12.177,9.963,2.509
2025-09-13 14:00:00,12.548,10.266,2.034
2025-09-13 15:00:00,8.435,6.902,5.889
2025-09-13 16:00:00,6.67,5.457,0.0
2025-09-13 17:00:00,3.916,3.204,0.0
2025-09-13 18:00:00,0.0,0.0,-3.093
2025-09-13 19:00:00,0.0,0.0,-2.888
2025-09-13 20:00:00,0.0,0.0,-4.414
2025-09-13 21:00:00,0.0,0.0,-3.366
2025-09-13 22:00:00,0.0,0.0,-1.476
2025-09-13 23:00:00,0.0,0.0,0.0
2025-09-14 00:00:00,0.0,0.0,0.0
2025-09-14 01:00:00,0.0,0.0,0.0
2025-09-14 02:00:00,0.0,0.0,0.0
2025-09-14 03:00:00,0.0,0.0,0.0
2025-09-14 04:00:00,0.0,0.0,0.0
2025-09-14 05:00:00,0.0,0.0,0.0
2025-09-14 06:00:00,0.0,0.0,0.0
2025-09-14 07:00:00,2.831,2.316,0.0
2025-09-14 08:00:00,4.79,3.919,0.0
2025-09-14 09:00:00,10.163,8.315,0.0
2025-09-14 10:00:00,9.942,8.134,3.905
2025-09-14 11:00:00,10.372,8.486,5.475
2025-09-14 12:00:00,11.841,9.688,5.162
2025-09-14 13:00:00,12.041,9.852,3.156
2025-09-14 14:00:00,10.095,8.26,3.086
2025-09-14 15:00:00,7.329,5.996,5.073
2025-09-14 16:00:00,6.14,5.023,0.0
2025-09-14 17:00:00,3.821,3.126,0.0
2025-09-14 18:00:00,0.0,0.0,-1.959
2025-09-14 19:00:00,0.0,0.0,-4.082
2025-09-14 20:00:00,0.0,0.0,-4.525
2025-09-14 21:00:00,0.0,0.0,-1.152
2025-09-14 22:00:00,0.0,0.0,-4.374
2025-09-14 23:00:00,0.0,0.0,0.0
2025-09-15 00:00:00,0.0,0.0,0.0
2025-09-15 01:00:00,0.0,0.0,0.0
2025-09-15 02:00:00,0.0,0.0,0.0
2025-09-15 03:00:00,0.0,0.0,0.0
2025-09-15 04:00:00,0.0,0.0,0.0
2025-09-15 05:00:00,0.0,0.0,0.0
2025-09-15 06:00:00,0.0,0.0,0.0
2025-09-15 07:00:00,3.433,2.809,0.0
2025-09-15 08:00:00,6.792,5.557,0.0
2025-09-15 09:00:00,9.991,8.175,0.0
2025-09-15 10:00:00,11.89,9.728,2.877
2025-09-15 11:00:00,9.887,8.089,1.739
2025-09-15 12:00:00,10.042,8.216,4.667
2025-09-15 13:00:00,9.03,7.388,4.967
2025-09-15 14:00:00,12.744,10.427,3.331
2025-09-15 15:00:00,8.099,6.627,3.268
2025-09-15 16:00:00,7.651,6.26,0.0
2025-09-15 17:00:00,3.048,2.494,0.0
2025-09-15 18:00:00,0.0,0.0,-0.183
2025-09-15 19:00:00,0.0,0.0,-3.235
2025-09-15 20:00:00,0.0,0.0,-4.843
2025-09-15 21:00:00,0.0,0.0,-0.628
2025-09-15 22:00:00,0.0,0.0,-3.512
2025-09-15 23:00:00,0.0,0.0,0.0
2025-09-16 00:00:00,0.0,0.0,0.0
2025-09-16 01:00:00,0.0,0.0,0.0
2025-09-16 02:00:00,0.0,0.0,0.0
2025-09-16 03:00:00,0.0,0.0,0.0
2025-09-16 04:00:00,0.0,0.0,0.0
2025-09-16 05:00:00,0.0,0.0,0.0
2025-09-16 06:00:00,0.0,0.0,0.0
2025-09-16 07:00:00,3.869,3.166,0.0
2025-09-16 08:00:00,5.423,4.437,0.0
2025-09-16 09:00:00,10.266,8.4,0.0
2025-09-16 10:00:00,10.098,8.262,5.227
2025-09-16 11:00:00,13.646,11.165,3.069
2025-09-16 12:00:00,14.118,11.551,0.258
2025-09-16 13:00:00,10.449,8.549,5.265
2025-09-16 14:00:00,11.389,9.318,4.802
2025-09-16 15:00:00,7.126,5.831,2.409
2025-09-16 16:00:00,5.142,4.207,0.0
2025-09-16 17:00:00,3.663,2.997,0.0
2025-09-16 18:00:00,0.0,0.0,-1.541
2025-09-16 19:00:00,0.0,0.0,-2.484
2025-09-16 20:00:00,0.0,0.0,-4.422
2025-09-16 21:00:00,0.0,0.0,-0.368
2025-09-16 22:00:00,0.0,0.0,-2.665
2025-09-16 23:00:00,0.0,0.0,0.0
2025-09-17 00:00:00,0.0,0.0,0.0
2025-09-17 01:00:00,0.0,0.0,0.0
2025-09-17 02:00:00,0.0,0.0,0.0
2025-09-17 03:00:00,0.0,0.0,0.0
2025-09-17 04:00:00,0.0,0.0,0.0
2025-09-17 05:00:00,0.0,0.0,0.0
2025-09-17 06:00:00,0.0,0.0,0.0
2025-09-17 07:00:00,3.417,2.795,0.0
2025-09-17 08:00:00,4.692,3.839,0.0
2025-09-17 09:00:00,6.771,5.54,0.0
2025-09-17 10:00:00,11.075,9.061,1.196
2025-09-17 11:00:00,10.759,8.803,4.981
2025-09-17 12:00:00,11.25,9.204,5.008
2025-09-17 13:00:00,12.273,10.041,2.829
2025-09-17 14:00:00,12.931,10.58,4.094
2025-09-17 15:00:00,8.333,6.818,1.298
2025-09-17 16:00:00,7.604,6.221,0.0
2025-09-17 17:00:00,3.909,3.198,0.0
2025-09-17 18:00:00,0.0,0.0,-2.988
2025-09-17 19:00:00,0.0,0.0,-0.595
2025-09-17 20:00:00,0.0,0.0,-1.422
2025-09-17 21:00:00,0.0,0.0,-2.698
2025-09-17 22:00:00,0.0,0.0,-4.466
2025-09-17 23:00:00,0.0,0.0,0.0
2025-09-18 00:00:00,0.0,0.0,0.0
2025-09-18 01:00:00,0.0,0.0,0.0
2025-09-18 02:00:00,0.0,0.0,0.0
2025-09-18 03:00:00,0.0,0.0,0.0
2025-09-18 04:00:00,0.0,0.0,0.0
2025-09-18 05:00:00,0.0,0.0,0.0
2025-09-18 06:00:00,0.0,0.0,0.0
2025-09-18 07:00:00,3.932,3.217,0.0
2025-09-18 08:00:00,7.614,6.23,0.0
2025-09-18 09:00:00,8.931,7.307,0.0
2025-09-18 10:00:00,9.301,7.61,5.738
2025-09-18 11:00:00,10.538,8.622,0.801
2025-09-18 12:00:00,13.252,10.842,3.917
2025-09-18 13:00:00,9.715,7.949,1.625
2025-09-18 14:00:00,10.376,8.49,2.241
2025-09-18 15:00:00,9.942,8.135,5.734
2025-09-18 16:00:00,7.319,5.988,0.0
2025-09-18 17:00:00,2.698,2.208,0.0
2025-09-18 18:00:00,0.0,0.0,-2.963
2025-09-18 19:00:00,0.0,0.0,-1.97
2025-09-18 20:00:00,0.0,0.0,-3.723
2025-09-18 21:00:00,0.0,0.0,-1.958
2025-09-18 22:00:00,0.0,0.0,-0.414
2025-09-18 23:00:00,0.0,0.0,0.0
2025-09-19 00:00:00,0.0,0.0,0.0
2025-09-19 01:00:00,0.0,0.0,0.0
2025-09-19 02:00:00,0.0,0.0,0.0
2025-09-19 03:00:00,0.0,0.0,0.0
2025-09-19 04:00:00,0.0,0.0,0.0
2025-09-19 05:00:00,0.0,0.0,0.0
2025-09-19 06:00:00,0.0,0.0,0.0
2025-09-19 07:00:00,2.552,2.088,0.0
2025-09-19 08:00:00,5.416,4.431,0.0
2025-09-19 09:00:00,10.019,8.198,0.0
2025-09-19 10:00:00,11.367,9.301,0.005
2025-09-19 11:00:00,9.152,7.488,2.643
2025-09-19 12:00:00,13.611,11.136,3.195
2025-09-19 13:00:00,11.163,9.133,4.425
2025-09-19 14:00:00,9.417,7.705,5.891
2025-09-19 15:00:00,9.21,7.535,1.125
2025-09-19 16:00:00,5.215,4.267,0.0
2025-09-19 17:00:00,3.283,2.686,0.0
2025-09-19 18:00:00,0.0,0.0,-3.25
2025-09-19 19:00:00,0.0,0.0,-0.889
2025-09-19 20:00:00,0.0,0.0,-0.249
2025-09-19 21:00:00,0.0,0.0,-4.475
2025-09-19 22:00:00,0.0,0.0,-2.683
2025-09-19 23:00:00,0.0,0.0,0.0
2025-09-20 00:00:00,0.0,0.0,0.0
2025-09-20 01:00:00,0.0,0.0,0.0
2025-09-20 02:00:00,0.0,0.0,0.0
2025-09-20 03:00:00,0.0,0.0,0.0
2025-09-20 04:00:00,0.0,0.0,0.0
2025-09-20 05:00:00,0.0,0.0,0.0
2025-09-20 06:00:00,0.0,0.0,0.0
2025-09-20 07:00:00,2.666,2.181,0.0
2025-09-20 08:00:00,5.028,4.114,0.0
2025-09-20 09:00:00,7.276,5.953,0.0
2025-09-20 10:00:00,11.1,9.081,0.673
2025-09-20 11:00:00,12.66,10.358,1.681
2025-09-20 12:00:00,14.81,12.118,5.864
2025-09-20 13:00:00,15.176,12.417,5.258
2025-09-20 14:00:00,10.765,8.808,0.19
2025-09-20 15:00:00,8.575,7.016,5.98
2025-09-20 16:00:00,7.803,6.384,0.0
2025-09-20 17:00:00,2.504,2.049,0.0
2025-09-20 18:00:00,0.0,0.0,-2.777
2025-09-20 19:00:00,0.0,0.0,-1.604
2025-09-20 20:00:00,0.0,0.0,-3.537
2025-09-20 21:00:00,0.0,0.0,-1.534
2025-09-20 22:00:00,0.0,0.0,-3.662
2025-09-20 23:00:00,0.0,0.0,0.0
2025-09-21 00:00:00,0.0,0.0,0.0
2025-09-21 01:00:00,0.0,0.0,0.0
2025-09-21 02:00:00,0.0,0.0,0.0
2025-09-21 03:00:00,0.0,0.0,0.0
2025-09-21 04:00:00,0.0,0.0,0.0
2025-09-21 05:00:00,0.0,0.0,0.0
2025-09-21 06:00:00,0.0,0.0,0.0
2025-09-21 07:00:00,4.059,3.321,0.0
2025-09-21 08:00:00,5.922,4.845,0.0
2025-09-21 09:00:00,7.062,5.778,0.0
2025-09-21 10:00:00,12.217,9.996,0.665
2025-09-21 11:00:00,14.777,12.09,3.766
2025-09-21 12:00:00,13.888,11.363,2.824
2025-09-21 13:00:00,14.85,12.15,2.067
2025-09-21 14:00:00,11.492,9.403,5.072
2025-09-21 15:00:00,10.025,8.203,0.823
2025-09-21 16:00:00,6.685,5.469,0.0
2025-09-21 17:00:00,3.014,2.466,0.0
2025-09-21 18:00:00,0.0,0.0,-1.666
2025-09-21 19:00:00,0.0,0.0,-2.718
2025-09-21 20:00:00,0.0,0.0,-0.573
2025-09-21 21:00:00,0.0,0.0,-0.657
2025-09-21 22:00:00,0.0,0.0,-4.366
2025-09-21 23:00:00,0.0,0.0,0.0
2025-09-22 00:00:00,0.0,0.0,0.0
2025-09-22 01:00:00,0.0,0.0,0.0
2025-09-22 02:00:00,0.0,0.0,0.0
2025-09-22 03:00:00,0.0,0.0,0.0
2025-09-22 04:00:00,0.0,0.0,0.0
2025-09-22 05:00:00,0.0,0.0,0.0
2025-09-22 06:00:00,0.0,0.0,0.0
2025-09-22 07:00:00,3.299,2.699,0.0
2025-09-22 08:00:00,5.182,4.24,0.0
2025-09-22 09:00:00,9.281,7.593,0.0
2025-09-22 10:00:00,11.095,9.078,2.94
2025-09-22 11:00:00,14.58,11.929,4.105
2025-09-22 12:00:00,13.923,11.392,5.913
2025-09-22 13:00:00,14.09,11.528,3.165
2025-09-22 14:00:00,12.908,10.561,4.091
2025-09-22 15:00:00,7.829,6.405,4.398
2025-09-22 16:00:00,4.947,4.048,0.0
2025-09-22 17:00:00,2.837,2.321,0.0
2025-09-22 18:00:00,0.0,0.0,-4.247
2025-09-22 19:00:00,0.0,0.0,-4.077
2025-09-22 20:00:00,0.0,0.0,-3.096
2025-09-22 21:00:00,0.0,0.0,-1.212
2025-09-22 22:00:00,0.0,0.0,-3.081
2025-09-22 23:00:00,0.0,0.0,0.0
2025-09-23 00:00:00,0.0,0.0,0.0
2025-09-23 01:00:00,0.0,0.0,0.0
2025-09-23 02:00:00,0.0,0.0,0.0
2025-09-23 03:00:00,0.0,0.0,0.0
2025-09-23 04:00:00,0.0,0.0,0.0
2025-09-23 05:00:00,0.0,0.0,0.0
2025-09-23 06:00:00,0.0,0.0,0.0
2025-09-23 07:00:00,3.866,3.163,0.0
2025-09-23 08:00:00,6.024,4.929,0.0
2025-09-23 09:00:00,9.968,8.155,0.0
2025-09-23 10:00:00,9.603,7.857,1.806
2025-09-23 11:00:00,12.572,10.287,0.273
2025-09-23 12:00:00,11.748,9.612,1.303
2025-09-23 13:00:00,14.618,11.96,2.113
2025-09-23 14:00:00,8.943,7.317,1.824
2025-09-23 15:00:00,10.718,8.77,3.882
2025-09-23 16:00:00,4.825,3.948,0.0
2025-09-23 17:00:00,3.477,2.845,0.0
2025-09-23 18:00:00,0.0,0.0,-2.911
2025-09-23 19:00:00,0.0,0.0,-3.087
2025-09-23 20:00:00,0.0,0.0,-1.526
2025-09-23 21:00:00,0.0,0.0,-0.692
2025-09-23 22:00:00,0.0,0.0,-0.305
2025-09-23 23:00:00,0.0,0.0,0.0
2025-09-24 00:00:00,0.0,0.0,0.0
2025-09-24 01:00:00,0.0,0.0,0.0
2025-09-24 02:00:00,0.0,0.0,0.0
2025-09-24 03:00:00,0.0,0.0,0.0
2025-09-24 04:00:00,0.0,0.0,0.0
2025-09-24 05:00:00,0.0,0.0,0.0
2025-09-24 06:00:00,0.0,0.0,0.0
2025-09-24 07:00:00,2.581,2.111,0.0
2025-09-24 08:00:00,7.294,5.968,0.0
2025-09-24 09:00:00,9.791,8.011,0.0
2025-09-24 10:00:00,8.359,6.839,3.16
2025-09-24 11:00:00,12.035,9.847,2.222
2025-09-24 12:00:00,12.601,10.31,3.944
2025-09-24 13:00:00,10.856,8.882,2.409
2025-09-24 14:00:00,10.026,8.203,1.577
2025-09-24 15:00:00,6.857,5.611,5.638
2025-09-24 16:00:00,7.549,6.176,0.0
2025-09-24 17:00:00,2.688,2.2,0.0
2025-09-24 18:00:00,0.0,0.0,-2.468
2025-09-24 19:00:00,0.0,0.0,-1.41
2025-09-24 20:00:00,0.0,0.0,-0.256
2025-09-24 21:00:00,0.0,0.0,-3.155
2025-09-24 22:00:00,0.0,0.0,-3.515
2025-09-24 23:00:00,0.0,0.0,0.0
2025-09-25 00:00:00,0.0,0.0,0.0
2025-09-25 01:00:00,0.0,0.0,0.0
2025-09-25 02:00:00,0.0,0.0,0.0
2025-09-25 03:00:00,0.0,0.0,0.0
2025-09-25 04:00:00,0.0,0.0,0.0
2025-09-25 05:00:00,0.0,0.0,0.0
2025-09-25 06:00:00,0.0,0.0,0.0
2025-09-25 07:00:00,4.106,3.359,0.0
2025-09-25 08:00:00,6.126,5.012,0.0
2025-09-25 09:00:00,7.395,6.05,0.0
2025-09-25 10:00:00,13.766,11.263,5.627
2025-09-25 11:00:00,10.861,8.886,5.199
2025-09-25 12:00:00,10.864,8.889,3.377
2025-09-25 13:00:00,11.994,9.813,0.287
2025-09-25 14:00:00,8.874,7.26,1.768
2025-09-25 15:00:00,7.401,6.055,2.307
2025-09-25 16:00:00,6.691,5.474,0.0
2025-09-25 17:00:00,3.809,3.117,0.0
2025-09-25 18:00:00,0.0,0.0,-4.107
2025-09-25 19:00:00,0.0,0.0,-0.785
2025-09-25 20:00:00,0.0,0.0,-4.722
2025-09-25 21:00:00,0.0,0.0,-3.169
2025-09-25 22:00:00,0.0,0.0,-2.683
2025-09-25 23:00:00,0.0,0.0,0.0
2025-09-26 00:00:00,0.0,0.0,0.0
2025-09-26 01:00:00,0.0,0.0,0.0
2025-09-26 02:00:00,0.0,0.0,0.0
2025-09-26 03:00:00,0.0,0.0,0.0
2025-09-26 04:00:00,0.0,0.0,0.0
2025-09-26 05:00:00,0.0,0.0,0.0
2025-09-26 06:00:00,0.0,0.0,0.0
2025-09-26 07:00:00,4.071,3.331,0.0
2025-09-26 08:00:00,5.305,4.341,0.0
2025-09-26 09:00:00,9.821,8.035,0.0
2025-09-26 10:00:00,13.929,11.396,5.848
2025-09-26 11:00:00,11.407,9.333,0.224
2025-09-26 12:00:00,15.365,12.571,2.825
2025-09-26 13:00:00,11.283,9.232,1.135
2025-09-26 14:00:00,12.36,10.113,3.345
2025-09-26 15:00:00,9.778,8.0,3.571
2025-09-26 16:00:00,6.757,5.529,0.0
2025-09-26 17:00:00,3.234,2.646,0.0
2025-09-26 18:00:00,0.0,0.0,-2.926
2025-09-26 19:00:00,0.0,0.0,-0.749
2025-09-26 20:00:00,0.0,0.0,-4.362
2025-09-26 21:00:00,0.0,0.0,-2.329
2025-09-26 22:00:00,0.0,0.0,-1.044
2025-09-26 23:00:00,0.0,0.0,0.0
2025-09-27 00:00:00,0.0,0.0,0.0
2025-09-27 01:00:00,0.0,0.0,0.0
2025-09-27 02:00:00,0.0,0.0,0.0
2025-09-27 03:00:00,0.0,0.0,0.0
2025-09-27 04:00:00,0.0,0.0,0.0
2025-09-27 05:00:00,0.0,0.0,0.0
2025-09-27 06:00:00,0.0,0.0,0.0
2025-09-27 07:00:00,3.291,2.693,0.0
2025-09-27 08:00:00,6.602,5.402,0.0
2025-09-27 09:00:00,8.444,6.909,0.0
2025-09-27 10:00:00,12.106,9.905,3.586
2025-09-27 11:00:00,15.163,12.406,5.219
2025-09-27 12:00:00,15.805,12.931,0.461
2025-09-27 13:00:00,13.979,11.437,3.033
2025-09-27 14:00:00,10.609,8.68,5.379
2025-09-27 15:00:00,9.894,8.095,2.863
2025-09-27 16:00:00,7.76,6.349,0.0
2025-09-27 17:00:00,3.176,2.599,0.0
2025-09-27 18:00:00,0.0,0.0,-2.839
2025-09-27 19:00:00,0.0,0.0,-2.538
2025-09-27 20:00:00,0.0,0.0,-1.637
2025-09-27 21:00:00,0.0,0.0,-1.221
2025-09-27 22:00:00,0.0,0.0,-2.301
2025-09-27 23:00:00,0.0,0.0,0.0
2025-09-28 00:00:00,0.0,0.0,0.0
2025-09-28 01:00:00,0.0,0.0,0.0
2025-09-28 02:00:00,0.0,0.0,0.0
2025-09-28 03:00:00,0.0,0.0,0.0
2025-09-28 04:00:00,0.0,0.0,0.0
2025-09-28 05:00:00,0.0,0.0,0.0
2025-09-28 06:00:00,0.0,0.0,0.0
2025-09-28 07:00:00,2.643,2.163,0.0
2025-09-28 08:00:00,8.1,6.627,0.0
2025-09-28 09:00:00,10.343,8.462,0.0
2025-09-28 10:00:00,11.209,9.171,1.752
2025-09-28 11:00:00,9.999,8.181,1.929
2025-09-28 12:00:00,11.913,9.747,4.801
2025-09-28 13:00:00,11.396,9.324,2.991
2025-09-28 14:00:00,9.742,7.971,2.418
2025-09-28 15:00:00,7.188,5.881,1.749
2025-09-28 16:00:00,6.399,5.236,0.0
2025-09-28 17:00:00,3.776,3.089,0.0
2025-09-28 18:00:00,0.0,0.0,-0.06
2025-09-28 19:00:00,0.0,0.0,-4.453
2025-09-28 20:00:00,0.0,0.0,-0.505
2025-09-28 21:00:00,0.0,0.0,-4.468
2025-09-28 22:00:00,0.0,0.0,-3.405
2025-09-28 23:00:00,0.0,0.0,0.0
2025-09-29 00:00:00,0.0,0.0,0.0
2025-09-29 01:00:00,0.0,0.0,0.0
2025-09-29 02:00:00,0.0,0.0,0.0
2025-09-29 03:00:00,0.0,0.0,0.0
2025-09-29 04:00:00,0.0,0.0,0.0
2025-09-29 05:00:00,0.0,0.0,0.0
2025-09-29 06:00:00,0.0,0.0,0.0
2025-09-29 07:00:00,3.637,2.976,0.0
2025-09-29 08:00:00,5.147,4.211,0.0
2025-09-29 09:00:00,7.362,6.024,0.0
2025-09-29 10:00:00,10.789,8.827,4.171
2025-09-29 11:00:00,14.508,11.87,1.049
2025-09-29 12:00:00,10.359,8.476,5.341
2025-09-29 13:00:00,13.194,10.795,2.628
2025-09-29 14:00:00,9.356,7.655,1.815
2025-09-29 15:00:00,10.54,8.624,2.537
2025-09-29 16:00:00,6.982,5.712,0.0
2025-09-29 17:00:00,2.628,2.15,0.0
2025-09-29 18:00:00,0.0,0.0,-1.271
2025-09-29 19:00:00,0.0,0.0,-1.309
2025-09-29 20:00:00,0.0,0.0,-3.492
2025-09-29 21:00:00,0.0,0.0,-3.855
2025-09-29 22:00:00,0.0,0.0,-0.795
2025-09-29 23:00:00,0.0,0.0,0.0
2025-09-30 00:00:00,0.0,0.0,0.0
2025-09-30 01:00:00,0.0,0.0,0.0
2025-09-30 02:00:00,0.0,0.0,0.0
2025-09-30 03:00:00,0.0,0.0,0.0
2025-09-30 04:00:00,0.0,0.0,0.0
2025-09-30 05:00:00,0.0,0.0,0.0
2025-09-30 06:00:00,0.0,0.0,0.0
2025-09-30 07:00:00,3.444,2.818,0.0
2025-09-30 08:00:00,7.496,6.133,0.0
2025-09-30 09:00:00,10.93,8.943,0.0
2025-09-30 10:00:00,13.632,11.153,3.631
2025-09-30 11:00:00,15.798,12.926,2.787
2025-09-30 12:00:00,13.519,11.061,3.083
2025-09-30 13:00:00,12.545,10.264,4.695
2025-09-30 14:00:00,8.986,7.353,2.355
2025-09-30 15:00:00,10.477,8.572,5.957
2025-09-30 16:00:00,6.156,5.037,0.0
2025-09-30 17:00:00,4.149,3.395,0.0
2025-09-30 18:00:00,0.0,0.0,-0.421
2025-09-30 19:00:00,0.0,0.0,-0.721
2025-09-30 20:00:00,0.0,0.0,-4.444
2025-09-30 21:00:00,0.0,0.0,-2.179
2025-09-30 22:00:00,0.0,0.0,-0.067
2025-09-30 23:00:00,0.0,0.0,0.0
2025-10-01 00:00:00,0.0,0.0,0.0
2025-10-01 01:00:00,0.0,0.0,0.0
2025-10-01 02:00:00,0.0,0.0,0.0
2025-10-01 03:00:00,0.0,0.0,0.0
2025-10-01 04:00:00,0.0,0.0,0.0
2025-10-01 05:00:00,0.0,0.0,0.0
2025-10-01 06:00:00,0.0,0.0,0.0
2025-10-01 07:00:00,3.155,2.581,0.0
2025-10-01 08:00:00,6.662,5.451,0.0
2025-10-01 09:00:00,9.668,7.91,0.0
2025-10-01 10:00:00,12.877,10.536,4.683
2025-10-01 11:00:00,15.23,12.461,4.491
2025-10-01 12:00:00,10.926,8.939,3.753
2025-10-01 13:00:00,10.658,8.72,5.165
2025-10-01 14:00:00,12.537,10.258,3.688
2025-10-01 15:00:00,7.353,6.016,3.811
2025-10-01 16:00:00,5.219,4.27,0.0
2025-10-01 17:00:00,2.602,2.129,0.0
2025-10-01 18:00:00,0.0,0.0,-0.538
2025-10-01 19:00:00,0.0,0.0,-3.759
2025-10-01 20:00:00,0.0,0.0,-3.876
2025-10-01 21:00:00,0.0,0.0,-0.144
2025-10-01 22:00:00,0.0,0.0,-2.925
2025-10-01 23:00:00,0.0,0.0,0.0
2025-10-02 00:00:00,0.0,0.0,0.0
2025-10-02 01:00:00,0.0,0.0,0.0
2025-10-02 02:00:00,0.0,0.0,0.0
2025-10-02 03:00:00,0.0,0.0,0.0
2025-10-02 04:00:00,0.0,0.0,0.0
2025-10-02 05:00:00,0.0,0.0,0.0
2025-10-02 06:00:00,0.0,0.0,0.0
2025-10-02 07:00:00,3.147,2.575,0.0
2025-10-02 08:00:00,6.67,5.458,0.0
2025-10-02 09:00:00,8.974,7.342,0.0
2025-10-02 10:00:00,11.924,9.756,4.224
2025-10-02 11:00:00,10.923,8.937,1.241
2025-10-02 12:00:00,12.994,10.632,1.162
2025-10-02 13:00:00,14.758,12.075,0.751
2025-10-02 14:00:00,10.225,8.366,0.357
2025-10-02 15:00:00,8.539,6.987,2.215
2025-10-02 16:00:00,7.68,6.284,0.0
2025-10-02 17:00:00,2.743,2.245,0.0
2025-10-02 18:00:00,0.0,0.0,-1.954
2025-10-02 19:00:00,0.0,0.0,-2.436
2025-10-02 20:00:00,0.0,0.0,-1.369
2025-10-02 21:00:00,0.0,0.0,-1.692
2025-10-02 22:00:00,0.0,0.0,-4.108
2025-10-02 23:00:00,0.0,0.0,0.0
2025-10-03 00:00:00,0.0,0.0,0.0
2025-10-03 01:00:00,0.0,0.0,0.0
2025-10-03 02:00:00,0.0,0.0,0.0
2025-10-03 03:00:00,0.0,0.0,0.0
2025-10-03 04:00:00,0.0,0.0,0.0
2025-10-03 05:00:00,0.0,0.0,0.0
2025-10-03 06:00:00,0.0,0.0,0.0
2025-10-03 07:00:00,4.279,3.501,0.0
2025-10-03 08:00:00,8.003,6.548,0.0
2025-10-03 09:00:00,11.318,9.26,0.0
2025-10-03 10:00:00,14.308,11.706,4.472
2025-10-03 11:00:00,15.873,12.987,1.859
2025-10-03 12:00:00,11.425,9.348,1.532
2025-10-03 13:00:00,10.334,8.455,0.094
2025-10-03 14:00:00,9.265,7.58,5.722
2025-10-03 15:00:00,9.314,7.621,0.93
2025-10-03 16:00:00,7.032,5.754,0.0
2025-10-03 17:00:00,3.258,2.666,0.0
2025-10-03 18:00:00,0.0,0.0,-2.016
2025-10-03 19:00:00,0.0,0.0,-3.319
2025-10-03 20:00:00,0.0,0.0,-0.429
2025-10-03 21:00:00,0.0,0.0,-4.662
2025-10-03 22:00:00,0.0,0.0,-1.881
2025-10-03 23:00:00,0.0,0.0,0.0
2025-10-04 00:00:00,0.0,0.0,0.0
2025-10-04 01:00:00,0.0,0.0,0.0
2025-10-04 02:00:00,0.0,0.0,0.0
2025-10-04 03:00:00,0.0,0.0,0.0
2025-10-04 04:00:00,0.0,0.0,0.0
2025-10-04 05:00:00,0.0,0.0,0.0
2025-10-04 06:00:00,0.0,0.0,0.0
2025-10-04 07:00:00,3.374,2.76,0.0
2025-10-04 08:00:00,6.556,5.364,0.0
2025-10-04 09:00:00,10.197,8.343,0.0
2025-10-04 10:00:00,11.269,9.22,1.53
2025-10-04 11:00:00,10.813,8.847,5.573
2025-10-04 12:00:00,14.63,11.97,5.399
2025-10-04 13:00:00,14.245,11.655,5.001
2025-10-04 14:00:00,9.642,7.889,4.963
2025-10-04 15:00:00,8.578,7.019,0.969
2025-10-04 16:00:00,5.281,4.321,0.0
2025-10-04 17:00:00,3.448,2.821,0.0
2025-10-04 18:00:00,0.0,0.0,-1.585
2025-10-04 19:00:00,0.0,0.0,-4.545
2025-10-04 20:00:00,0.0,0.0,-4.089
2025-10-04 21:00:00,0.0,0.0,-0.56
2025-10-04 22:00:00,0.0,0.0,-3.813
2025-10-04 23:00:00,0.0,0.0,0.0
2025-10-05 00:00:00,0.0,0.0,0.0
2025-10-05 01:00:00,0.0,0.0,0.0
2025-10-05 02:00:00,0.0,0.0,0.0
2025-10-05 03:00:00,0.0,0.0,0.0
2025-10-05 04:00:00,0.0,0.0,0.0
2025-10-05 05:00:00,0.0,0.0,0.0
2025-10-05 06:00:00,0.0,0.0,0.0
2025-10-05 07:00:00,3.391,2.774,0.0
2025-10-05 08:00:00,7.441,6.088,0.0
2025-10-05 09:00:00,11.133,9.108,0.0
2025-10-05 10:00:00,13.92,11.389,0.869
2025-10-05 11:00:00,10.06,8.231,3.733
2025-10-05 12:00:00,16.439,13.45,4.41
2025-10-05 13:00:00,9.852,8.061,0.588
2025-10-05 14:00:00,13.994,11.45,4.117
2025-10-05 15:00:00,8.552,6.997,3.641
2025-10-05 16:00:00,7.772,6.359,0.0
2025-10-05 17:00:00,3.811,3.118,0.0
2025-10-05 18:00:00,0.0,0.0,-0.055
2025-10-05 19:00:00,0.0,0.0,-3.831
2025-10-05 20:00:00,0.0,0.0,-3.586
2025-10-05 21:00:00,0.0,0.0,-3.935
2025-10-05 22:00:00,0.0,0.0,-4.696
2025-10-05 23:00:00,0.0,0.0,0.0
2025-10-06 00:00:00,0.0,0.0,0.0
2025-10-06 01:00:00,0.0,0.0,0.0
2025-10-06 02:00:00,0.0,0.0,0.0
2025-10-06 03:00:00,0.0,0.0,0.0
2025-10-06 04:00:00,0.0,0.0,0.0
2025-10-06 05:00:00,0.0,0.0,0.0
2025-10-06 06:00:00,0.0,0.0,0.0
2025-10-06 07:00:00,3.851,3.151,0.0
2025-10-06 08:00:00,8.163,6.679,0.0
2025-10-06 09:00:00,10.606,8.678,0.0
2025-10-06 10:00:00,13.767,11.264,5.402
2025-10-06 11:00:00,12.265,10.035,4.096
2025-10-06 12:00:00,15.131,12.38,0.227
2025-10-06 13:00:00,12.713,10.401,2.821
2025-10-06 14:00:00,13.778,11.273,1.873
2025-10-06 15:00:00,11.244,9.2,4.054
2025-10-06 16:00:00,8.052,6.588,0.0
2025-10-06 17:00:00,3.34,2.733,0.0
2025-10-06 18:00:00,0.0,0.0,-2.341
2025-10-06 19:00:00,0.0,0.0,-1.639
2025-10-06 20:00:00,0.0,0.0,-2.222
2025-10-06 21:00:00,0.0,0.0,-3.767
2025-10-06 22:00:00,0.0,0.0,-2.977
2025-10-06 23:00:00,0.0,0.0,0.0
2025-10-07 00:00:00,0.0,0.0,0.0
2025-10-07 01:00:00,0.0,0.0,0.0
2025-10-07 02:00:00,0.0,0.0,0.0
2025-10-07 03:00:00,0.0,0.0,0.0
2025-10-07 04:00:00,0.0,0.0,0.0
2025-10-07 05:00:00,0.0,0.0,0.0
2025-10-07 06:00:00,0.0,0.0,0.0
2025-10-07 07:00:00,3.592,2.939,0.0
2025-10-07 08:00:00,5.887,4.817,0.0
2025-10-07 09:00:00,7.573,6.196,0.0
2025-10-07 10:00:00,9.314,7.621,0.08
2025-10-07 11:00:00,12.101,9.901,5.859
2025-10-07 12:00:00,13.988,11.445,3.014
2025-10-07 13:00:00,13.527,11.068,4.896
2025-10-07 14:00:00,12.856,10.519,0.592
2025-10-07 15:00:00,8.863,7.251,4.322
2025-10-07 16:00:00,6.57,5.376,0.0
2025-10-07 17:00:00,3.535,2.893,0.0
2025-10-07 18:00:00,0.0,0.0,-1.337
2025-10-07 19:00:00,0.0,0.0,-3.933
2025-10-07 20:00:00,0.0,0.0,-0.574
2025-10-07 21:00:00,0.0,0.0,-2.583
2025-10-07 22:00:00,0.0,0.0,-0.667
2025-10-07 23:00:00,0.0,0.0,0.0
2025-10-08 00:00:00,0.0,0.0,0.0
2025-10-08 01:00:00,0.0,0.0,0.0
2025-10-08 02:00:00,0.0,0.0,0.0
2025-10-08 03:00:00,0.0,0.0,0.0
2025-10-08 04:00:00,0.0,0.0,0.0
2025-10-08 05:00:00,0.0,0.0,0.0
2025-10-08 06:00:00,0.0,0.0,0.0
2025-10-08 07:00:00,3.166,2.59,0.0
2025-10-08 08:00:00,8.011,6.554,0.0
2025-10-08 09:00:00,10.135,8.292,0.0
2025-10-08 10:00:00,11.934,9.764,2.582
2025-10-08 11:00:00,10.814,8.848,0.549
2025-10-08 12:00:00,12.366,10.118,2.343
2025-10-08 13:00:00,13.828,11.314,3.189
2025-10-08 14:00:00,12.368,10.119,3.326
2025-10-08 15:00:00,10.895,8.914,5.58
2025-10-08 16:00:00,5.77,4.721,0.0
2025-10-08 17:00:00,2.7,2.209,0.0
2025-10-08 18:00:00,0.0,0.0,-1.589
2025-10-08 19:00:00,0.0,0.0,-0.078
2025-10-08 20:00:00,0.0,0.0,-4.201
2025-10-08 21:00:00,0.0,0.0,-4.687
2025-10-08 22:00:00,0.0,0.0,-1.064
2025-10-08 23:00:00,0.0,0.0,0.0
2025-10-09 00:00:00,0.0,0.0,0.0
2025-10-09 01:00:00,0.0,0.0,0.0
2025-10-09 02:00:00,0.0,0.0,0.0
2025-10-09 03:00:00,0.0,0.0,0.0
2025-10-09 04:00:00,0.0,0.0,0.0
2025-10-09 05:00:00,0.0,0.0,0.0
2025-10-09 06:00:00,0.0,0.0,0.0
2025-10-09 07:00:00,4.335,3.547,0.0
2025-10-09 08:00:00,6.899,5.645,0.0
2025-10-09 09:00:00,9.212,7.537,0.0
2025-10-09 10:00:00,10.101,8.265,3.299
2025-10-09 11:00:00,16.228,13.277,1.825
2025-10-09 12:00:00,12.792,10.466,2.19
2025-10-09 13:00:00,14.055,11.5,2.614
2025-10-09 14:00:00,14.719,12.043,0.338
2025-10-09 15:00:00,10.536,8.62,5.349
2025-10-09 16:00:00,6.644,5.436,0.0
2025-10-09 17:00:00,3.572,2.923,0.0
2025-10-09 18:00:00,0.0,0.0,-0.097
2025-10-09 19:00:00,0.0,0.0,-0.435
2025-10-09 20:00:00,0.0,0.0,-2.778
2025-10-09 21:00:00,0.0,0.0,-3.306
2025-10-09 22:00:00,0.0,0.0,-2.015
2025-10-09 23:00:00,0.0,0.0,0.0
2025-10-10 00:00:00,0.0,0.0,0.0
2025-10-10 01:00:00,0.0,0.0,0.0
2025-10-10 02:00:00,0.0,0.0,0.0
2025-10-10 03:00:00,0.0,0.0,0.0
2025-10-10 04:00:00,0.0,0.0,0.0
2025-10-10 05:00:00,0.0,0.0,0.0
2025-10-10 06:00:00,0.0,0.0,0.0
2025-10-10 07:00:00,3.015,2.467,0.0
2025-10-10 08:00:00,6.47,5.294,0.0
2025-10-10 09:00:00,10.917,8.932,0.0
2025-10-10 10:00:00,10.858,8.883,2.477
2025-10-10 11:00:00,15.367,12.573,3.7
2025-10-10 12:00:00,12.875,10.534,4.965
2025-10-10 13:00:00,15.13,12.379,2.593
2025-10-10 14:00:00,10.607,8.679,0.682
2025-10-10 15:00:00,10.855,8.881,5.877
2025-10-10 16:00:00,5.3,4.336,0.0
2025-10-10 17:00:00,3.828,3.132,0.0
2025-10-10 18:00:00,0.0,0.0,-0.836
2025-10-10 19:00:00,0.0,0.0,-2.596
2025-10-10 20:00:00,0.0,0.0,-2.575
2025-10-10 21:00:00,0.0,0.0,-2.807
2025-10-10 22:00:00,0.0,0.0,-1.402
2025-10-10 23:00:00,0.0,0.0,0.0
2025-10-11 00:00:00,0.0,0.0,0.0
2025-10-11 01:00:00,0.0,0.0,0.0
2025-10-11 02:00:00,0.0,0.0,0.0
2025-10-11 03:00:00,0.0,0.0,0.0
2025-10-11 04:00:00,0.0,0.0,0.0
2025-10-11 05:00:00,0.0,0.0,0.0
2025-10-11 06:00:00,0.0,0.0,0.0
2025-10-11 07:00:00,3.31,2.708,0.0
2025-10-11 08:00:00,8.593,7.031,0.0
2025-10-11 09:00:00,10.345,8.464,0.0
2025-10-11 10:00:00,10.472,8.568,3.304
2025-10-11 11:00:00,10.806,8.841,4.121
2025-10-11 12:00:00,10.511,8.6,5.823
2025-10-11 13:00:00,13.29,10.873,1.483
2025-10-11 14:00:00,10.904,8.921,4.632
2025-10-11 15:00:00,9.974,8.16,1.787
2025-10-11 16:00:00,6.253,5.116,0.0
2025-10-11 17:00:00,3.787,3.098,0.0
2025-10-11 18:00:00,0.0,0.0,-0.236
2025-10-11 19:00:00,0.0,0.0,-0.534
2025-10-11 20:00:00,0.0,0.0,-4.737
2025-10-11 21:00:00,0.0,0.0,-2.006
2025-10-11 22:00:00,0.0,0.0,-0.257
2025-10-11 23:00:00,0.0,0.0,0.0
2025-10-12 00:00:00,0.0,0.0,0.0
2025-10-12 01:00:00,0.0,0.0,0.0
2025-10-12 02:00:00,0.0,0.0,0.0
2025-10-12 03:00:00,0.0,0.0,0.0
2025-10-12 04:00:00,0.0,0.0,0.0
2025-10-12 05:00:00,0.0,0.0,0.0
2025-10-12 06:00:00,0.0,0.0,0.0
2025-10-12 07:00:00,4.269,3.493,0.0
2025-10-12 08:00:00,5.277,4.317,0.0
2025-10-12 09:00:00,11.642,9.525,0.0
2025-10-12 10:00:00,9.309,7.617,4.989
2025-10-12 11:00:00,11.903,9.739,4.132
2025-10-12 12:00:00,13.565,11.098,4.8
2025-10-12 13:00:00,15.371,12.576,1.626
2025-10-12 14:00:00,13.531,11.07,0.317
2025-10-12 15:00:00,11.202,9.165,3.753
2025-10-12 16:00:00,7.401,6.055,0.0
2025-10-12 17:00:00,3.071,2.512,0.0
2025-10-12 18:00:00,0.0,0.0,-4.512
2025-10-12 19:00:00,0.0,0.0,-4.911
2025-10-12 20:00:00,0.0,0.0,-1.403
2025-10-12 21:00:00,0.0,0.0,-0.83
2025-10-12 22:00:00,0.0,0.0,-4.243
2025-10-12 23:00:00,0.0,0.0,0.0
2025-10-13 00:00:00,0.0,0.0,0.0
2025-10-13 01:00:00,0.0,0.0,0.0
2025-10-13 02:00:00,0.0,0.0,0.0
2025-10-13 03:00:00,0.0,0.0,0.0
2025-10-13 04:00:00,0.0,0.0,0.0
2025-10-13 05:00:00,0.0,0.0,0.0
2025-10-13 06:00:00,0.0,0.0,0.0
2025-10-13 07:00:00,3.837,3.14,0.0
2025-10-13 08:00:00,8.404,6.876,0.0
2025-10-13 09:00:00,8.751,7.16,0.0
2025-10-13 10:00:00,14.613,11.956,0.412
2025-10-13 11:00:00,14.107,11.542,1.8
2025-10-13 12:00:00,16.93,13.852,1.309
2025-10-13 13:00:00,15.305,12.523,5.956
2025-10-13 14:00:00,13.097,10.716,4.78
2025-10-13 15:00:00,12.142,9.934,1.396
2025-10-13 16:00:00,7.41,6.063,0.0
2025-10-13 17:00:00,3.292,2.693,0.0
2025-10-13 18:00:00,0.0,0.0,-3.41
2025-10-13 19:00:00,0.0,0.0,-1.054
2025-10-13 20:00:00,0.0,0.0,-3.797
2025-10-13 21:00:00,0.0,0.0,-1.684
2025-10-13 22:00:00,0.0,0.0,-2.895
2025-10-13 23:00:00,0.0,0.0,0.0
2025-10-14 00:00:00,0.0,0.0,0.0
2025-10-14 01:00:00,0.0,0.0,0.0
2025-10-14 02:00:00,0.0,0.0,0.0
2025-10-14 03:00:00,0.0,0.0,0.0
2025-10-14 04:00:00,0.0,0.0,0.0
2025-10-14 05:00:00,0.0,0.0,0.0
2025-10-14 06:00:00,0.0,0.0,0.0
2025-10-14 07:00:00,4.115,3.367,0.0
2025-10-14 08:00:00,6.872,5.623,0.0
2025-10-14 09:00:00,11.365,9.299,0.0
2025-10-14 10:00:00,13.695,11.205,0.394
2025-10-14 11:00:00,13.603,11.129,0.347
2025-10-14 12:00:00,16.016,13.104,2.193
2025-10-14 13:00:00,11.327,9.268,5.44
2025-10-14 14:00:00,12.766,10.445,4.443
2025-10-14 15:00:00,10.23,8.37,1.425
2025-10-14 16:00:00,6.701,5.483,0.0
2025-10-14 17:00:00,3.419,2.798,0.0
2025-10-14 18:00:00,0.0,0.0,-2.048
2025-10-14 19:00:00,0.0,0.0,-2.23
2025-10-14 20:00:00,0.0,0.0,-3.679
2025-10-14 21:00:00,0.0,0.0,-2.189
2025-10-14 22:00:00,0.0,0.0,-4.523
2025-10-14 23:00:00,0.0,0.0,0.0
2025-10-15 00:00:00,0.0,0.0,0.0
2025-10-15 01:00:00,0.0,0.0,0.0
2025-10-15 02:00:00,0.0,0.0,0.0
2025-10-15 03:00:00,0.0,0.0,0.0
2025-10-15 04:00:00,0.0,0.0,0.0
2025-10-15 05:00:00,0.0,0.0,0.0
2025-10-15 06:00:00,0.0,0.0,0.0
2025-10-15 07:00:00,3.809,3.116,0.0
2025-10-15 08:00:00,5.409,4.425,0.0
2025-10-15 09:00:00,9.108,7.452,0.0
2025-10-15 10:00:00,10.011,8.191,5.124
2025-10-15 11:00:00,13.421,10.981,4.18
2025-10-15 12:00:00,16.944,13.863,4.852
2025-10-15 13:00:00,14.001,11.455,2.848
2025-10-15 14:00:00,13.424,10.983,2.531
2025-10-15 15:00:00,11.994,9.813,2.289
2025-10-15 16:00:00,7.606,6.223,0.0
2025-10-15 17:00:00,3.177,2.599,0.0
2025-10-15 18:00:00,0.0,0.0,-1.124
2025-10-15 19:00:00,0.0,0.0,-1.252
2025-10-15 20:00:00,0.0,0.0,-0.795
2025-10-15 21:00:00,0.0,0.0,-3.41
2025-10-15 22:00:00,0.0,0.0,-4.573
2025-10-15 23:00:00,0.0,0.0,0.0
2025-10-16 00:00:00,0.0,0.0,0.0
2025-10-16 01:00:00,0.0,0.0,0.0
2025-10-16 02:00:00,0.0,0.0,0.0
2025-10-16 03:00:00,0.0,0.0,0.0
2025-10-16 04:00:00,0.0,0.0,0.0
2025-10-16 05:00:00,0.0,0.0,0.0
2025-10-16 06:00:00,0.0,0.0,0.0
2025-10-16 07:00:00,4.021,3.29,0.0
2025-10-16 08:00:00,8.733,7.145,0.0
2025-10-16 09:00:00,11.777,9.636,0.0
2025-10-16 10:00:00,9.982,8.167,4.74
2025-10-16 11:00:00,15.595,12.76,3.028
2025-10-16 12:00:00,10.893,8.913,1.901
2025-10-16 13:00:00,13.612,11.137,1.048
2025-10-16 14:00:00,9.888,8.09,2.508
2025-10-16 15:00:00,12.397,10.143,0.195
2025-10-16 16:00:00,7.325,5.993,0.0
2025-10-16 17:00:00,3.276,2.68,0.0
2025-10-16 18:00:00,0.0,0.0,-0.424
2025-10-16 19:00:00,0.0,0.0,-4.885
2025-10-16 20:00:00,0.0,0.0,-3.904
2025-10-16 21:00:00,0.0,0.0,-0.063
2025-10-16 22:00:00,0.0,0.0,-1.043
2025-10-16 23:00:00,0.0,0.0,0.0
2025-10-17 00:00:00,0.0,0.0,0.0
2025-10-17 01:00:00,0.0,0.0,0.0
2025-10-17 02:00:00,0.0,0.0,0.0
2025-10-17 03:00:00,0.0,0.0,0.0
2025-10-17 04:00:00,0.0,0.0,0.0
2025-10-17 05:00:00,0.0,0.0,0.0
2025-10-17 06:00:00,0.0,0.0,0.0
2025-10-17 07:00:00,3.95,3.231,0.0
2025-10-17 08:00:00,6.363,5.206,0.0
2025-10-17 09:00:00,10.78,8.82,0.0
2025-10-17 10:00:00,13.449,11.004,5.792
2025-10-17 11:00:00,14.685,12.015,3.368
2025-10-17 12:00:00,15.17,12.412,5.604
2025-10-17 13:00:00,16.205,13.259,5.023
2025-10-17 14:00:00,10.927,8.941,2.946
2025-10-17 15:00:00,9.782,8.003,2.541
2025-10-17 16:00:00,8.329,6.814,0.0
2025-10-17 17:00:00,3.892,3.184,0.0
2025-10-17 18:00:00,0.0,0.0,-0.586
2025-10-17 19:00:00,0.0,0.0,-4.999
2025-10-17 20:00:00,0.0,0.0,-0.333
2025-10-17 21:00:00,0.0,0.0,-1.408
2025-10-17 22:00:00,0.0,0.0,-2.939
2025-10-17 23:00:00,0.0,0.0,0.0
2025-10-18 00:00:00,0.0,0.0,0.0
2025-10-18 01:00:00,0.0,0.0,0.0
2025-10-18 02:00:00,0.0,0.0,0.0
2025-10-18 03:00:00,0.0,0.0,0.0
2025-10-18 04:00:00,0.0,0.0,0.0
2025-10-18 05:00:00,0.0,0.0,0.0
2025-10-18 06:00:00,0.0,0.0,0.0
2025-10-18 07:00:00,3.11,2.545,0.0
2025-10-18 08:00:00,7.396,6.051,0.0
2025-10-18 09:00:00,11.136,9.111,0.0
2025-10-18 10:00:00,11.785,9.643,4.846
2025-10-18 11:00:00,14.045,11.491,2.862
2025-10-18 12:00:00,16.881,13.811,1.636
2025-10-18 13:00:00,16.889,13.819,3.833
2025-10-18 14:00:00,11.531,9.434,1.529
2025-10-18 15:00:00,9.185,7.515,1.963
2025-10-18 16:00:00,7.207,5.897,0.0
2025-10-18 17:00:00,3.772,3.086,0.0
2025-10-18 18:00:00,0.0,0.0,-0.579
2025-10-18 19:00:00,0.0,0.0,-4.282
2025-10-18 20:00:00,0.0,0.0,-1.848
2025-10-18 21:00:00,0.0,0.0,-1.831
2025-10-18 22:00:00,0.0,0.0,-3.895
2025-10-18 23:00:00,0.0,0.0,0.0
2025-10-19 00:00:00,0.0,0.0,0.0
2025-10-19 01:00:00,0.0,0.0,0.0
2025-10-19 02:00:00,0.0,0.0,0.0
2025-10-19 03:00:00,0.0,0.0,0.0
2025-10-19 04:00:00,0.0,0.0,0.0
2025-10-19 05:00:00,0.0,0.0,0.0
2025-10-19 06:00:00,0.0,0.0,0.0
2025-10-19 07:00:00,3.407,2.788,0.0
2025-10-19 08:00:00,7.855,6.427,0.0
2025-10-19 09:00:00,8.907,7.288,0.0
2025-10-19 10:00:00,14.956,12.236,0.286
2025-10-19 11:00:00,14.662,11.996,3.467
2025-10-19 12:00:00,17.555,14.364,3.022
2025-10-19 13:00:00,10.363,8.479,2.076
2025-10-19 14:00:00,13.274,10.86,1.74
2025-10-19 15:00:00,9.785,8.006,2.378
2025-10-19 16:00:00,7.105,5.813,0.0
2025-10-19 17:00:00,3.467,2.836,0.0
2025-10-19 18:00:00,0.0,0.0,-4.174
2025-10-19 19:00:00,0.0,0.0,-4.8
2025-10-19 20:00:00,0.0,0.0,-2.539
2025-10-19 21:00:00,0.0,0.0,-2.005
2025-10-19 22:00:00,0.0,0.0,-4.273
2025-10-19 23:00:00,0.0,0.0,0.0
2025-10-20 00:00:00,0.0,0.0,0.0
2025-10-20 01:00:00,0.0,0.0,0.0
2025-10-20 02:00:00,0.0,0.0,0.0
2025-10-20 03:00:00,0.0,0.0,0.0
2025-10-20 04:00:00,0.0,0.0,0.0
2025-10-20 05:00:00,0.0,0.0,0.0
2025-10-20 06:00:00,0.0,0.0,0.0
2025-10-20 07:00:00,2.873,2.35,0.0
2025-10-20 08:00:00,8.213,6.72,0.0
2025-10-20 09:00:00,10.799,8.836,0.0
2025-10-20 10:00:00,9.649,7.895,0.658
2025-10-20 11:00:00,12.464,10.198,3.517
2025-10-20 12:00:00,15.266,12.49,4.234
2025-10-20 13:00:00,15.993,13.085,2.453
2025-10-20 14:00:00,12.407,10.151,2.19
2025-10-20 15:00:00,9.517,7.786,4.255
2025-10-20 16:00:00,6.517,5.332,0.0
2025-10-20 17:00:00,4.623,3.783,0.0
2025-10-20 18:00:00,0.0,0.0,-2.308
2025-10-20 19:00:00,0.0,0.0,-0.778
2025-10-20 20:00:00,0.0,0.0,-4.177
2025-10-20 21:00:00,0.0,0.0,-4.597
2025-10-20 22:00:00,0.0,0.0,-4.338
2025-10-20 23:00:00,0.0,0.0,0.0
2025-10-21 00:00:00,0.0,0.0,0.0
2025-10-21 01:00:00,0.0,0.0,0.0
2025-10-21 02:00:00,0.0,0.0,0.0
2025-10-21 03:00:00,0.0,0.0,0.0
2025-10-21 04:00:00,0.0,0.0,0.0
2025-10-21 05:00:00,0.0,0.0,0.0
2025-10-21 06:00:00,0.0,0.0,0.0
2025-10-21 07:00:00,4.231,3.462,0.0
2025-10-21 08:00:00,8.856,7.246,0.0
2025-10-21 09:00:00,9.511,7.782,0.0
2025-10-21 10:00:00,11.634,9.518,2.748
2025-10-21 11:00:00,15.56,12.731,1.537
2025-10-21 12:00:00,14.296,11.697,5.245
2025-10-21 13:00:00,14.609,11.953,0.732
2025-10-21 14:00:00,13.996,11.451,2.703
2025-10-21 15:00:00,12.312,10.074,1.488
2025-10-21 16:00:00,5.991,4.902,0.0
2025-10-21 17:00:00,3.394,2.777,0.0
2025-10-21 18:00:00,0.0,0.0,-1.561
2025-10-21 19:00:00,0.0,0.0,-3.126
2025-10-21 20:00:00,0.0,0.0,-0.54
2025-10-21 21:00:00,0.0,0.0,-1.162
2025-10-21 22:00:00,0.0,0.0,-4.531
2025-10-21 23:00:00,0.0,0.0,0.0
2025-10-22 00:00:00,0.0,0.0,0.0
2025-10-22 01:00:00,0.0,0.0,0.0
2025-10-22 02:00:00,0.0,0.0,0.0
2025-10-22 03:00:00,0.0,0.0,0.0
2025-10-22 04:00:00,0.0,0.0,0.0
2025-10-22 05:00:00,0.0,0.0,0.0
2025-10-22 06:00:00,0.0,0.0,0.0
2025-10-22 07:00:00,3.431,2.807,0.0
2025-10-22 08:00:00,8.388,6.863,0.0
2025-10-22 09:00:00,11.295,9.241,0.0
2025-10-22 10:00:00,9.773,7.996,4.535
2025-10-22 11:00:00,15.657,12.81,4.357
2025-10-22 12:00:00,12.575,10.288,1.755
2025-10-22 13:00:00,10.52,8.607,4.5
2025-10-22 14:00:00,10.083,8.25,4.581
2025-10-22 15:00:00,8.116,6.641,4.633
2025-10-22 16:00:00,7.05,5.768,0.0
2025-10-22 17:00:00,3.893,3.185,0.0
2025-10-22 18:00:00,0.0,0.0,-4.661
2025-10-22 19:00:00,0.0,0.0,-2.187
2025-10-22 20:00:00,0.0,0.0,-2.905
2025-10-22 21:00:00,0.0,0.0,-1.745
2025-10-22 22:00:00,0.0,0.0,-1.865
2025-10-22 23:00:00,0.0,0.0,0.0
2025-10-23 00:00:00,0.0,0.0,0.0
2025-10-23 01:00:00,0.0,0.0,0.0
2025-10-23 02:00:00,0.0,0.0,0.0
2025-10-23 03:00:00,0.0,0.0,0.0
2025-10-23 04:00:00,0.0,0.0,0.0
2025-10-23 05:00:00,0.0,0.0,0.0
2025-10-23 06:00:00,0.0,0.0,0.0
2025-10-23 07:00:00,4.15,3.395,0.0
2025-10-23 08:00:00,8.534,6.982,0.0
2025-10-23 09:00:00,10.857,8.883,0.0
2025-10-23 10:00:00,12.499,10.227,2.767
2025-10-23 11:00:00,13.125,10.738,1.466
2025-10-23 12:00:00,11.182,9.149,4.965
2025-10-23 13:00:00,13.568,11.101,2.064
2025-10-23 14:00:00,15.481,12.667,2.556
2025-10-23 15:00:00,11.913,9.747,5.017
2025-10-23 16:00:00,6.275,5.134,0.0
2025-10-23 17:00:00,4.57,3.739,0.0
2025-10-23 18:00:00,0.0,0.0,-3.861
2025-10-23 19:00:00,0.0,0.0,-1.169
2025-10-23 20:00:00,0.0,0.0,-0.331
2025-10-23 21:00:00,0.0,0.0,-4.722
2025-10-23 22:00:00,0.0,0.0,-4.859
2025-10-23 23:00:00,0.0,0.0,0.0
2025-10-24 00:00:00,0.0,0.0,0.0
2025-10-24 01:00:00,0.0,0.0,0.0
2025-10-24 02:00:00,0.0,0.0,0.0
2025-10-24 03:00:00,0.0,0.0,0.0
2025-10-24 04:00:00,0.0,0.0,0.0
2025-10-24 05:00:00,0.0,0.0,0.0
2025-10-24 06:00:00,0.0,0.0,0.0
2025-10-24 07:00:00,3.869,3.165,0.0
2025-10-24 08:00:00,5.662,4.633,0.0
2025-10-24 09:00:00,8.605,7.041,0.0
2025-10-24 10:00:00,11.118,9.096,2.045
2025-10-24 11:00:00,12.214,9.993,5.291
2025-10-24 12:00:00,14.841,12.143,3.187
2025-10-24 13:00:00,10.841,8.87,5.512
2025-10-24 14:00:00,10.162,8.314,5.467
2025-10-24 15:00:00,11.291,9.238,0.296
2025-10-24 16:00:00,8.905,7.286,0.0
2025-10-24 17:00:00,3.078,2.518,0.0
2025-10-24 18:00:00,0.0,0.0,-0.125
2025-10-24 19:00:00,0.0,0.0,-3.054
2025-10-24 20:00:00,0.0,0.0,-2.215
2025-10-24 21:00:00,0.0,0.0,-4.276
2025-10-24 22:00:00,0.0,0.0,-4.776
2025-10-24 23:00:00,0.0,0.0,0.0
2025-10-25 00:00:00,0.0,0.0,0.0
2025-10-25 01:00:00,0.0,0.0,0.0
2025-10-25 02:00:00,0.0,0.0,0.0
2025-10-25 03:00:00,0.0,0.0,0.0
2025-10-25 04:00:00,0.0,0.0,0.0
2025-10-25 05:00:00,0.0,0.0,0.0
2025-10-25 06:00:00,0.0,0.0,0.0
2025-10-25 07:00:00,4.274,3.497,0.0
2025-10-25 08:00:00,6.066,4.963,0.0
2025-10-25 09:00:00,7.903,6.466,0.0
2025-10-25 10:00:00,12.348,10.103,3.373
2025-10-25 11:00:00,15.395,12.596,3.428
2025-10-25 12:00:00,12.792,10.466,1.447
2025-10-25 13:00:00,15.0,12.273,0.033
2025-10-25 14:00:00,10.307,8.433,2.804
2025-10-25 15:00:00,11.854,9.699,0.591
2025-10-25 16:00:00,7.203,5.893,0.0
2025-10-25 17:00:00,4.667,3.818,0.0
2025-10-25 18:00:00,0.0,0.0,-0.398
2025-10-25 19:00:00,0.0,0.0,-1.458
2025-10-25 20:00:00,0.0,0.0,-1.978
2025-10-25 21:00:00,0.0,0.0,-1.256
2025-10-25 22:00:00,0.0,0.0,-1.506
2025-10-25 23:00:00,0.0,0.0,0.0
2025-10-26 00:00:00,0.0,0.0,0.0
2025-10-26 01:00:00,0.0,0.0,0.0
2025-10-26 02:00:00,0.0,0.0,0.0
2025-10-26 03:00:00,0.0,0.0,0.0
2025-10-26 04:00:00,0.0,0.0,0.0
2025-10-26 05:00:00,0.0,0.0,0.0
2025-10-26 06:00:00,0.0,0.0,0.0
2025-10-26 07:00:00,3.42,2.798,0.0
2025-10-26 08:00:00,8.653,7.08,0.0
2025-10-26 09:00:00,11.793,9.649,0.0
2025-10-26 10:00:00,9.968,8.156,4.544
2025-10-26 11:00:00,11.893,9.731,4.447
2025-10-26 12:00:00,13.879,11.355,5.215
2025-10-26 13:00:00,13.912,11.382,1.772
2025-10-26 14:00:00,12.922,10.573,0.48
2025-10-26 15:00:00,9.227,7.55,4.224
2025-10-26 16:00:00,8.977,7.345,0.0
2025-10-26 17:00:00,3.152,2.579,0.0
2025-10-26 18:00:00,0.0,0.0,-2.447
2025-10-26 19:00:00,0.0,0.0,-0.918
2025-10-26 20:00:00,0.0,0.0,-3.648
2025-10-26 21:00:00,0.0,0.0,-1.775
2025-10-26 22:00:00,0.0,0.0,-4.869
2025-10-26 23:00:00,0.0,0.0,0.0
2025-10-27 00:00:00,0.0,0.0,0.0
2025-10-27 01:00:00,0.0,0.0,0.0
2025-10-27 02:00:00,0.0,0.0,0.0
2025-10-27 03:00:00,0.0,0.0,0.0
2025-10-27 04:00:00,0.0,0.0,0.0
2025-10-27 05:00:00,0.0,0.0,0.0
2025-10-27 06:00:00,0.0,0.0,0.0
2025-10-27 07:00:00,2.894,2.368,0.0
2025-10-27 08:00:00,5.744,4.7,0.0
2025-10-27 09:00:00,10.275,8.407,0.0
2025-10-27 10:00:00,15.396,12.596,2.242
2025-10-27 11:00:00,17.533,14.345,1.507
2025-10-27 12:00:00,14.627,11.968,4.308
2025-10-27 13:00:00,14.384,11.769,0.397
2025-10-27 14:00:00,15.648,12.803,2.01
2025-10-27 15:00:00,8.353,6.834,4.127
2025-10-27 16:00:00,5.57,4.557,0.0
2025-10-27 17:00:00,4.363,3.57,0.0
2025-10-27 18:00:00,0.0,0.0,-3.231
2025-10-27 19:00:00,0.0,0.0,-3.7
2025-10-27 20:00:00,0.0,0.0,-3.941
2025-10-27 21:00:00,0.0,0.0,-1.541
2025-10-27 22:00:00,0.0,0.0,-1.371
2025-10-27 23:00:00,0.0,0.0,0.0
2025-10-28 00:00:00,0.0,0.0,0.0
2025-10-28 01:00:00,0.0,0.0,0.0
2025-10-28 02:00:00,0.0,0.0,0.0
2025-10-28 03:00:00,0.0,0.0,0.0
2025-10-28 04:00:00,0.0,0.0,0.0
2025-10-28 05:00:00,0.0,0.0,0.0
2025-10-28 06:00:00,0.0,0.0,0.0
2025-10-28 07:00:00,3.761,3.077,0.0
2025-10-28 08:00:00,6.67,5.458,0.0
2025-10-28 09:00:00,12.933,10.581,0.0
2025-10-28 10:00:00,12.339,10.095,1.586
2025-10-28 11:00:00,12.781,10.457,0.11
2025-10-28 12:00:00,16.248,13.294,4.395
2025-10-28 13:00:00,10.885,8.906,3.842
2025-10-28 14:00:00,15.249,12.477,4.95
2025-10-28 15:00:00,8.246,6.747,5.098
2025-10-28 16:00:00,6.116,5.004,0.0
2025-10-28 17:00:00,4.74,3.878,0.0
2025-10-28 18:00:00,0.0,0.0,-4.535
2025-10-28 19:00:00,0.0,0.0,-1.288
2025-10-28 20:00:00,0.0,0.0,-1.914
2025-10-28 21:00:00,0.0,0.0,-4.113
2025-10-28 22:00:00,0.0,0.0,-1.666
2025-10-28 23:00:00,0.0,0.0,0.0
2025-10-29 00:00:00,0.0,0.0,0.0
2025-10-29 01:00:00,0.0,0.0,0.0
2025-10-29 02:00:00,0.0,0.0,0.0
2025-10-29 03:00:00,0.0,0.0,0.0
2025-10-29 04:00:00,0.0,0.0,0.0
2025-10-29 05:00:00,0.0,0.0,0.0
2025-10-29 06:00:00,0.0,0.0,0.0
2025-10-29 07:00:00,3.643,2.981,0.0
2025-10-29 08:00:00,8.353,6.834,0.0
2025-10-29 09:00:00,8.368,6.847,0.0
2025-10-29 10:00:00,10.549,8.631,3.644
2025-10-29 11:00:00,12.409,10.153,5.126
2025-10-29 12:00:00,12.777,10.454,5.368
2025-10-29 13:00:00,12.321,10.081,5.848
2025-10-29 14:00:00,9.803,8.021,3.453
2025-10-29 15:00:00,12.795,10.468,4.018
2025-10-29 16:00:00,9.229,7.551,0.0
2025-10-29 17:00:00,4.412,3.61,0.0
2025-10-29 18:00:00,0.0,0.0,-0.263
2025-10-29 19:00:00,0.0,0.0,-0.421
2025-10-29 20:00:00,0.0,0.0,-0.252
2025-10-29 21:00:00,0.0,0.0,-0.62
2025-10-29 22:00:00,0.0,0.0,-3.797
2025-10-29 23:00:00,0.0,0.0,0.0
2025-10-30 00:00:00,0.0,0.0,0.0
2025-10-30 01:00:00,0.0,0.0,0.0
2025-10-30 02:00:00,0.0,0.0,0.0
2025-10-30 03:00:00,0.0,0.0,0.0
2025-10-30 04:00:00,0.0,0.0,0.0
2025-10-30 05:00:00,0.0,0.0,0.0
2025-10-30 06:00:00,0.0,0.0,0.0
2025-10-30 07:00:00,3.271,2.676,0.0
2025-10-30 08:00:00,7.514,6.148,0.0
2025-10-30 09:00:00,8.922,7.3,0.0
2025-10-30 10:00:00,14.033,11.482,3.661
2025-10-30 11:00:00,15.525,12.702,0.305
2025-10-30 12:00:00,18.426,15.076,5.534
2025-10-30 13:00:00,15.076,12.335,5.391
2025-10-30 14:00:00,11.699,9.572,2.25
2025-10-30 15:00:00,11.866,9.708,5.179
2025-10-30 16:00:00,6.258,5.121,0.0
2025-10-30 17:00:00,4.465,3.653,0.0
2025-10-30 18:00:00,0.0,0.0,-4.271
2025-10-30 19:00:00,0.0,0.0,-4.986
2025-10-30 20:00:00,0.0,0.0,-3.205
2025-10-30 21:00:00,0.0,0.0,-3.937
2025-10-30 22:00:00,0.0,0.0,-0.68
2025-10-30 23:00:00,0.0,0.0,0.0
2025-10-31 00:00:00,0.0,0.0,0.0
2025-10-31 01:00:00,0.0,0.0,0.0
2025-10-31 02:00:00,0.0,0.0,0.0
2025-10-31 03:00:00,0.0,0.0,0.0
2025-10-31 04:00:00,0.0,0.0,0.0
2025-10-31 05:00:00,0.0,0.0,0.0
2025-10-31 06:00:00,0.0,0.0,0.0
2025-10-31 07:00:00,3.656,2.991,0.0
2025-10-31 08:00:00,9.356,7.655,0.0
2025-10-31 09:00:00,12.389,10.137,0.0
2025-10-31 10:00:00,12.584,10.296,0.331
2025-10-31 11:00:00,12.792,10.466,2.578
2025-10-31 12:00:00,14.252,11.66,4.109
2025-10-31 13:00:00,14.893,12.185,2.924
2025-10-31 14:00:00,10.992,8.994,0.959
2025-10-31 15:00:00,10.622,8.69,1.975
2025-10-31 16:00:00,6.03,4.934,0.0
2025-10-31 17:00:00,4.016,3.286,0.0
2025-10-31 18:00:00,0.0,0.0,-4.036
2025-10-31 19:00:00,0.0,0.0,-4.691
2025-10-31 20:00:00,0.0,0.0,-0.286
2025-10-31 21:00:00,0.0,0.0,-3.107
2025-10-31 22:00:00,0.0,0.0,-0.271
2025-10-31 23:00:00,0.0,0.0,0.0
2025-11-01 00:00:00,0.0,0.0,0.0
2025-11-01 01:00:00,0.0,0.0,0.0
2025-11-01 02:00:00,0.0,0.0,0.0
2025-11-01 03:00:00,0.0,0.0,0.0
2025-11-01 04:00:00,0.0,0.0,0.0
2025-11-01 05:00:00,0.0,0.0,0.0
2025-11-01 06:00:00,0.0,0.0,0.0
2025-11-01 07:00:00,3.171,2.594,0.0
2025-11-01 08:00:00,7.122,5.827,0.0
2025-11-01 09:00:00,8.99,7.355,0.0
2025-11-01 10:00:00,13.177,10.781,3.281
2025-11-01 11:00:00,17.981,14.712,5.268
2025-11-01 12:00:00,13.554,11.09,1.741
2025-11-01 13:00:00,13.9,11.373,3.385
2025-11-01 14:00:00,15.176,12.417,4.249
2025-11-01 15:00:00,8.752,7.161,2.986
2025-11-01 16:00:00,7.701,6.301,0.0
2025-11-01 17:00:00,3.188,2.608,0.0
2025-11-01 18:00:00,0.0,0.0,-1.69
2025-11-01 19:00:00,0.0,0.0,-2.496
2025-11-01 20:00:00,0.0,0.0,-0.225
2025-11-01 21:00:00,0.0,0.0,-3.503
2025-11-01 22:00:00,0.0,0.0,-4.076
2025-11-01 23:00:00,0.0,0.0,0.0
2025-11-02 00:00:00,0.0,0.0,0.0
2025-11-02 01:00:00,0.0,0.0,0.0
2025-11-02 02:00:00,0.0,0.0,0.0
2025-11-02 03:00:00,0.0,0.0,0.0
2025-11-02 04:00:00,0.0,0.0,0.0
2025-11-02 05:00:00,0.0,0.0,0.0
2025-11-02 06:00:00,0.0,0.0,0.0
2025-11-02 07:00:00,4.69,3.838,0.0
2025-11-02 08:00:00,6.0,4.909,0.0
2025-11-02 09:00:00,12.695,10.387,0.0
2025-11-02 10:00:00,14.293,11.694,5.833
2025-11-02 11:00:00,11.522,9.427,1.001
2025-11-02 12:00:00,15.669,12.82,0.36
2025-11-02 13:00:00,12.328,10.087,2.429
2025-11-02 14:00:00,12.525,10.247,5.452
2025-11-02 15:00:00,9.709,7.944,0.853
2025-11-02 16:00:00,8.723,7.137,0.0
2025-11-02 17:00:00,3.225,2.639,0.0
2025-11-02 18:00:00,0.0,0.0,-1.544
2025-11-02 19:00:00,0.0,0.0,-1.003
2025-11-02 20:00:00,0.0,0.0,-3.007
2025-11-02 21:00:00,0.0,0.0,-2.666
2025-11-02 22:00:00,0.0,0.0,-0.597
2025-11-02 23:00:00,0.0,0.0,0.0
2025-11-03 00:00:00,0.0,0.0,0.0
2025-11-03 01:00:00,0.0,0.0,0.0
2025-11-03 02:00:00,0.0,0.0,0.0
2025-11-03 03:00:00,0.0,0.0,0.0
2025-11-03 04:00:00,0.0,0.0,0.0
2025-11-03 05:00:00,0.0,0.0,0.0
2025-11-03 06:00:00,0.0,0.0,0.0
2025-11-03 07:00:00,4.644,3.8,0.0
2025-11-03 08:00:00,6.633,5.427,0.0
2025-11-03 09:00:00,9.943,8.136,0.0
2025-11-03 10:00:00,13.293,10.876,2.862
2025-11-03 11:00:00,16.881,13.812,0.909
2025-11-03 12:00:00,14.578,11.928,5.599
2025-11-03 13:00:00,16.192,13.248,0.619
2025-11-03 14:00:00,13.391,10.956,2.196
2025-11-03 15:00:00,9.916,8.113,4.006
2025-11-03 16:00:00,8.472,6.932,0.0
2025-11-03 17:00:00,4.804,3.93,0.0
2025-11-03 18:00:00,0.0,0.0,-2.497
2025-11-03 19:00:00,0.0,0.0,-2.08
2025-11-03 20:00:00,0.0,0.0,-1.058
2025-11-03 21:00:00,0.0,0.0,-2.978
2025-11-03 22:00:00,0.0,0.0,-3.136
2025-11-03 23:00:00,0.0,0.0,0.0
2025-11-04 00:00:00,0.0,0.0,0.0
2025-11-04 01:00:00,0.0,0.0,0.0
2025-11-04 02:00:00,0.0,0.0,0.0
2025-11-04 03:00:00,0.0,0.0,0.0
2025-11-04 04:00:00,0.0,0.0,0.0
2025-11-04 05:00:00,0.0,0.0,0.0
2025-11-04 06:00:00,0.0,0.0,0.0
2025-11-04 07:00:00,4.832,3.953,0.0
2025-11-04 08:00:00,6.485,5.306,0.0
2025-11-04 09:00:00,11.378,9.309,0.0
2025-11-04 10:00:00,11.306,9.25,4.72
2025-11-04 11:00:00,13.631,11.153,4.274
2025-11-04 12:00:00,17.686,14.471,5.652
2025-11-04 13:00:00,14.835,12.138,4.371
2025-11-04 14:00:00,10.572,8.65,5.934
2025-11-04 15:00:00,11.334,9.273,1.402
2025-11-04 16:00:00,7.979,6.528,0.0
2025-11-04 17:00:00,4.034,3.3,0.0
2025-11-04 18:00:00,0.0,0.0,-1.913
2025-11-04 19:00:00,0.0,0.0,-2.28
2025-11-04 20:00:00,0.0,0.0,-4.867
2025-11-04 21:00:00,0.0,0.0,-0.731
2025-11-04 22:00:00,0.0,0.0,-4.969
2025-11-04 23:00:00,0.0,0.0,0.0
2025-11-05 00:00:00,0.0,0.0,0.0
2025-11-05 01:00:00,0.0,0.0,0.0
2025-11-05 02:00:00,0.0,0.0,0.0
2025-11-05 03:00:00,0.0,0.0,0.0
2025-11-05 04:00:00,0.0,0.0,0.0
2025-11-05 05:00:00,0.0,0.0,0.0
2025-11-05 06:00:00,0.0,0.0,0.0
2025-11-05 07:00:00,4.379,3.583,0.0
2025-11-05 08:00:00,7.226,5.912,0.0
2025-11-05 09:00:00,12.117,9.914,0.0
2025-11-05 10:00:00,15.173,12.414,5.523
2025-11-05 11:00:00,12.203,9.984,1.055
2025-11-05 12:00:00,11.908,9.743,2.021
2025-11-05 13:00:00,16.304,13.339,0.703
2025-11-05 14:00:00,14.236,11.648,0.842
2025-11-05 15:00:00,8.535,6.983,4.484
2025-11-05 16:00:00,5.813,4.756,0.0
2025-11-05 17:00:00,4.041,3.306,0.0
2025-11-05 18:00:00,0.0,0.0,-2.295
2025-11-05 19:00:00,0.0,0.0,-0.193
2025-11-05 20:00:00,0.0,0.0,-1.139
2025-11-05 21:00:00,0.0,0.0,-0.585
2025-11-05 22:00:00,0.0,0.0,-0.447
2025-11-05 23:00:00,0.0,0.0,0.0
2025-11-06 00:00:00,0.0,0.0,0.0
2025-11-06 01:00:00,0.0,0.0,0.0
2025-11-06 02:00:00,0.0,0.0,0.0
2025-11-06 03:00:00,0.0,0.0,0.0
2025-11-06 04:00:00,0.0,0.0,0.0
2025-11-06 05:00:00,0.0,0.0,0.0
2025-11-06 06:00:00,0.0,0.0,0.0
2025-11-06 07:00:00,4.545,3.718,0.0
2025-11-06 08:00:00,8.401,6.874,0.0
2025-11-06 09:00:00,9.918,8.114,0.0
2025-11-06 10:00:00,13.832,11.317,3.559
2025-11-06 11:00:00,17.413,14.247,4.822
2025-11-06 12:00:00,16.543,13.536,5.278
2025-11-06 13:00:00,15.315,12.53,0.004
2025-11-06 14:00:00,13.493,11.04,3.317
2025-11-06 15:00:00,9.758,7.984,0.687
2025-11-06 16:00:00,7.307,5.979,0.0
2025-11-06 17:00:00,4.252,3.479,0.0
2025-11-06 18:00:00,0.0,0.0,-3.777
2025-11-06 19:00:00,0.0,0.0,-3.254
2025-11-06 20:00:00,0.0,0.0,-4.395
2025-11-06 21:00:00,0.0,0.0,-2.035
2025-11-06 22:00:00,0.0,0.0,-1.539
2025-11-06 23:00:00,0.0,0.0,0.0
2025-11-07 00:00:00,0.0,0.0,0.0
2025-11-07 01:00:00,0.0,0.0,0.0
2025-11-07 02:00:00,0.0,0.0,0.0
2025-11-07 03:00:00,0.0,0.0,0.0
2025-11-07 04:00:00,0.0,0.0,0.0
2025-11-07 05:00:00,0.0,0.0,0.0
2025-11-07 06:00:00,0.0,0.0,0.0
2025-11-07 07:00:00,4.495,3.678,0.0
2025-11-07 08:00:00,7.337,6.003,0.0
2025-11-07 09:00:00,12.23,10.006,0.0
2025-11-07 10:00:00,13.552,11.088,1.466
2025-11-07 11:00:00,18.539,15.168,4.27
2025-11-07 12:00:00,16.24,13.287,3.354
2025-11-07 13:00:00,11.805,9.658,2.218
2025-11-07 14:00:00,11.703,9.575,2.846
2025-11-07 15:00:00,9.354,7.653,0.647
2025-11-07 16:00:00,8.445,6.91,0.0
2025-11-07 17:00:00,4.656,3.809,0.0
2025-11-07 18:00:00,0.0,0.0,-1.714
2025-11-07 19:00:00,0.0,0.0,-1.503
2025-11-07 20:00:00,0.0,0.0,-4.488
2025-11-07 21:00:00,0.0,0.0,-4.363
2025-11-07 22:00:00,0.0,0.0,-4.029
2025-11-07 23:00:00,0.0,0.0,0.0
2025-11-08 00:00:00,0.0,0.0,0.0
2025-11-08 01:00:00,0.0,0.0,0.0
2025-11-08 02:00:00,0.0,0.0,0.0
2025-11-08 03:00:00,0.0,0.0,0.0
2025-11-08 04:00:00,0.0,0.0,0.0
2025-11-08 05:00:00,0.0,0.0,0.0
2025-11-08 06:00:00,0.0,0.0,0.0
2025-11-08 07:00:00,4.721,3.862,0.0
2025-11-08 08:00:00,7.405,6.058,0.0
2025-11-08 09:00:00,11.863,9.706,0.0
2025-11-08 10:00:00,12.79,10.464,0.066
2025-11-08 11:00:00,15.766,12.899,3.984
2025-11-08 12:00:00,18.508,15.143,0.873
2025-11-08 13:00:00,14.401,11.783,0.605
2025-11-08 14:00:00,12.268,10.037,2.115
2025-11-08 15:00:00,11.37,9.303,1.617
2025-11-08 16:00:00,6.829,5.587,0.0
2025-11-08 17:00:00,3.231,2.644,0.0
2025-11-08 18:00:00,0.0,0.0,-4.138
2025-11-08 19:00:00,0.0,0.0,-3.573
2025-11-08 20:00:00,0.0,0.0,-3.752
2025-11-08 21:00:00,0.0,0.0,-4.58
2025-11-08 22:00:00,0.0,0.0,-0.313
2025-11-08 23:00:00,0.0,0.0,0.0
2025-11-09 00:00:00,0.0,0.0,0.0
2025-11-09 01:00:00,0.0,0.0,0.0
2025-11-09 02:00:00,0.0,0.0,0.0
2025-11-09 03:00:00,0.0,0.0,0.0
2025-11-09 04:00:00,0.0,0.0,0.0
2025-11-09 05:00:00,0.0,0.0,0.0
2025-11-09 06:00:00,0.0,0.0,0.0
2025-11-09 07:00:00,3.576,2.926,0.0
2025-11-09 08:00:00,6.857,5.61,0.0
2025-11-09 09:00:00,8.867,7.255,0.0
2025-11-09 10:00:00,11.508,9.416,1.528
2025-11-09 11:00:00,12.86,10.522,1.595
2025-11-09 12:00:00,13.612,11.137,1.6
2025-11-09 13:00:00,16.644,13.618,3.181
2025-11-09 14:00:00,11.912,9.746,2.954
2025-11-09 15:00:00,12.626,10.33,4.717
2025-11-09 16:00:00,9.359,7.657,0.0
2025-11-09 17:00:00,3.325,2.72,0.0
2025-11-09 18:00:00,0.0,0.0,-1.368
2025-11-09 19:00:00,0.0,0.0,-1.414
2025-11-09 20:00:00,0.0,0.0,-4.369
2025-11-09 21:00:00,0.0,0.0,-0.861
2025-11-09 22:00:00,0.0,0.0,-0.295
2025-11-09 23:00:00,0.0,0.0,0.0
2025-11-10 00:00:00,0.0,0.0,0.0
2025-11-10 01:00:00,0.0,0.0,0.0
2025-11-10 02:00:00,0.0,0.0,0.0
2025-11-10 03:00:00,0.0,0.0,0.0
2025-11-10 04:00:00,0.0,0.0,0.0
2025-11-10 05:00:00,0.0,0.0,0.0
2025-11-10 06:00:00,0.0,0.0,0.0
2025-11-10 07:00:00,4.595,3.76,0.0
2025-11-10 08:00:00,7.825,6.403,0.0
2025-11-10 09:00:00,9.307,7.615,0.0
2025-11-10 10:00:00,15.61,12.772,1.533
2025-11-10 11:00:00,12.489,10.218,0.717
2025-11-10 12:00:00,18.732,15.326,5.296
2025-11-10 13:00:00,18.143,14.844,2.665
2025-11-10 14:00:00,11.739,9.604,0.33
2025-11-10 15:00:00,13.067,10.691,3.581
2025-11-10 16:00:00,7.828,6.405,0.0
2025-11-10 17:00:00,4.288,3.508,0.0
2025-11-10 18:00:00,0.0,0.0,-2.89
2025-11-10 19:00:00,0.0,0.0,-3.855
2025-11-10 20:00:00,0.0,0.0,-4.392
2025-11-10 21:00:00,0.0,0.0,-3.233
2025-11-10 22:00:00,0.0,0.0,-2.484
2025-11-10 23:00:00,0.0,0.0,0.0
2025-11-11 00:00:00,0.0,0.0,0.0
2025-11-11 01:00:00,0.0,0.0,0.0
2025-11-11 02:00:00,0.0,0.0,0.0
2025-11-11 03:00:00,0.0,0.0,0.0
2025-11-11 04:00:00,0.0,0.0,0.0
2025-11-11 05:00:00,0.0,0.0,0.0
2025-11-11 06:00:00,0.0,0.0,0.0
2025-11-11 07:00:00,5.009,4.099,0.0
2025-11-11 08:00:00,8.868,7.255,0.0
2025-11-11 09:00:00,12.914,10.566,0.0
2025-11-11 10:00:00,13.104,10.722,0.171
2025-11-11 11:00:00,14.342,11.735,0.174
2025-11-11 12:00:00,16.749,13.704,3.522
2025-11-11 13:00:00,15.031,12.298,5.27
2025-11-11 14:00:00,11.397,9.325,2.221
2025-11-11 15:00:00,9.325,7.629,2.132
2025-11-11 16:00:00,6.617,5.414,0.0
2025-11-11 17:00:00,3.795,3.105,0.0
2025-11-11 18:00:00,0.0,0.0,-4.947
2025-11-11 19:00:00,0.0,0.0,-3.829
2025-11-11 20:00:00,0.0,0.0,-0.95
2025-11-11 21:00:00,0.0,0.0,-3.779
2025-11-11 22:00:00,0.0,0.0,-1.73
2025-11-11 23:00:00,0.0,0.0,0.0
2025-11-12 00:00:00,0.0,0.0,0.0
2025-11-12 01:00:00,0.0,0.0,0.0
2025-11-12 02:00:00,0.0,0.0,0.0
2025-11-12 03:00:00,0.0,0.0,0.0
2025-11-12 04:00:00,0.0,0.0,0.0
2025-11-12 05:00:00,0.0,0.0,0.0
2025-11-12 06:00:00,0.0,0.0,0.0
2025-11-12 07:00:00,3.956,3.237,0.0
2025-11-12 08:00:00,8.589,7.028,0.0
2025-11-12 09:00:00,13.64,11.16,0.0
2025-11-12 10:00:00,13.779,11.273,5.437
2025-11-12 11:00:00,11.774,9.634,5.961
2025-11-12 12:00:00,18.656,15.264,5.883
2025-11-12 13:00:00,14.536,11.893,4.103
2025-11-12 14:00:00,14.505,11.867,3.6
2025-11-12 15:00:00,13.605,11.132,1.33
2025-11-12 16:00:00,6.762,5.533,0.0
2025-11-12 17:00:00,4.343,3.553,0.0
2025-11-12 18:00:00,0.0,0.0,-1.684
2025-11-12 19:00:00,0.0,0.0,-3.039
2025-11-12 20:00:00,0.0,0.0,-3.074
2025-11-12 21:00:00,0.0,0.0,-2.436
2025-11-12 22:00:00,0.0,0.0,-4.046
2025-11-12 23:00:00,0.0,0.0,0.0
2025-11-13 00:00:00,0.0,0.0,0.0
2025-11-13 01:00:00,0.0,0.0,0.0
2025-11-13 02:00:00,0.0,0.0,0.0
2025-11-13 03:00:00,0.0,0.0,0.0
2025-11-13 04:00:00,0.0,0.0,0.0
2025-11-13 05:00:00,0.0,0.0,0.0
2025-11-13 06:00:00,0.0,0.0,0.0
2025-11-13 07:00:00,3.331,2.725,0.0
2025-11-13 08:00:00,8.716,7.132,0.0
2025-11-13 09:00:00,9.755,7.981,0.0
2025-11-13 10:00:00,12.31,10.072,0.879
2025-11-13 11:00:00,15.774,12.906,0.369
2025-11-13 12:00:00,16.71,13.672,0.748
2025-11-13 13:00:00,17.487,14.308,1.28
2025-11-13 14:00:00,16.271,13.313,0.16
2025-11-13 15:00:00,9.158,7.493,4.392
2025-11-13 16:00:00,7.637,6.248,0.0
2025-11-13 17:00:00,3.247,2.657,0.0
2025-11-13 18:00:00,0.0,0.0,-0.127
2025-11-13 19:00:00,0.0,0.0,-2.28
2025-11-13 20:00:00,0.0,0.0,-1.603
2025-11-13 21:00:00,0.0,0.0,-0.594
2025-11-13 22:00:00,0.0,0.0,-0.63
2025-11-13 23:00:00,0.0,0.0,0.0
2025-11-14 00:00:00,0.0,0.0,0.0
2025-11-14 01:00:00,0.0,0.0,0.0
2025-11-14 02:00:00,0.0,0.0,0.0
2025-11-14 03:00:00,0.0,0.0,0.0
2025-11-14 04:00:00,0.0,0.0,0.0
2025-11-14 05:00:00,0.0,0.0,0.0
2025-11-14 06:00:00,0.0,0.0,0.0
2025-11-14 07:00:00,4.361,3.568,0.0
2025-11-14 08:00:00,9.213,7.538,0.0
2025-11-14 09:00:00,9.839,8.05,0.0
2025-11-14 10:00:00,10.36,8.477,4.351
2025-11-14 11:00:00,14.954,12.235,5.36
2025-11-14 12:00:00,13.288,10.872,0.182
2025-11-14 13:00:00,16.565,13.553,4.608
2025-11-14 14:00:00,10.588,8.663,1.058
2025-11-14 15:00:00,12.656,10.355,4.813
2025-11-14 16:00:00,8.492,6.948,0.0
2025-11-14 17:00:00,3.738,3.058,0.0
2025-11-14 18:00:00,0.0,0.0,-3.456
2025-11-14 19:00:00,0.0,0.0,-3.746
2025-11-14 20:00:00,0.0,0.0,-3.81
2025-11-14 21:00:00,0.0,0.0,-4.467
2025-11-14 22:00:00,0.0,0.0,-2.317
2025-11-14 23:00:00,0.0,0.0,0.0
2025-11-15 00:00:00,0.0,0.0,0.0
2025-11-15 01:00:00,0.0,0.0,0.0
2025-11-15 02:00:00,0.0,0.0,0.0
2025-11-15 03:00:00,0.0,0.0,0.0
2025-11-15 04:00:00,0.0,0.0,0.0
2025-11-15 05:00:00,0.0,0.0,0.0
2025-11-15 06:00:00,0.0,0.0,0.0
2025-11-15 07:00:00,3.408,2.789,0.0
2025-11-15 08:00:00,8.632,7.063,0.0
2025-11-15 09:00:00,9.775,7.998,0.0
2025-11-15 10:00:00,12.528,10.25,3.467
2025-11-15 11:00:00,18.392,15.048,1.796
2025-11-15 12:00:00,17.457,14.283,4.037
2025-11-15 13:00:00,15.951,13.051,4.107
2025-11-15 14:00:00,12.405,10.15,3.735
2025-11-15 15:00:00,9.179,7.51,0.893
2025-11-15 16:00:00,6.642,5.434,0.0
2025-11-15 17:00:00,3.725,3.048,0.0
2025-11-15 18:00:00,0.0,0.0,-1.853
2025-11-15 19:00:00,0.0,0.0,-4.358
2025-11-15 20:00:00,0.0,0.0,-1.289
2025-11-15 21:00:00,0.0,0.0,-2.051
2025-11-15 22:00:00,0.0,0.0,-0.449
2025-11-15 23:00:00,0.0,0.0,0.0
2025-11-16 00:00:00,0.0,0.0,0.0
2025-11-16 01:00:00,0.0,0.0,0.0
2025-11-16 02:00:00,0.0,0.0,0.0
2025-11-16 03:00:00,0.0,0.0,0.0
2025-11-16 04:00:00,0.0,0.0,0.0
2025-11-16 05:00:00,0.0,0.0,0.0
2025-11-16 06:00:00,0.0,0.0,0.0
2025-11-16 07:00:00,3.968,3.247,0.0
2025-11-16 08:00:00,9.637,7.885,0.0
2025-11-16 09:00:00,11.612,9.501,0.0
2025-11-16 10:00:00,14.412,11.792,5.939
2025-11-16 11:00:00,15.889,13.0,3.013
2025-11-16 12:00:00,18.061,14.777,2.7
2025-11-16 13:00:00,16.698,13.662,4.809
2025-11-16 14:00:00,11.405,9.332,5.9
2025-11-16 15:00:00,11.443,9.363,4.599
2025-11-16 16:00:00,6.927,5.667,0.0
2025-11-16 17:00:00,4.719,3.861,0.0
2025-11-16 18:00:00,0.0,0.0,-3.226
2025-11-16 19:00:00,0.0,0.0,-4.189
2025-11-16 20:00:00,0.0,0.0,-4.149
2025-11-16 21:00:00,0.0,0.0,-0.771
2025-11-16 22:00:00,0.0,0.0,-0.803
2025-11-16 23:00:00,0.0,0.0,0.0
2025-11-17 00:00:00,0.0,0.0,0.0
2025-11-17 01:00:00,0.0,0.0,0.0
2025-11-17 02:00:00,0.0,0.0,0.0
2025-11-17 03:00:00,0.0,0.0,0.0
2025-11-17 04:00:00,0.0,0.0,0.0
2025-11-17 05:00:00,0.0,0.0,0.0
2025-11-17 06:00:00,0.0,0.0,0.0
2025-11-17 07:00:00,4.217,3.45,0.0
2025-11-17 08:00:00,8.449,6.913,0.0
2025-11-17 09:00:00,13.267,10.855,0.0
2025-11-17 10:00:00,13.619,11.143,0.172
2025-11-17 11:00:00,17.651,14.442,4.855
2025-11-17 12:00:00,19.181,15.694,3.804
2025-11-17 13:00:00,18.066,14.781,3.161
2025-11-17 14:00:00,12.212,9.992,1.76
2025-11-17 15:00:00,9.215,7.539,1.015
2025-11-17 16:00:00,6.335,5.183,0.0
2025-11-17 17:00:00,3.282,2.685,0.0
2025-11-17 18:00:00,0.0,0.0,-2.869
2025-11-17 19:00:00,0.0,0.0,-1.019
2025-11-17 20:00:00,0.0,0.0,-0.778
2025-11-17 21:00:00,0.0,0.0,-4.999
2025-11-17 22:00:00,0.0,0.0,-3.818
2025-11-17 23:00:00,0.0,0.0,0.0
2025-11-18 00:00:00,0.0,0.0,0.0
2025-11-18 01:00:00,0.0,0.0,0.0
2025-11-18 02:00:00,0.0,0.0,0.0
2025-11-18 03:00:00,0.0,0.0,0.0
2025-11-18 04:00:00,0.0,0.0,0.0
2025-11-18 05:00:00,0.0,0.0,0.0
2025-11-18 06:00:00,0.0,0.0,0.0
2025-11-18 07:00:00,4.62,3.78,0.0
2025-11-18 08:00:00,9.718,7.951,0.0
2025-11-18 09:00:00,10.486,8.579,0.0
2025-11-18 10:00:00,10.987,8.99,4.08
2025-11-18 11:00:00,13.98,11.438,3.657
2025-11-18 12:00:00,13.065,10.689,4.039
2025-11-18 13:00:00,17.699,14.481,2.169
2025-11-18 14:00:00,13.217,10.814,0.344
2025-11-18 15:00:00,9.384,7.678,0.279
2025-11-18 16:00:00,7.822,6.4,0.0
2025-11-18 17:00:00,4.113,3.365,0.0
2025-11-18 18:00:00,0.0,0.0,-0.894
2025-11-18 19:00:00,0.0,0.0,-4.177
2025-11-18 20:00:00,0.0,0.0,-0.317
2025-11-18 21:00:00,0.0,0.0,-2.234
2025-11-18 22:00:00,0.0,0.0,-2.552
2025-11-18 23:00:00,0.0,0.0,0.0
2025-11-19 00:00:00,0.0,0.0,0.0
2025-11-19 01:00:00,0.0,0.0,0.0
2025-11-19 02:00:00,0.0,0.0,0.0
2025-11-19 03:00:00,0.0,0.0,0.0
2025-11-19 04:00:00,0.0,0.0,0.0
2025-11-19 05:00:00,0.0,0.0,0.0
2025-11-19 06:00:00,0.0,0.0,0.0
2025-11-19 07:00:00,4.248,3.475,0.0
2025-11-19 08:00:00,9.194,7.522,0.0
2025-11-19 09:00:00,13.666,11.182,0.0
2025-11-19 10:00:00,13.292,10.875,3.921
2025-11-19 11:00:00,13.446,11.001,1.707
2025-11-19 12:00:00,19.402,15.874,5.596
2025-11-19 13:00:00,16.21,13.263,1.199
2025-11-19 14:00:00,10.65,8.714,2.655
2025-11-19 15:00:00,12.667,10.364,3.785
2025-11-19 16:00:00,9.388,7.681,0.0
2025-11-19 17:00:00,3.618,2.96,0.0
2025-11-19 18:00:00,0.0,0.0,-2.265
2025-11-19 19:00:00,0.0,0.0,-2.946
2025-11-19 20:00:00,0.0,0.0,-0.457
2025-11-19 21:00:00,0.0,0.0,-2.116
2025-11-19 22:00:00,0.0,0.0,-4.288
2025-11-19 23:00:00,0.0,0.0,0.0
2025-11-20 00:00:00,0.0,0.0,0.0
2025-11-20 01:00:00,0.0,0.0,0.0
2025-11-20 02:00:00,0.0,0.0,0.0
2025-11-20 03:00:00,0.0,0.0,0.0
2025-11-20 04:00:00,0.0,0.0,0.0
2025-11-20 05:00:00,0.0,0.0,0.0
2025-11-20 06:00:00,0.0,0.0,0.0
2025-11-20 07:00:00,4.036,3.302,0.0
2025-11-20 08:00:00,9.321,7.627,0.0
2025-11-20 09:00:00,10.32,8.444,0.0
2025-11-20 10:00:00,10.799,8.835,3.557
2025-11-20 11:00:00,14.199,11.617,0.794
2025-11-20 12:00:00,14.411,11.791,1.271
2025-11-20 13:00:00,19.183,15.695,5.534
2025-11-20 14:00:00,12.646,10.347,1.053
2025-11-20 15:00:00,9.939,8.132,0.45
2025-11-20 16:00:00,7.008,5.734,0.0
2025-11-20 17:00:00,4.688,3.836,0.0
2025-11-20 18:00:00,0.0,0.0,-1.752
2025-11-20 19:00:00,0.0,0.0,-0.25
2025-11-20 20:00:00,0.0,0.0,-3.22
2025-11-20 21:00:00,0.0,0.0,-4.24
2025-11-20 22:00:00,0.0,0.0,-3.088
2025-11-20 23:00:00,0.0,0.0,0.0
2025-11-21 00:00:00,0.0,0.0,0.0
2025-11-21 01:00:00,0.0,0.0,0.0
2025-11-21 02:00:00,0.0,0.0,0.0
2025-11-21 03:00:00,0.0,0.0,0.0
2025-11-21 04:00:00,0.0,0.0,0.0
2025-11-21 05:00:00,0.0,0.0,0.0
2025-11-21 06:00:00,0.0,0.0,0.0
2025-11-21 07:00:00,5.208,4.261,0.0
2025-11-21 08:00:00,9.784,8.005,0.0
2025-11-21 09:00:00,10.376,8.489,0.0
2025-11-21 10:00:00,11.489,9.4,5.826
2025-11-21 11:00:00,16.4,13.418,4.518
2025-11-21 12:00:00,15.095,12.35,5.036
2025-11-21 13:00:00,12.872,10.531,5.654
2025-11-21 14:00:00,13.606,11.132,4.756
2025-11-21 15:00:00,9.528,7.796,3.553
2025-11-21 16:00:00,7.935,6.493,0.0
2025-11-21 17:00:00,5.217,4.269,0.0
2025-11-21 18:00:00,0.0,0.0,-2.256
2025-11-21 19:00:00,0.0,0.0,-0.242
2025-11-21 20:00:00,0.0,0.0,-1.772
2025-11-21 21:00:00,0.0,0.0,-4.901
2025-11-21 22:00:00,0.0,0.0,-1.39
2025-11-21 23:00:00,0.0,0.0,0.0
2025-11-22 00:00:00,0.0,0.0,0.0
2025-11-22 01:00:00,0.0,0.0,0.0
2025-11-22 02:00:00,0.0,0.0,0.0
2025-11-22 03:00:00,0.0,0.0,0.0
2025-11-22 04:00:00,0.0,0.0,0.0
2025-11-22 05:00:00,0.0,0.0,0.0
2025-11-22 06:00:00,0.0,0.0,0.0
2025-11-22 07:00:00,4.021,3.29,0.0
2025-11-22 08:00:00,8.384,6.86,0.0
2025-11-22 09:00:00,10.972,8.977,0.0
2025-11-22 10:00:00,13.065,10.69,1.158
2025-11-22 11:00:00,14.867,12.164,5.126
2025-11-22 12:00:00,18.295,14.968,3.265
2025-11-22 13:00:00,17.336,14.184,0.47
2025-11-22 14:00:00,13.614,11.138,4.748
2025-11-22 15:00:00,9.68,7.92,1.528
2025-11-22 16:00:00,6.479,5.301,0.0
2025-11-22 17:00:00,4.555,3.727,0.0
2025-11-22 18:00:00,0.0,0.0,-2.95
2025-11-22 19:00:00,0.0,0.0,-1.015
2025-11-22 20:00:00,0.0,0.0,-3.231
2025-11-22 21:00:00,0.0,0.0,-0.416
2025-11-22 22:00:00,0.0,0.0,-2.343
2025-11-22 23:00:00,0.0,0.0,0.0
2025-11-23 00:00:00,0.0,0.0,0.0
2025-11-23 01:00:00,0.0,0.0,0.0
2025-11-23 02:00:00,0.0,0.0,0.0
2025-11-23 03:00:00,0.0,0.0,0.0
2025-11-23 04:00:00,0.0,0.0,0.0
2025-11-23 05:00:00,0.0,0.0,0.0
2025-11-23 06:00:00,0.0,0.0,0.0
2025-11-23 07:00:00,4.061,3.323,0.0
2025-11-23 08:00:00,7.673,6.278,0.0
2025-11-23 09:00:00,11.367,9.3,0.0
2025-11-23 10:00:00,14.999,12.272,4.964
2025-11-23 11:00:00,13.681,11.194,2.532
2025-11-23 12:00:00,12.61,10.318,4.76
2025-11-23 13:00:00,12.928,10.577,2.801
2025-11-23 14:00:00,15.602,12.765,5.243
2025-11-23 15:00:00,12.55,10.269,4.149
2025-11-23 16:00:00,9.7,7.937,0.0
2025-11-23 17:00:00,4.069,3.329,0.0
2025-11-23 18:00:00,0.0,0.0,-3.833
2025-11-23 19:00:00,0.0,0.0,-0.209
2025-11-23 20:00:00,0.0,0.0,-4.147
2025-11-23 21:00:00,0.0,0.0,-2.874
2025-11-23 22:00:00,0.0,0.0,-1.439
2025-11-23 23:00:00,0.0,0.0,0.0
2025-11-24 00:00:00,0.0,0.0,0.0
2025-11-24 01:00:00,0.0,0.0,0.0
2025-11-24 02:00:00,0.0,0.0,0.0
2025-11-24 03:00:00,0.0,0.0,0.0
2025-11-24 04:00:00,0.0,0.0,0.0
2025-11-24 05:00:00,0.0,0.0,0.0
2025-11-24 06:00:00,0.0,0.0,0.0
2025-11-24 07:00:00,5.159,4.221,0.0
2025-11-24 08:00:00,9.559,7.821,0.0
2025-11-24 09:00:00,9.93,8.125,0.0
2025-11-24 10:00:00,15.069,12.329,4.907
2025-11-24 11:00:00,17.446,14.274,5.161
2025-11-24 12:00:00,18.983,15.532,3.498
2025-11-24 13:00:00,19.457,15.919,0.287
2025-11-24 14:00:00,17.015,13.921,2.94
2025-11-24 15:00:00,9.272,7.586,5.994
2025-11-24 16:00:00,6.997,5.724,0.0
2025-11-24 17:00:00,5.234,4.282,0.0
2025-11-24 18:00:00,0.0,0.0,-2.861
2025-11-24 19:00:00,0.0,0.0,-2.204
2025-11-24 20:00:00,0.0,0.0,-2.331
2025-11-24 21:00:00,0.0,0.0,-3.054
2025-11-24 22:00:00,0.0,0.0,-2.629
2025-11-24 23:00:00,0.0,0.0,0.0
2025-11-25 00:00:00,0.0,0.0,0.0
2025-11-25 01:00:00,0.0,0.0,0.0
2025-11-25 02:00:00,0.0,0.0,0.0
2025-11-25 03:00:00,0.0,0.0,0.0
2025-11-25 04:00:00,0.0,0.0,0.0
2025-11-25 05:00:00,0.0,0.0,0.0
2025-11-25 06:00:00,0.0,0.0,0.0
2025-11-25 07:00:00,3.301,2.701,0.0
2025-11-25 08:00:00,8.709,7.126,0.0
2025-11-25 09:00:00,12.403,10.148,0.0
2025-11-25 10:00:00,15.567,12.736,3.616
2025-11-25 11:00:00,17.344,14.191,2.374
2025-11-25 12:00:00,15.304,12.522,4.693
2025-11-25 13:00:00,13.175,10.779,5.994
2025-11-25 14:00:00,11.15,9.123,5.605
2025-11-25 15:00:00,11.877,9.718,5.788
2025-11-25 16:00:00,9.894,8.095,0.0
2025-11-25 17:00:00,4.836,3.956,0.0
2025-11-25 18:00:00,0.0,0.0,-1.725
2025-11-25 19:00:00,0.0,0.0,-0.965
2025-11-25 20:00:00,0.0,0.0,-4.599
2025-11-25 21:00:00,0.0,0.0,-4.241
2025-11-25 22:00:00,0.0,0.0,-2.932
2025-11-25 23:00:00,0.0,0.0,0.0
2025-11-26 00:00:00,0.0,0.0,0.0
2025-11-26 01:00:00,0.0,0.0,0.0
2025-11-26 02:00:00,0.0,0.0,0.0
2025-11-26 03:00:00,0.0,0.0,0.0
2025-11-26 04:00:00,0.0,0.0,0.0
2025-11-26 05:00:00,0.0,0.0,0.0
2025-11-26 06:00:00,0.0,0.0,0.0
2025-11-26 07:00:00,4.995,4.087,0.0
2025-11-26 08:00:00,8.557,7.001,0.0
2025-11-26 09:00:00,10.54,8.623,0.0
2025-11-26 10:00:00,12.4,10.145,0.689
2025-11-26 11:00:00,19.54,15.987,5.71
2025-11-26 12:00:00,18.877,15.445,5.724
2025-11-26 13:00:00,17.391,14.229,4.126
2025-11-26 14:00:00,15.649,12.804,4.498
2025-11-26 15:00:00,13.551,11.087,2.183
2025-11-26 16:00:00,7.081,5.794,0.0
2025-11-26 17:00:00,4.48,3.665,0.0
2025-11-26 18:00:00,0.0,0.0,-1.119
2025-11-26 19:00:00,0.0,0.0,-1.837
2025-11-26 20:00:00,0.0,0.0,-3.165
2025-11-26 21:00:00,0.0,0.0,-4.199
2025-11-26 22:00:00,0.0,0.0,-2.233
2025-11-26 23:00:00,0.0,0.0,0.0
2025-11-27 00:00:00,0.0,0.0,0.0
2025-11-27 01:00:00,0.0,0.0,0.0
2025-11-27 02:00:00,0.0,0.0,0.0
2025-11-27 03:00:00,0.0,0.0,0.0
2025-11-27 04:00:00,0.0,0.0,0.0
2025-11-27 05:00:00,0.0,0.0,0.0
2025-11-27 06:00:00,0.0,0.0,0.0
2025-11-27 07:00:00,3.417,2.795,0.0
2025-11-27 08:00:00,8.985,7.351,0.0
2025-11-27 09:00:00,11.564,9.462,0.0
2025-11-27 10:00:00,11.5,9.409,3.768
2025-11-27 11:00:00,14.196,11.615,0.849
2025-11-27 12:00:00,12.602,10.31,5.801
2025-11-27 13:00:00,16.934,13.855,2.749
2025-11-27 14:00:00,14.85,12.15,2.94
2025-11-27 15:00:00,9.954,8.145,1.429
2025-11-27 16:00:00,9.762,7.987,0.0
2025-11-27 17:00:00,3.378,2.764,0.0
2025-11-27 18:00:00,0.0,0.0,-2.391
2025-11-27 19:00:00,0.0,0.0,-3.147
2025-11-27 20:00:00,0.0,0.0,-0.827
2025-11-27 21:00:00,0.0,0.0,-4.863
2025-11-27 22:00:00,0.0,0.0,-4.895
2025-11-27 23:00:00,0.0,0.0,0.0
2025-11-28 00:00:00,0.0,0.0,0.0
2025-11-28 01:00:00,0.0,0.0,0.0
2025-11-28 02:00:00,0.0,0.0,0.0
2025-11-28 03:00:00,0.0,0.0,0.0
2025-11-28 04:00:00,0.0,0.0,0.0
2025-11-28 05:00:00,0.0,0.0,0.0
2025-11-28 06:00:00,0.0,0.0,0.0
2025-11-28 07:00:00,4.606,3.769,0.0
2025-11-28 08:00:00,7.499,6.135,0.0
2025-11-28 09:00:00,11.976,9.799,0.0
2025-11-28 10:00:00,16.011,13.1,2.399
2025-11-28 11:00:00,17.265,14.126,0.005
2025-11-28 12:00:00,19.345,15.828,5.73
2025-11-28 13:00:00,18.841,15.415,0.115
2025-11-28 14:00:00,17.58,14.384,2.162
2025-11-28 15:00:00,11.668,9.547,4.29
2025-11-28 16:00:00,8.112,6.637,0.0
2025-11-28 17:00:00,3.448,2.821,0.0
2025-11-28 18:00:00,0.0,0.0,-2.463
2025-11-28 19:00:00,0.0,0.0,-4.661
2025-11-28 20:00:00,0.0,0.0,-4.207
2025-11-28 21:00:00,0.0,0.0,-2.378
2025-11-28 22:00:00,0.0,0.0,-4.995
2025-11-28 23:00:00,0.0,0.0,0.0
2025-11-29 00:00:00,0.0,0.0,0.0
2025-11-29 01:00:00,0.0,0.0,0.0
2025-11-29 02:00:00,0.0,0.0,0.0
2025-11-29 03:00:00,0.0,0.0,0.0
2025-11-29 04:00:00,0.0,0.0,0.0
2025-11-29 05:00:00,0.0,0.0,0.0
2025-11-29 06:00:00,0.0,0.0,0.0
2025-11-29 07:00:00,3.926,3.212,0.0
2025-11-29 08:00:00,9.619,7.87,0.0
2025-11-29 09:00:00,10.931,8.944,0.0
2025-11-29 10:00:00,11.056,9.046,5.032
2025-11-29 11:00:00,13.286,10.87,1.744
2025-11-29 12:00:00,14.238,11.649,4.664
2025-11-29 13:00:00,12.106,9.905,2.414
2025-11-29 14:00:00,13.482,11.031,5.476
2025-11-29 15:00:00,11.792,9.648,4.193
2025-11-29 16:00:00,7.061,5.778,0.0
2025-11-29 17:00:00,3.231,2.643,0.0
2025-11-29 18:00:00,0.0,0.0,-2.906
2025-11-29 19:00:00,0.0,0.0,-1.55
2025-11-29 20:00:00,0.0,0.0,-3.81
2025-11-29 21:00:00,0.0,0.0,-3.555
2025-11-29 22:00:00,0.0,0.0,-3.732
2025-11-29 23:00:00,0.0,0.0,0.0
2025-11-30 00:00:00,0.0,0.0,0.0
2025-11-30 01:00:00,0.0,0.0,0.0
2025-11-30 02:00:00,0.0,0.0,0.0
2025-11-30 03:00:00,0.0,0.0,0.0
2025-11-30 04:00:00,0.0,0.0,0.0
2025-11-30 05:00:00,0.0,0.0,0.0
2025-11-30 06:00:00,0.0,0.0,0.0
2025-11-30 07:00:00,4.597,3.761,0.0
2025-11-30 08:00:00,7.777,6.363,0.0
2025-11-30 09:00:00,12.755,10.436,0.0
2025-11-30 10:00:00,17.288,14.145,3.017
2025-11-30 11:00:00,15.732,12.872,4.366
2025-11-30 12:00:00,15.492,12.675,3.725
2025-11-30 13:00:00,18.088,14.799,3.33
2025-11-30 14:00:00,14.281,11.684,2.925
2025-11-30 15:00:00,10.745,8.792,1.119
2025-11-30 16:00:00,6.75,5.523,0.0
2025-11-30 17:00:00,3.41,2.79,0.0
2025-11-30 18:00:00,0.0,0.0,-2.656
2025-11-30 19:00:00,0.0,0.0,-2.893
2025-11-30 20:00:00,0.0,0.0,-4.71
2025-11-30 21:00:00,0.0,0.0,-2.391
2025-11-30 22:00:00,0.0,0.0,-1.806
2025-11-30 23:00:00,0.0,0.0,0.0
2025-12-01 00:00:00,0.0,0.0,0.0
2025-12-01 01:00:00,0.0,0.0,0.0
2025-12-01 02:00:00,0.0,0.0,0.0
2025-12-01 03:00:00,0.0,0.0,0.0
2025-12-01 04:00:00,0.0,0.0,0.0
2025-12-01 05:00:00,0.0,0.0,0.0
2025-12-01 06:00:00,0.0,0.0,0.0
2025-12-01 07:00:00,4.895,4.005,0.0
2025-12-01 08:00:00,7.394,6.05,0.0
2025-12-01 09:00:00,14.434,11.81,0.0
2025-12-01 10:00:00,11.386,9.316,0.052
2025-12-01 11:00:00,19.753,16.161,5.398
2025-12-01 12:00:00,13.197,10.798,5.587
2025-12-01 13:00:00,16.953,13.87,2.624
2025-12-01 14:00:00,17.786,14.553,0.501
2025-12-01 15:00:00,11.271,9.222,2.48
2025-12-01 16:00:00,10.275,8.406,0.0
2025-12-01 17:00:00,5.096,4.169,0.0
2025-12-01 18:00:00,0.0,0.0,-2.399
2025-12-01 19:00:00,0.0,0.0,-2.594
2025-12-01 20:00:00,0.0,0.0,-1.164
2025-12-01 21:00:00,0.0,0.0,-0.739
2025-12-01 22:00:00,0.0,0.0,-0.319
2025-12-01 23:00:00,0.0,0.0,0.0
2025-12-02 00:00:00,0.0,0.0,0.0
2025-12-02 01:00:00,0.0,0.0,0.0
2025-12-02 02:00:00,0.0,0.0,0.0
2025-12-02 03:00:00,0.0,0.0,0.0
2025-12-02 04:00:00,0.0,0.0,0.0
2025-12-02 05:00:00,0.0,0.0,0.0
2025-12-02 06:00:00,0.0,0.0,0.0
2025-12-02 07:00:00,4.384,3.587,0.0
2025-12-02 08:00:00,7.005,5.732,0.0
2025-12-02 09:00:00,9.819,8.033,0.0
2025-12-02 10:00:00,11.926,9.758,5.974
2025-12-02 11:00:00,15.12,12.371,1.902
2025-12-02 12:00:00,14.751,12.069,5.122
2025-12-02 13:00:00,12.403,10.148,5.843
2025-12-02 14:00:00,11.588,9.481,3.037
2025-12-02 15:00:00,8.894,7.277,3.332
2025-12-02 16:00:00,8.585,7.024,0.0
2025-12-02 17:00:00,3.315,2.712,0.0
2025-12-02 18:00:00,0.0,0.0,-0.138
2025-12-02 19:00:00,0.0,0.0,-2.82
2025-12-02 20:00:00,0.0,0.0,-2.982
2025-12-02 21:00:00,0.0,0.0,-1.9
2025-12-02 22:00:00,0.0,0.0,-2.933
2025-12-02 23:00:00,0.0,0.0,0.0
2025-12-03 00:00:00,0.0,0.0,0.0
2025-12-03 01:00:00,0.0,0.0,0.0
2025-12-03 02:00:00,0.0,0.0,0.0
2025-12-03 03:00:00,0.0,0.0,0.0
2025-12-03 04:00:00,0.0,0.0,0.0
2025-12-03 05:00:00,0.0,0.0,0.0
2025-12-03 06:00:00,0.0,0.0,0.0
2025-12-03 07:00:00,3.338,2.731,0.0
2025-12-03 08:00:00,9.296,7.606,0.0
2025-12-03 09:00:00,13.116,10.731,0.0
2025-12-03 10:00:00,14.543,11.899,1.674
2025-12-03 11:00:00,12.736,10.42,2.138
2025-12-03 12:00:00,20.015,16.376,0.814
2025-12-03 13:00:00,15.813,12.938,5.192
2025-12-03 14:00:00,11.184,9.151,5.702
2025-12-03 15:00:00,12.531,10.253,2.277
2025-12-03 16:00:00,6.668,5.456,0.0
2025-12-03 17:00:00,3.271,2.676,0.0
2025-12-03 18:00:00,0.0,0.0,-2.636
2025-12-03 19:00:00,0.0,0.0,-4.673
2025-12-03 20:00:00,0.0,0.0,-4.054
2025-12-03 21:00:00,0.0,0.0,-1.303
2025-12-03 22:00:00,0.0,0.0,-2.365
2025-12-03 23:00:00,0.0,0.0,0.0
2025-12-04 00:00:00,0.0,0.0,0.0
2025-12-04 01:00:00,0.0,0.0,0.0
2025-12-04 02:00:00,0.0,0.0,0.0
2025-12-04 03:00:00,0.0,0.0,0.0
2025-12-04 04:00:00,0.0,0.0,0.0
2025-12-04 05:00:00,0.0,0.0,0.0
2025-12-04 06:00:00,0.0,0.0,0.0
2025-12-04 07:00:00,5.257,4.301,0.0
2025-12-04 08:00:00,7.165,5.862,0.0
2025-12-04 09:00:00,8.893,7.276,0.0
2025-12-04 10:00:00,15.794,12.923,0.214
2025-12-04 11:00:00,19.953,16.325,2.168
2025-12-04 12:00:00,19.329,15.815,3.937
2025-12-04 13:00:00,16.835,13.774,3.117
2025-12-04 14:00:00,13.347,10.92,1.968
2025-12-04 15:00:00,10.908,8.925,2.867
2025-12-04 16:00:00,7.804,6.385,0.0
2025-12-04 17:00:00,4.394,3.595,0.0
2025-12-04 18:00:00,0.0,0.0,-0.601
2025-12-04 19:00:00,0.0,0.0,-3.296
2025-12-04 20:00:00,0.0,0.0,-4.357
2025-12-04 21:00:00,0.0,0.0,-1.373
2025-12-04 22:00:00,0.0,0.0,-4.678
2025-12-04 23:00:00,0.0,0.0,0.0
2025-12-05 00:00:00,0.0,0.0,0.0
2025-12-05 01:00:00,0.0,0.0,0.0
2025-12-05 02:00:00,0.0,0.0,0.0
2025-12-05 03:00:00,0.0,0.0,0.0
2025-12-05 04:00:00,0.0,0.0,0.0
2025-12-05 05:00:00,0.0,0.0,0.0
2025-12-05 06:00:00,0.0,0.0,0.0
2025-12-05 07:00:00,5.26,4.304,0.0
2025-12-05 08:00:00,9.625,7.875,0.0
2025-12-05 09:00:00,13.603,11.13,0.0
2025-12-05 10:00:00,17.157,14.037,5.926
2025-12-05 11:00:00,14.987,12.262,3.911
2025-12-05 12:00:00,19.73,16.143,4.822
2025-12-05 13:00:00,16.844,13.782,5.259
2025-12-05 14:00:00,11.726,9.594,3.198
2025-12-05 15:00:00,9.1,7.445,3.776
2025-12-05 16:00:00,7.654,6.262,0.0
2025-12-05 17:00:00,5.097,4.17,0.0
2025-12-05 18:00:00,0.0,0.0,-1.536
2025-12-05 19:00:00,0.0,0.0,-1.654
2025-12-05 20:00:00,0.0,0.0,-0.006
2025-12-05 21:00:00,0.0,0.0,-3.411
2025-12-05 22:00:00,0.0,0.0,-1.904
2025-12-05 23:00:00,0.0,0.0,0.0
2025-12-06 00:00:00,0.0,0.0,0.0
2025-12-06 01:00:00,0.0,0.0,0.0
2025-12-06 02:00:00,0.0,0.0,0.0
2025-12-06 03:00:00,0.0,0.0,0.0
2025-12-06 04:00:00,0.0,0.0,0.0
2025-12-06 05:00:00,0.0,0.0,0.0
2025-12-06 06:00:00,0.0,0.0,0.0
2025-12-06 07:00:00,5.352,4.379,0.0
2025-12-06 08:00:00,8.165,6.681,0.0
2025-12-06 09:00:00,11.668,9.547,0.0
2025-12-06 10:00:00,16.437,13.448,4.801
2025-12-06 11:00:00,12.424,10.165,4.674
2025-12-06 12:00:00,18.66,15.267,4.51
2025-12-06 13:00:00,20.201,16.528,1.792
2025-12-06 14:00:00,16.547,13.539,1.877
2025-12-06 15:00:00,9.758,7.984,3.273
2025-12-06 16:00:00,6.326,5.176,0.0
2025-12-06 17:00:00,5.154,4.217,0.0
2025-12-06 18:00:00,0.0,0.0,-0.922
2025-12-06 19:00:00,0.0,0.0,-3.762
2025-12-06 20:00:00,0.0,0.0,-2.161
2025-12-06 21:00:00,0.0,0.0,-2.004
2025-12-06 22:00:00,0.0,0.0,-2.911
2025-12-06 23:00:00,0.0,0.0,0.0
2025-12-07 00:00:00,0.0,0.0,0.0
2025-12-07 01:00:00,0.0,0.0,0.0
2025-12-07 02:00:00,0.0,0.0,0.0
2025-12-07 03:00:00,0.0,0.0,0.0
2025-12-07 04:00:00,0.0,0.0,0.0
2025-12-07 05:00:00,0.0,0.0,0.0
2025-12-07 06:00:00,0.0,0.0,0.0
2025-12-07 07:00:00,3.64,2.978,0.0
2025-12-07 08:00:00,9.746,7.974,0.0
2025-12-07 09:00:00,13.468,11.019,0.0
2025-12-07 10:00:00,15.997,13.089,3.262
2025-12-07 11:00:00,17.115,14.003,2.469
2025-12-07 12:00:00,20.663,16.906,2.409
2025-12-07 13:00:00,14.602,11.947,1.893
2025-12-07 14:00:00,12.874,10.533,4.928
2025-12-07 15:00:00,13.484,11.032,0.739
2025-12-07 16:00:00,9.08,7.429,0.0
2025-12-07 17:00:00,4.93,4.034,0.0
2025-12-07 18:00:00,0.0,0.0,-0.109
2025-12-07 19:00:00,0.0,0.0,-0.8
2025-12-07 20:00:00,0.0,0.0,-4.592
2025-12-07 21:00:00,0.0,0.0,-0.753
2025-12-07 22:00:00,0.0,0.0,-4.541
2025-12-07 23:00:00,0.0,0.0,0.0
2025-12-08 00:00:00,0.0,0.0,0.0
2025-12-08 01:00:00,0.0,0.0,0.0
2025-12-08 02:00:00,0.0,0.0,0.0
2025-12-08 03:00:00,0.0,0.0,0.0
2025-12-08 04:00:00,0.0,0.0,0.0
2025-12-08 05:00:00,0.0,0.0,0.0
2025-12-08 06:00:00,0.0,0.0,0.0
2025-12-08 07:00:00,5.272,4.313,0.0
2025-12-08 08:00:00,6.757,5.529,0.0
2025-12-08 09:00:00,14.11,11.544,0.0
2025-12-08 10:00:00,13.865,11.344,3.45
2025-12-08 11:00:00,13.033,10.663,3.2
2025-12-08 12:00:00,16.257,13.302,5.202
2025-12-08 13:00:00,16.135,13.202,0.913
2025-12-08 14:00:00,16.593,13.576,4.543
2025-12-08 15:00:00,14.494,11.859,2.263
2025-12-08 16:00:00,6.492,5.311,0.0
2025-12-08 17:00:00,4.232,3.462,0.0
2025-12-08 18:00:00,0.0,0.0,-3.898
2025-12-08 19:00:00,0.0,0.0,-1.108
2025-12-08 20:00:00,0.0,0.0,-0.399
2025-12-08 21:00:00,0.0,0.0,-4.279
2025-12-08 22:00:00,0.0,0.0,-4.295
2025-12-08 23:00:00,0.0,0.0,0.0
2025-12-09 00:00:00,0.0,0.0,0.0
2025-12-09 01:00:00,0.0,0.0,0.0
2025-12-09 02:00:00,0.0,0.0,0.0
2025-12-09 03:00:00,0.0,0.0,0.0
2025-12-09 04:00:00,0.0,0.0,0.0
2025-12-09 05:00:00,0.0,0.0,0.0
2025-12-09 06:00:00,0.0,0.0,0.0
2025-12-09 07:00:00,3.949,3.231,0.0
2025-12-09 08:00:00,8.55,6.995,0.0
2025-12-09 09:00:00,11.191,9.156,0.0
2025-12-09 10:00:00,13.042,10.671,1.167
2025-12-09 11:00:00,12.474,10.206,4.839
2025-12-09 12:00:00,19.074,15.606,2.477
2025-12-09 13:00:00,15.49,12.673,4.612
2025-12-09 14:00:00,12.821,10.49,0.158
2025-12-09 15:00:00,10.717,8.769,3.683
2025-12-09 16:00:00,10.017,8.196,0.0
2025-12-09 17:00:00,5.103,4.175,0.0
2025-12-09 18:00:00,0.0,0.0,-0.926
2025-12-09 19:00:00,0.0,0.0,-2.195
2025-12-09 20:00:00,0.0,0.0,-3.963
2025-12-09 21:00:00,0.0,0.0,-3.836
2025-12-09 22:00:00,0.0,0.0,-0.103
2025-12-09 23:00:00,0.0,0.0,0.0
2025-12-10 00:00:00,0.0,0.0,0.0
2025-12-10 01:00:00,0.0,0.0,0.0
2025-12-10 02:00:00,0.0,0.0,0.0
2025-12-10 03:00:00,0.0,0.0,0.0
2025-12-10 04:00:00,0.0,0.0,0.0
2025-12-10 05:00:00,0.0,0.0,0.0
2025-12-10 06:00:00,0.0,0.0,0.0
2025-12-10 07:00:00,4.957,4.056,0.0
2025-12-10 08:00:00,9.591,7.847,0.0
2025-12-10 09:00:00,13.089,10.709,0.0
2025-12-10 10:00:00,15.909,13.017,4.239
2025-12-10 11:00:00,17.377,14.218,1.881
2025-12-10 12:00:00,18.813,15.392,5.614
2025-12-10 13:00:00,19.255,15.754,2.414
2025-12-10 14:00:00,11.204,9.167,5.148
2025-12-10 15:00:00,13.112,10.728,5.704
2025-12-10 16:00:00,9.373,7.669,0.0
2025-12-10 17:00:00,5.3,4.336,0.0
2025-12-10 18:00:00,0.0,0.0,-4.689
2025-12-10 19:00:00,0.0,0.0,-4.363
2025-12-10 20:00:00,0.0,0.0,-3.912
2025-12-10 21:00:00,0.0,0.0,-0.555
2025-12-10 22:00:00,0.0,0.0,-4.378
2025-12-10 23:00:00,0.0,0.0,0.0
2025-12-11 00:00:00,0.0,0.0,0.0
2025-12-11 01:00:00,0.0,0.0,0.0
2025-12-11 02:00:00,0.0,0.0,0.0
2025-12-11 03:00:00,0.0,0.0,0.0
2025-12-11 04:00:00,0.0,0.0,0.0
2025-12-11 05:00:00,0.0,0.0,0.0
2025-12-11 06:00:00,0.0,0.0,0.0
2025-12-11 07:00:00,3.697,3.025,0.0
2025-12-11 08:00:00,9.779,8.001,0.0
2025-12-11 09:00:00,14.941,12.225,0.0
2025-12-11 10:00:00,16.773,13.724,0.42
2025-12-11 11:00:00,16.155,13.217,5.216
2025-12-11 12:00:00,15.486,12.671,2.987
2025-12-11 13:00:00,20.491,16.765,2.826
2025-12-11 14:00:00,11.978,9.8,0.355
2025-12-11 15:00:00,13.36,10.931,4.264
2025-12-11 16:00:00,8.632,7.063,0.0
2025-12-11 17:00:00,5.14,4.205,0.0
2025-12-11 18:00:00,0.0,0.0,-3.001
2025-12-11 19:00:00,0.0,0.0,-3.57
2025-12-11 20:00:00,0.0,0.0,-2.944
2025-12-11 21:00:00,0.0,0.0,-0.766
2025-12-11 22:00:00,0.0,0.0,-3.647
2025-12-11 23:00:00,0.0,0.0,0.0
2025-12-12 00:00:00,0.0,0.0,0.0
2025-12-12 01:00:00,0.0,0.0,0.0
2025-12-12 02:00:00,0.0,0.0,0.0
2025-12-12 03:00:00,0.0,0.0,0.0
2025-12-12 04:00:00,0.0,0.0,0.0
2025-12-12 05:00:00,0.0,0.0,0.0
2025-12-12 06:00:00,0.0,0.0,0.0
2025-12-12 07:00:00,3.869,3.165,0.0
2025-12-12 08:00:00,7.944,6.5,0.0
2025-12-12 09:00:00,9.107,7.451,0.0
2025-12-12 10:00:00,18.213,14.902,3.101
2025-12-12 11:00:00,18.33,14.997,0.094
2025-12-12 12:00:00,16.514,13.511,4.036
2025-12-12 13:00:00,18.33,14.997,4.27
2025-12-12 14:00:00,15.464,12.653,4.419
2025-12-12 15:00:00,13.113,10.729,1.69
2025-12-12 16:00:00,10.549,8.631,0.0
2025-12-12 17:00:00,4.261,3.486,0.0
2025-12-12 18:00:00,0.0,0.0,-4.498
2025-12-12 19:00:00,0.0,0.0,-3.35
2025-12-12 20:00:00,0.0,0.0,-3.573
2025-12-12 21:00:00,0.0,0.0,-0.512
2025-12-12 22:00:00,0.0,0.0,-4.557
2025-12-12 23:00:00,0.0,0.0,0.0
2025-12-13 00:00:00,0.0,0.0,0.0
2025-12-13 01:00:00,0.0,0.0,0.0
2025-12-13 02:00:00,0.0,0.0,0.0
2025-12-13 03:00:00,0.0,0.0,0.0
2025-12-13 04:00:00,0.0,0.0,0.0
2025-12-13 05:00:00,0.0,0.0,0.0
2025-12-13 06:00:00,0.0,0.0,0.0
2025-12-13 07:00:00,5.332,4.362,0.0
2025-12-13 08:00:00,7.074,5.788,0.0
2025-12-13 09:00:00,9.278,7.591,0.0
2025-12-13 10:00:00,11.157,9.129,5.996
2025-12-13 11:00:00,19.358,15.838,3.015
2025-12-13 12:00:00,18.774,15.361,4.053
2025-12-13 13:00:00,16.497,13.498,3.693
2025-12-13 14:00:00,17.998,14.726,4.44
2025-12-13 15:00:00,11.541,9.443,4.547
2025-12-13 16:00:00,7.827,6.404,0.0
2025-12-13 17:00:00,5.367,4.391,0.0
2025-12-13 18:00:00,0.0,0.0,-1.708
2025-12-13 19:00:00,0.0,0.0,-1.417
2025-12-13 20:00:00,0.0,0.0,-3.17
2025-12-13 21:00:00,0.0,0.0,-0.865
2025-12-13 22:00:00,0.0,0.0,-0.221
2025-12-13 23:00:00,0.0,0.0,0.0
2025-12-14 00:00:00,0.0,0.0,0.0
2025-12-14 01:00:00,0.0,0.0,0.0
2025-12-14 02:00:00,0.0,0.0,0.0
2025-12-14 03:00:00,0.0,0.0,0.0
2025-12-14 04:00:00,0.0,0.0,0.0
2025-12-14 05:00:00,0.0,0.0,0.0
2025-12-14 06:00:00,0.0,0.0,0.0
2025-12-14 07:00:00,5.434,4.446,0.0
2025-12-14 08:00:00,10.475,8.571,0.0
2025-12-14 09:00:00,14.882,12.176,0.0
2025-12-14 10:00:00,13.865,11.344,5.602
2025-12-14 11:00:00,19.59,16.028,0.283
2025-12-14 12:00:00,17.421,14.253,5.099
2025-12-14 13:00:00,12.861,10.523,0.4
2025-12-14 14:00:00,17.279,14.137,4.726
2025-12-14 15:00:00,13.653,11.171,1.937
2025-12-14 16:00:00,9.982,8.167,0.0
2025-12-14 17:00:00,4.196,3.433,0.0
2025-12-14 18:00:00,0.0,0.0,-0.186
2025-12-14 19:00:00,0.0,0.0,-0.98
2025-12-14 20:00:00,0.0,0.0,-2.412
2025-12-14 21:00:00,0.0,0.0,-2.494
2025-12-14 22:00:00,0.0,0.0,-2.201
2025-12-14 23:00:00,0.0,0.0,0.0
2025-12-15 00:00:00,0.0,0.0,0.0
2025-12-15 01:00:00,0.0,0.0,0.0
2025-12-15 02:00:00,0.0,0.0,0.0
2025-12-15 03:00:00,0.0,0.0,0.0
2025-12-15 04:00:00,0.0,0.0,0.0
2025-12-15 05:00:00,0.0,0.0,0.0
2025-12-15 06:00:00,0.0,0.0,0.0
2025-12-15 07:00:00,5.008,4.098,0.0
2025-12-15 08:00:00,9.897,8.098,0.0
2025-12-15 09:00:00,13.734,11.237,0.0
2025-12-15 10:00:00,16.477,13.481,3.356
2025-12-15 11:00:00,14.306,11.705,5.247
2025-12-15 12:00:00,14.781,12.094,2.132
2025-12-15 13:00:00,20.103,16.448,3.217
2025-12-15 14:00:00,12.248,10.021,4.041
2025-12-15 15:00:00,12.509,10.235,0.361
2025-12-15 16:00:00,10.059,8.23,0.0
2025-12-15 17:00:00,4.54,3.715,0.0
2025-12-15 18:00:00,0.0,0.0,-1.759
2025-12-15 19:00:00,0.0,0.0,-2.997
2025-12-15 20:00:00,0.0,0.0,-1.279
2025-12-15 21:00:00,0.0,0.0,-0.617
2025-12-15 22:00:00,0.0,0.0,-3.906
2025-12-15 23:00:00,0.0,0.0,0.0
2025-12-16 00:00:00,0.0,0.0,0.0
2025-12-16 01:00:00,0.0,0.0,0.0
2025-12-16 02:00:00,0.0,0.0,0.0
2025-12-16 03:00:00,0.0,0.0,0.0
2025-12-16 04:00:00,0.0,0.0,0.0
2025-12-16 05:00:00,0.0,0.0,0.0
2025-12-16 06:00:00,0.0,0.0,0.0
2025-12-16 07:00:00,3.336,2.729,0.0
2025-12-16 08:00:00,7.777,6.363,0.0
2025-12-16 09:00:00,12.876,10.535,0.0
2025-12-16 10:00:00,17.71,14.49,1.713
2025-12-16 11:00:00,17.056,13.955,0.912
2025-12-16 12:00:00,20.602,16.856,0.768
2025-12-16 13:00:00,16.563,13.552,5.389
2025-12-16 14:00:00,17.937,14.676,1.993
2025-12-16 15:00:00,11.726,9.594,4.185
2025-12-16 16:00:00,6.724,5.501,0.0
2025-12-16 17:00:00,5.173,4.233,0.0
2025-12-16 18:00:00,0.0,0.0,-2.361
2025-12-16 19:00:00,0.0,0.0,-3.793
2025-12-16 20:00:00,0.0,0.0,-1.276
2025-12-16 21:00:00,0.0,0.0,-3.215
2025-12-16 22:00:00,0.0,0.0,-1.12
2025-12-16 23:00:00,0.0,0.0,0.0
2025-12-17 00:00:00,0.0,0.0,0.0
2025-12-17 01:00:00,0.0,0.0,0.0
2025-12-17 02:00:00,0.0,0.0,0.0
2025-12-17 03:00:00,0.0,0.0,0.0
2025-12-17 04:00:00,0.0,0.0,0.0
2025-12-17 05:00:00,0.0,0.0,0.0
2025-12-17 06:00:00,0.0,0.0,0.0
2025-12-17 07:00:00,5.274,4.315,0.0
2025-12-17 08:00:00,7.422,6.073,0.0
2025-12-17 09:00:00,10.913,8.929,0.0
2025-12-17 10:00:00,14.716,12.041,1.566
2025-12-17 11:00:00,15.95,13.05,3.55
2025-12-17 12:00:00,15.081,12.339,1.619
2025-12-17 13:00:00,12.64,10.342,2.453
2025-12-17 14:00:00,16.409,13.426,3.386
2025-12-17 15:00:00,13.815,11.303,3.446
2025-12-17 16:00:00,10.697,8.752,0.0
2025-12-17 17:00:00,3.691,3.02,0.0
2025-12-17 18:00:00,0.0,0.0,-3.335
2025-12-17 19:00:00,0.0,0.0,-3.602
2025-12-17 20:00:00,0.0,0.0,-3.629
2025-12-17 21:00:00,0.0,0.0,-0.319
2025-12-17 22:00:00,0.0,0.0,-0.513
2025-12-17 23:00:00,0.0,0.0,0.0
2025-12-18 00:00:00,0.0,0.0,0.0
2025-12-18 01:00:00,0.0,0.0,0.0
2025-12-18 02:00:00,0.0,0.0,0.0
2025-12-18 03:00:00,0.0,0.0,0.0
2025-12-18 04:00:00,0.0,0.0,0.0
2025-12-18 05:00:00,0.0,0.0,0.0
2025-12-18 06:00:00,0.0,0.0,0.0
2025-12-18 07:00:00,3.996,3.269,0.0
2025-12-18 08:00:00,7.636,6.247,0.0
2025-12-18 09:00:00,14.235,11.647,0.0
2025-12-18 10:00:00,15.054,12.317,3.566
2025-12-18 11:00:00,17.082,13.976,0.313
2025-12-18 12:00:00,16.424,13.438,4.359
2025-12-18 13:00:00,20.034,16.391,5.284
2025-12-18 14:00:00,12.072,9.877,5.791
2025-12-18 15:00:00,11.915,9.749,0.357
2025-12-18 16:00:00,7.892,6.457,0.0
2025-12-18 17:00:00,4.812,3.937,0.0
2025-12-18 18:00:00,0.0,0.0,-1.791
2025-12-18 19:00:00,0.0,0.0,-3.381
2025-12-18 20:00:00,0.0,0.0,-1.405
2025-12-18 21:00:00,0.0,0.0,-1.008
2025-12-18 22:00:00,0.0,0.0,-2.429
2025-12-18 23:00:00,0.0,0.0,0.0
2025-12-19 00:00:00,0.0,0.0,0.0
2025-12-19 01:00:00,0.0,0.0,0.0
2025-12-19 02:00:00,0.0,0.0,0.0
2025-12-19 03:00:00,0.0,0.0,0.0
2025-12-19 04:00:00,0.0,0.0,0.0
2025-12-19 05:00:00,0.0,0.0,0.0
2025-12-19 06:00:00,0.0,0.0,0.0
2025-12-19 07:00:00,4.204,3.439,0.0
2025-12-19 08:00:00,9.97,8.157,0.0
2025-12-19 09:00:00,13.975,11.434,0.0
2025-12-19 10:00:00,17.856,14.61,3.864
2025-12-19 11:00:00,15.322,12.536,0.659
2025-12-19 12:00:00,21.141,17.297,2.408
2025-12-19 13:00:00,14.297,11.698,3.515
2025-12-19 14:00:00,15.035,12.301,5.193
2025-12-19 15:00:00,14.602,11.947,2.307
2025-12-19 16:00:00,7.047,5.765,0.0
2025-12-19 17:00:00,4.212,3.446,0.0
2025-12-19 18:00:00,0.0,0.0,-4.677
2025-12-19 19:00:00,0.0,0.0,-0.808
2025-12-19 20:00:00,0.0,0.0,-3.524
2025-12-19 21:00:00,0.0,0.0,-4.802
2025-12-19 22:00:00,0.0,0.0,-0.686
2025-12-19 23:00:00,0.0,0.0,0.0
2025-12-20 00:00:00,0.0,0.0,0.0
2025-12-20 01:00:00,0.0,0.0,0.0
2025-12-20 02:00:00,0.0,0.0,0.0
2025-12-20 03:00:00,0.0,0.0,0.0
2025-12-20 04:00:00,0.0,0.0,0.0
2025-12-20 05:00:00,0.0,0.0,0.0
2025-12-20 06:00:00,0.0,0.0,0.0
2025-12-20 07:00:00,5.099,4.172,0.0
2025-12-20 08:00:00,8.423,6.891,0.0
2025-12-20 09:00:00,11.121,9.099,0.0
2025-12-20 10:00:00,13.966,11.426,2.857
2025-12-20 11:00:00,18.089,14.8,5.125
2025-12-20 12:00:00,21.258,17.393,2.759
2025-12-20 13:00:00,17.679,14.464,5.949
2025-12-20 14:00:00,18.17,14.866,3.891
2025-12-20 15:00:00,12.167,9.955,3.048
2025-12-20 16:00:00,8.914,7.293,0.0
2025-12-20 17:00:00,5.283,4.323,0.0
2025-12-20 18:00:00,0.0,0.0,-4.988
2025-12-20 19:00:00,0.0,0.0,-1.407
2025-12-20 20:00:00,0.0,0.0,-0.529
2025-12-20 21:00:00,0.0,0.0,-4.74
2025-12-20 22:00:00,0.0,0.0,-1.935
2025-12-20 23:00:00,0.0,0.0,0.0
2025-12-21 00:00:00,0.0,0.0,0.0
2025-12-21 01:00:00,0.0,0.0,0.0
2025-12-21 02:00:00,0.0,0.0,0.0
2025-12-21 03:00:00,0.0,0.0,0.0
2025-12-21 04:00:00,0.0,0.0,0.0
2025-12-21 05:00:00,0.0,0.0,0.0
2025-12-21 06:00:00,0.0,0.0,0.0
2025-12-21 07:00:00,5.149,4.213,0.0
2025-12-21 08:00:00,10.648,8.712,0.0
2025-12-21 09:00:00,14.97,12.249,0.0
2025-12-21 10:00:00,14.46,11.831,1.782
2025-12-21 11:00:00,14.036,11.484,1.619
2025-12-21 12:00:00,17.439,14.268,5.64
2025-12-21 13:00:00,20.293,16.603,4.523
2025-12-21 14:00:00,16.218,13.269,0.678
2025-12-21 15:00:00,14.128,11.559,5.896
2025-12-21 16:00:00,10.603,8.675,0.0
2025-12-21 17:00:00,5.418,4.433,0.0
2025-12-21 18:00:00,0.0,0.0,-0.802
2025-12-21 19:00:00,0.0,0.0,-2.238
2025-12-21 20:00:00,0.0,0.0,-3.57
2025-12-21 21:00:00,0.0,0.0,-4.436
2025-12-21 22:00:00,0.0,0.0,-0.461
2025-12-21 23:00:00,0.0,0.0,0.0
2025-12-22 00:00:00,0.0,0.0,0.0
2025-12-22 01:00:00,0.0,0.0,0.0
2025-12-22 02:00:00,0.0,0.0,0.0
2025-12-22 03:00:00,0.0,0.0,0.0
2025-12-22 04:00:00,0.0,0.0,0.0
2025-12-22 05:00:00,0.0,0.0,0.0
2025-12-22 06:00:00,0.0,0.0,0.0
2025-12-22 07:00:00,5.166,4.227,0.0
2025-12-22 08:00:00,8.367,6.846,0.0
2025-12-22 09:00:00,11.114,9.093,0.0
2025-12-22 10:00:00,12.047,9.856,5.406
2025-12-22 11:00:00,20.152,16.488,0.26
2025-12-22 12:00:00,14.247,11.657,0.066
2025-12-22 13:00:00,15.113,12.366,0.019
2025-12-22 14:00:00,18.424,15.074,4.444
2025-12-22 15:00:00,12.431,10.171,4.498
2025-12-22 16:00:00,10.651,8.715,0.0
2025-12-22 17:00:00,3.574,2.924,0.0
2025-12-22 18:00:00,0.0,0.0,-3.661
2025-12-22 19:00:00,0.0,0.0,-1.632
2025-12-22 20:00:00,0.0,0.0,-3.441
2025-12-22 21:00:00,0.0,0.0,-1.133
2025-12-22 22:00:00,0.0,0.0,-2.248
2025-12-22 23:00:00,0.0,0.0,0.0
2025-12-23 00:00:00,0.0,0.0,0.0
2025-12-23 01:00:00,0.0,0.0,0.0
2025-12-23 02:00:00,0.0,0.0,0.0
2025-12-23 03:00:00,0.0,0.0,0.0
2025-12-23 04:00:00,0.0,0.0,0.0
2025-12-23 05:00:00,0.0,0.0,0.0
2025-12-23 06:00:00,0.0,0.0,0.0
2025-12-23 07:00:00,4.422,3.618,0.0
2025-12-23 08:00:00,9.503,7.775,0.0
2025-12-23 09:00:00,14.854,12.153,0.0
2025-12-23 10:00:00,16.572,13.559,2.051
2025-12-23 11:00:00,14.061,11.504,2.727
2025-12-23 12:00:00,18.186,14.88,3.739
2025-12-23 13:00:00,20.326,16.63,1.515
2025-12-23 14:00:00,14.725,12.048,2.643
2025-12-23 15:00:00,12.626,10.33,2.394
2025-12-23 16:00:00,10.473,8.569,0.0
2025-12-23 17:00:00,5.241,4.288,0.0
2025-12-23 18:00:00,0.0,0.0,-4.165
2025-12-23 19:00:00,0.0,0.0,-3.611
2025-12-23 20:00:00,0.0,0.0,-4.912
2025-12-23 21:00:00,0.0,0.0,-0.413
2025-12-23 22:00:00,0.0,0.0,-0.799
2025-12-23 23:00:00,0.0,0.0,0.0
2025-12-24 00:00:00,0.0,0.0,0.0
2025-12-24 01:00:00,0.0,0.0,0.0
2025-12-24 02:00:00,0.0,0.0,0.0
2025-12-24 03:00:00,0.0,0.0,0.0
2025-12-24 04:00:00,0.0,0.0,0.0
2025-12-24 05:00:00,0.0,0.0,0.0
2025-12-24 06:00:00,0.0,0.0,0.0
2025-12-24 07:00:00,4.6,3.763,0.0
2025-12-24 08:00:00,10.187,8.335,0.0
2025-12-24 09:00:00,15.227,12.459,0.0
2025-12-24 10:00:00,16.493,13.494,5.106
2025-12-24 11:00:00,14.62,11.962,5.131
2025-12-24 12:00:00,13.791,11.283,1.07
2025-12-24 13:00:00,16.484,13.487,1.18
2025-12-24 14:00:00,17.633,14.427,1.079
2025-12-24 15:00:00,12.873,10.532,4.77
2025-12-24 16:00:00,10.045,8.219,0.0
2025-12-24 17:00:00,4.944,4.045,0.0
2025-12-24 18:00:00,0.0,0.0,-3.387
2025-12-24 19:00:00,0.0,0.0,-2.909
2025-12-24 20:00:00,0.0,0.0,-3.906
2025-12-24 21:00:00,0.0,0.0,-2.136
2025-12-24 22:00:00,0.0,0.0,-3.387
2025-12-24 23:00:00,0.0,0.0,0.0
2025-12-25 00:00:00,0.0,0.0,0.0
2025-12-25 01:00:00,0.0,0.0,0.0
2025-12-25 02:00:00,0.0,0.0,0.0
2025-12-25 03:00:00,0.0,0.0,0.0
2025-12-25 04:00:00,0.0,0.0,0.0
2025-12-25 05:00:00,0.0,0.0,0.0
2025-12-25 06:00:00,0.0,0.0,0.0
2025-12-25 07:00:00,4.23,3.461,0.0
2025-12-25 08:00:00,8.478,6.936,0.0
2025-12-25 09:00:00,9.911,8.109,0.0
2025-12-25 10:00:00,15.37,12.576,2.431
2025-12-25 11:00:00,14.876,12.171,0.566
2025-12-25 12:00:00,16.725,13.684,0.957
2025-12-25 13:00:00,17.098,13.989,0.882
2025-12-25 14:00:00,16.361,13.387,1.356
2025-12-25 15:00:00,12.555,10.272,1.754
2025-12-25 16:00:00,6.812,5.573,0.0
2025-12-25 17:00:00,4.992,4.084,0.0
2025-12-25 18:00:00,0.0,0.0,-1.367
2025-12-25 19:00:00,0.0,0.0,-4.137
2025-12-25 20:00:00,0.0,0.0,-0.726
2025-12-25 21:00:00,0.0,0.0,-4.96
2025-12-25 22:00:00,0.0,0.0,-2.703
2025-12-25 23:00:00,0.0,0.0,0.0
2025-12-26 00:00:00,0.0,0.0,0.0
2025-12-26 01:00:00,0.0,0.0,0.0
2025-12-26 02:00:00,0.0,0.0,0.0
2025-12-26 03:00:00,0.0,0.0,0.0
2025-12-26 04:00:00,0.0,0.0,0.0
2025-12-26 05:00:00,0.0,0.0,0.0
2025-12-26 06:00:00,0.0,0.0,0.0
2025-12-26 07:00:00,4.43,3.625,0.0
2025-12-26 08:00:00,8.494,6.95,0.0
2025-12-26 09:00:00,9.86,8.067,0.0
2025-12-26 10:00:00,16.806,13.75,0.658
2025-12-26 11:00:00,13.437,10.994,2.687
2025-12-26 12:00:00,16.633,13.608,1.169
2025-12-26 13:00:00,19.781,16.184,3.067
2025-12-26 14:00:00,12.388,10.136,3.951
2025-12-26 15:00:00,11.789,9.645,1.81
2025-12-26 16:00:00,7.715,6.312,0.0
2025-12-26 17:00:00,3.416,2.795,0.0
2025-12-26 18:00:00,0.0,0.0,-3.437
2025-12-26 19:00:00,0.0,0.0,-4.15
2025-12-26 20:00:00,0.0,0.0,-0.467
2025-12-26 21:00:00,0.0,0.0,-1.687
2025-12-26 22:00:00,0.0,0.0,-4.042
2025-12-26 23:00:00,0.0,0.0,0.0
2025-12-27 00:00:00,0.0,0.0,0.0
2025-12-27 01:00:00,0.0,0.0,0.0
2025-12-27 02:00:00,0.0,0.0,0.0
2025-12-27 03:00:00,0.0,0.0,0.0
2025-12-27 04:00:00,0.0,0.0,0.0
2025-12-27 05:00:00,0.0,0.0,0.0
2025-12-27 06:00:00,0.0,0.0,0.0
2025-12-27 07:00:00,4.986,4.08,0.0
2025-12-27 08:00:00,9.099,7.445,0.0
2025-12-27 09:00:00,15.156,12.401,0.0
2025-12-27 10:00:00,17.029,13.933,3.938
2025-12-27 11:00:00,14.576,11.925,5.076
2025-12-27 12:00:00,14.263,11.67,5.623
2025-12-27 13:00:00,20.709,16.944,1.29
2025-12-27 14:00:00,15.937,13.039,1.576
2025-12-27 15:00:00,14.662,11.996,3.212
2025-12-27 16:00:00,8.507,6.961,0.0
2025-12-27 17:00:00,5.129,4.196,0.0
2025-12-27 18:00:00,0.0,0.0,-3.195
2025-12-27 19:00:00,0.0,0.0,-2.22
2025-12-27 20:00:00,0.0,0.0,-3.711
2025-12-27 21:00:00,0.0,0.0,-2.759
2025-12-27 22:00:00,0.0,0.0,-3.82
2025-12-27 23:00:00,0.0,0.0,0.0
2025-12-28 00:00:00,0.0,0.0,0.0
2025-12-28 01:00:00,0.0,0.0,0.0
2025-12-28 02:00:00,0.0,0.0,0.0
2025-12-28 03:00:00,0.0,0.0,0.0
2025-12-28 04:00:00,0.0,0.0,0.0
2025-12-28 05:00:00,0.0,0.0,0.0
2025-12-28 06:00:00,0.0,0.0,0.0
2025-12-28 07:00:00,5.513,4.511,0.0
2025-12-28 08:00:00,8.365,6.844,0.0
2025-12-28 09:00:00,10.075,8.243,0.0
2025-12-28 10:00:00,13.26,10.849,5.359
2025-12-28 11:00:00,15.294,12.513,3.663
2025-12-28 12:00:00,16.247,13.293,3.889
2025-12-28 13:00:00,18.539,15.168,1.138
2025-12-28 14:00:00,13.757,11.256,0.964
2025-12-28 15:00:00,15.116,12.368,3.41
2025-12-28 16:00:00,10.688,8.745,0.0
2025-12-28 17:00:00,4.309,3.525,0.0
2025-12-28 18:00:00,0.0,0.0,-0.09
2025-12-28 19:00:00,0.0,0.0,-3.258
2025-12-28 20:00:00,0.0,0.0,-0.966
2025-12-28 21:00:00,0.0,0.0,-1.99
2025-12-28 22:00:00,0.0,0.0,-0.362
2025-12-28 23:00:00,0.0,0.0,0.0
2025-12-29 00:00:00,0.0,0.0,0.0
2025-12-29 01:00:00,0.0,0.0,0.0
2025-12-29 02:00:00,0.0,0.0,0.0
2025-12-29 03:00:00,0.0,0.0,0.0
2025-12-29 04:00:00,0.0,0.0,0.0
2025-12-29 05:00:00,0.0,0.0,0.0
2025-12-29 06:00:00,0.0,0.0,0.0
2025-12-29 07:00:00,3.844,3.145,0.0
2025-12-29 08:00:00,8.556,7.0,0.0
2025-12-29 09:00:00,9.502,7.774,0.0
2025-12-29 10:00:00,13.814,11.302,3.989
2025-12-29 11:00:00,14.858,12.156,3.355
2025-12-29 12:00:00,14.264,11.67,1.393
2025-12-29 13:00:00,15.189,12.427,4.243
2025-12-29 14:00:00,17.923,14.664,5.408
2025-12-29 15:00:00,10.623,8.691,4.792
2025-12-29 16:00:00,9.319,7.624,0.0
2025-12-29 17:00:00,4.626,3.785,0.0
2025-12-29 18:00:00,0.0,0.0,-0.717
2025-12-29 19:00:00,0.0,0.0,-3.447
2025-12-29 20:00:00,0.0,0.0,-0.796
2025-12-29 21:00:00,0.0,0.0,-4.301
2025-12-29 22:00:00,0.0,0.0,-3.862
2025-12-29 23:00:00,0.0,0.0,0.0
2025-12-30 00:00:00,0.0,0.0,0.0
2025-12-30 01:00:00,0.0,0.0,0.0
2025-12-30 02:00:00,0.0,0.0,0.0
2025-12-30 03:00:00,0.0,0.0,0.0
2025-12-30 04:00:00,0.0,0.0,0.0
2025-12-30 05:00:00,0.0,0.0,0.0
2025-12-30 06:00:00,0.0,0.0,0.0
2025-12-30 07:00:00,4.385,3.588,0.0
2025-12-30 08:00:00,7.682,6.285,0.0
2025-12-30 09:00:00,9.293,7.603,0.0
2025-12-30 10:00:00,14.384,11.769,3.693
2025-12-30 11:00:00,20.165,16.498,3.619
2025-12-30 12:00:00,21.671,17.731,4.008
2025-12-30 13:00:00,17.806,14.569,5.398
2025-12-30 14:00:00,13.1,10.718,4.159
2025-12-30 15:00:00,14.974,12.251,5.917
2025-12-30 16:00:00,8.351,6.833,0.0
2025-12-30 17:00:00,4.288,3.508,0.0
2025-12-30 18:00:00,0.0,0.0,-4.839
2025-12-30 19:00:00,0.0,0.0,-1.702
2025-12-30 20:00:00,0.0,0.0,-3.769
2025-12-30 21:00:00,0.0,0.0,-4.545
2025-12-30 22:00:00,0.0,0.0,-2.703
2025-12-30 23:00:00,0.0,0.0,0.0
2025-12-31 00:00:00,0.0,0.0,0.0
2025-12-31 01:00:00,0.0,0.0,0.0
2025-12-31 02:00:00,0.0,0.0,0.0
2025-12-31 03:00:00,0.0,0.0,0.0
2025-12-31 04:00:00,0.0,0.0,0.0
2025-12-31 05:00:00,0.0,0.0,0.0
2025-12-31 06:00:00,0.0,0.0,0.0
2025-12-31 07:00:00,3.722,3.045,0.0
2025-12-31 08:00:00,10.816,8.85,0.0
2025-12-31 09:00:00,11.54,9.442,0.0
2025-12-31 10:00:00,15.379,12.582,1.639
2025-12-31 11:00:00,19.957,16.328,3.666
2025-12-31 12:00:00,17.825,14.584,5.354
2025-12-31 13:00:00,13.401,10.965,4.859
2025-12-31 14:00:00,17.678,14.464,5.878
2025-12-31 15:00:00,10.617,8.686,5.51
2025-12-31 16:00:00,7.921,6.481,0.0
2025-12-31 17:00:00,4.091,3.347,0.0
2025-12-31 18:00:00,0.0,0.0,-4.28
2025-12-31 19:00:00,0.0,0.0,-2.508
2025-12-31 20:00:00,0.0,0.0,-2.166
2025-12-31 21:00:00,0.0,0.0,-4.823
2025-12-31 22:00:00,0.0,0.0,-3.442
2025-12-31 23:00:00,0.0,0.0,0.0
